masculine_word,singular,full_suffix_middot,full_suffix_paren,full_suffix_paren-hyphen,full_suffix_dot,full_suffix_brackets,full_suffix_brackets-hyphen,full_suffix_slash,full_suffix_middot_sg,full_suffix_paren_sg,full_suffix_paren-hyphen_sg,full_suffix_dot_sg,full_suffix_brackets_sg,full_suffix_brackets-hyphen_sg,full_suffix_slash_sg,full_suffix_middot_pl2,full_suffix_dot_pl2,full_suffix_slash_pl2
abonnés,abonné,abonné·es,abonné(e)s,abonné(e)s,abonné.es,abonné[e]s,abonné[e]s,abonné/es,abonné·e,abonné(e),abonné(e),abonné.e,abonné[e],abonné[e],abonné/e,abonné·e·s,abonné.e.s,abonné/e/s
académiciens,académicien,académicien·nes,académicien(ne)s,académicien(ne)s,académicien.nes,académicien[ne]s,académicien[ne]s,académicien/nes,académicien·ne,académicien(ne),académicien(ne),académicien.ne,académicien[ne],académicien[ne],académicien/ne,académicien·ne·s,académicien.ne.s,académicien/ne/s
accompagnateurs,accompagnateur,accompagnateur·ices,accompagnateur(ice)s,accompagnateur(-ice)s,accompagnateur.ices,accompagnateur[ice]s,accompagnateur[-ice]s,accompagnateur/ices,accompagnateur·ice,accompagnateur(ice),accompagnateur(-ice),accompagnateur.ice,accompagnateur[ice],accompagnateur[-ice],accompagnateur/ice,accompagnateur·ice·s,accompagnateur.ice.s,accompagnateur/ice/s
accoucheurs,accoucheur,accoucheur·euses,accoucheur(euse)s,accoucheur(-euse)s,accoucheur.euses,accoucheur[euse]s,accoucheur[-euse]s,accoucheur/euses,accoucheur·euse,accoucheur(euse),accoucheur(-euse),accoucheur.euse,accoucheur[euse],accoucheur[-euse],accoucheur/euse,accoucheur·euse·s,accoucheur.euse.s,accoucheur/euse/s
accusés,accusé,accusé·es,accusé(e)s,accusé(e)s,accusé.es,accusé[e]s,accusé[e]s,accusé/es,accusé·e,accusé(e),accusé(e),accusé.e,accusé[e],accusé[e],accusé/e,accusé·e·s,accusé.e.s,accusé/e/s
acheteurs,acheteur,acheteur·euses,acheteur(euse)s,acheteur(-euse)s,acheteur.euses,acheteur[euse]s,acheteur[-euse]s,acheteur/euses,acheteur·euse,acheteur(euse),acheteur(-euse),acheteur.euse,acheteur[euse],acheteur[-euse],acheteur/euse,acheteur·euse·s,acheteur.euse.s,acheteur/euse/s
acteurs,acteur,acteur·ices,acteur(ice)s,acteur(-ice)s,acteur.ices,acteur[ice]s,acteur[-ice]s,acteur/ices,acteur·ice,acteur(ice),acteur(-ice),acteur.ice,acteur[ice],acteur[-ice],acteur/ice,acteur·ice·s,acteur.ice.s,acteur/ice/s
actifs,actif,actif·ives,actif(ive)s,actif(-ive)s,actif.ives,actif[ive]s,actif[-ive]s,actif/ives,actif·ive,actif(ive),actif(-ive),actif.ive,actif[ive],actif[-ive],actif/ive,actif·ive·s,actif.ive.s,actif/ive/s
adjoints,adjoint,adjoint·es,adjoint(e)s,adjoint(e)s,adjoint.es,adjoint[e]s,adjoint[e]s,adjoint/es,adjoint·e,adjoint(e),adjoint(e),adjoint.e,adjoint[e],adjoint[e],adjoint/e,adjoint·e·s,adjoint.e.s,adjoint/e/s
administrateurs,administrateur,administrateur·ices,administrateur(ice)s,administrateur(-ice)s,administrateur.ices,administrateur[ice]s,administrateur[-ice]s,administrateur/ices,administrateur·ice,administrateur(ice),administrateur(-ice),administrateur.ice,administrateur[ice],administrateur[-ice],administrateur/ice,administrateur·ice·s,administrateur.ice.s,administrateur/ice/s
admirateurs,admirateur,admirateur·ices,admirateur(ice)s,admirateur(-ice)s,admirateur.ices,admirateur[ice]s,admirateur[-ice]s,admirateur/ices,admirateur·ice,admirateur(ice),admirateur(-ice),admirateur.ice,admirateur[ice],admirateur[-ice],admirateur/ice,admirateur·ice·s,admirateur.ice.s,admirateur/ice/s
adolescents,adolescent,adolescent·es,adolescent(e)s,adolescent(e)s,adolescent.es,adolescent[e]s,adolescent[e]s,adolescent/es,adolescent·e,adolescent(e),adolescent(e),adolescent.e,adolescent[e],adolescent[e],adolescent/e,adolescent·e·s,adolescent.e.s,adolescent/e/s
adoptants,adoptant,adoptant·es,adoptant(e)s,adoptant(e)s,adoptant.es,adoptant[e]s,adoptant[e]s,adoptant/es,adoptant·e,adoptant(e),adoptant(e),adoptant.e,adoptant[e],adoptant[e],adoptant/e,adoptant·e·s,adoptant.e.s,adoptant/e/s
agriculteurs,agriculteur,agriculteur·ices,agriculteur(ice)s,agriculteur(-ice)s,agriculteur.ices,agriculteur[ice]s,agriculteur[-ice]s,agriculteur/ices,agriculteur·ice,agriculteur(ice),agriculteur(-ice),agriculteur.ice,agriculteur[ice],agriculteur[-ice],agriculteur/ice,agriculteur·ice·s,agriculteur.ice.s,agriculteur/ice/s
aidants,aidant,aidant·es,aidant(e)s,aidant(e)s,aidant.es,aidant[e]s,aidant[e]s,aidant/es,aidant·e,aidant(e),aidant(e),aidant.e,aidant[e],aidant[e],aidant/e,aidant·e·s,aidant.e.s,aidant/e/s
aînés,aîné,aîné·es,aîné(e)s,aîné(e)s,aîné.es,aîné[e]s,aîné[e]s,aîné/es,aîné·e,aîné(e),aîné(e),aîné.e,aîné[e],aîné[e],aîné/e,aîné·e·s,aîné.e.s,aîné/e/s
alliés,allié,allié·es,allié(e)s,allié(e)s,allié.es,allié[e]s,allié[e]s,allié/es,allié·e,allié(e),allié(e),allié.e,allié[e],allié[e],allié/e,allié·e·s,allié.e.s,allié/e/s
amants,amant,amant·es,amant(e)s,amant(e)s,amant.es,amant[e]s,amant[e]s,amant/es,amant·e,amant(e),amant(e),amant.e,amant[e],amant[e],amant/e,amant·e·s,amant.e.s,amant/e/s
amateurs,amateur,amateur·ices,amateur(ice)s,amateur(-ice)s,amateur.ices,amateur[ice]s,amateur[-ice]s,amateur/ices,amateur·ice,amateur(ice),amateur(-ice),amateur.ice,amateur[ice],amateur[-ice],amateur/ice,amateur·ice·s,amateur.ice.s,amateur/ice/s
ambassadeurs,ambassadeur,ambassadeur·euses,ambassadeur(euse)s,ambassadeur(-euse)s,ambassadeur.euses,ambassadeur[euse]s,ambassadeur[-euse]s,ambassadeur/euses,ambassadeur·euse,ambassadeur(euse),ambassadeur(-euse),ambassadeur.euse,ambassadeur[euse],ambassadeur[-euse],ambassadeur/euse,ambassadeur·euse·s,ambassadeur.euse.s,ambassadeur/euse/s
ambulanciers,ambulancier,ambulancier·ères,ambulancier(ère)s,ambulancier(-ère)s,ambulancier.ères,ambulancier[ère]s,ambulancier[-ère]s,ambulancier/ères,ambulancier·ère,ambulancier(ère),ambulancier(-ère),ambulancier.ère,ambulancier[ère],ambulancier[-ère],ambulancier/ère,ambulancier·ère·s,ambulancier.ère.s,ambulancier/ère/s
amis,ami,ami·es,ami(e)s,ami(e)s,ami.es,ami[e]s,ami[e]s,ami/es,ami·e,ami(e),ami(e),ami.e,ami[e],ami[e],ami/e,ami·e·s,ami.e.s,ami/e/s
amoureux,amoureux,amoureux·ses,amoureux(se)s,amoureux(se)s,amoureux.ses,amoureux[se]s,amoureux[se]s,amoureux/ses,amoureux·se,amoureux(se),amoureux(se),amoureux.se,amoureux[se],amoureux[se],amoureux/se,amoureux·se·s,amoureux.se.s,amoureux/se/s
anciens,ancien,ancien·nes,ancien(ne)s,ancien(ne)s,ancien.nes,ancien[ne]s,ancien[ne]s,ancien/nes,ancien·ne,ancien(ne),ancien(ne),ancien.ne,ancien[ne],ancien[ne],ancien/ne,ancien·ne·s,ancien.ne.s,ancien/ne/s
animateurs,animateur,animateur·euses,animateur(euse)s,animateur(-euse)s,animateur.euses,animateur[euse]s,animateur[-euse]s,animateur/euses,animateur·euse,animateur(euse),animateur(-euse),animateur.euse,animateur[euse],animateur[-euse],animateur/euse,animateur·euse·s,animateur.euse.s,animateur/euse/s
apiculteurs,apiculteur,apiculteur·ices,apiculteur(ice)s,apiculteur(-ice)s,apiculteur.ices,apiculteur[ice]s,apiculteur[-ice]s,apiculteur/ices,apiculteur·ice,apiculteur(ice),apiculteur(-ice),apiculteur.ice,apiculteur[ice],apiculteur[-ice],apiculteur/ice,apiculteur·ice·s,apiculteur.ice.s,apiculteur/ice/s
appelants,appelant,appelant·es,appelant(e)s,appelant(e)s,appelant.es,appelant[e]s,appelant[e]s,appelant/es,appelant·e,appelant(e),appelant(e),appelant.e,appelant[e],appelant[e],appelant/e,appelant·e·s,appelant.e.s,appelant/e/s
apprenants,apprenant,apprenant·es,apprenant(e)s,apprenant(e)s,apprenant.es,apprenant[e]s,apprenant[e]s,apprenant/es,apprenant·e,apprenant(e),apprenant(e),apprenant.e,apprenant[e],apprenant[e],apprenant/e,apprenant·e·s,apprenant.e.s,apprenant/e/s
apprentis,apprenti,apprenti·es,apprenti(e)s,apprenti(e)s,apprenti.es,apprenti[e]s,apprenti[e]s,apprenti/es,apprenti·e,apprenti(e),apprenti(e),apprenti.e,apprenti[e],apprenti[e],apprenti/e,apprenti·e·s,apprenti.e.s,apprenti/e/s
archers,archer,archer·ères,archer(ère)s,archer(-ère)s,archer.ères,archer[ère]s,archer[-ère]s,archer/ères,archer·ère,archer(ère),archer(-ère),archer.ère,archer[ère],archer[-ère],archer/ère,archer·ère·s,archer.ère.s,archer/ère/s
arrivants,arrivant,arrivant·es,arrivant(e)s,arrivant(e)s,arrivant.es,arrivant[e]s,arrivant[e]s,arrivant/es,arrivant·e,arrivant(e),arrivant(e),arrivant.e,arrivant[e],arrivant[e],arrivant/e,arrivant·e·s,arrivant.e.s,arrivant/e/s
artisans,artisan,artisan·es,artisan(e)s,artisan(e)s,artisan.es,artisan[e]s,artisan[e]s,artisan/es,artisan·e,artisan(e),artisan(e),artisan.e,artisan[e],artisan[e],artisan/e,artisan·e·s,artisan.e.s,artisan/e/s
assaillants,assaillant,assaillant·es,assaillant(e)s,assaillant(e)s,assaillant.es,assaillant[e]s,assaillant[e]s,assaillant/es,assaillant·e,assaillant(e),assaillant(e),assaillant.e,assaillant[e],assaillant[e],assaillant/e,assaillant·e·s,assaillant.e.s,assaillant/e/s
assassins,assassin,assassin·es,assassin(e)s,assassin(e)s,assassin.es,assassin[e]s,assassin[e]s,assassin/es,assassin·e,assassin(e),assassin(e),assassin.e,assassin[e],assassin[e],assassin/e,assassin·e·s,assassin.e.s,assassin/e/s
assistants,assistant,assistant·es,assistant(e)s,assistant(e)s,assistant.es,assistant[e]s,assistant[e]s,assistant/es,assistant·e,assistant(e),assistant(e),assistant.e,assistant[e],assistant[e],assistant/e,assistant·e·s,assistant.e.s,assistant/e/s
associés,associé,associé·es,associé(e)s,associé(e)s,associé.es,associé[e]s,associé[e]s,associé/es,associé·e,associé(e),associé(e),associé.e,associé[e],associé[e],associé/e,associé·e·s,associé.e.s,associé/e/s
assurés,assuré,assuré·es,assuré(e)s,assuré(e)s,assuré.es,assuré[e]s,assuré[e]s,assuré/es,assuré·e,assuré(e),assuré(e),assuré.e,assuré[e],assuré[e],assuré/e,assuré·e·s,assuré.e.s,assuré/e/s
astrophysiciens,astrophysicien,astrophysicien·nes,astrophysicien(ne)s,astrophysicien(ne)s,astrophysicien.nes,astrophysicien[ne]s,astrophysicien[ne]s,astrophysicien/nes,astrophysicien·ne,astrophysicien(ne),astrophysicien(ne),astrophysicien.ne,astrophysicien[ne],astrophysicien[ne],astrophysicien/ne,astrophysicien·ne·s,astrophysicien.ne.s,astrophysicien/ne/s
attaquants,attaquant,attaquant·es,attaquant(e)s,attaquant(e)s,attaquant.es,attaquant[e]s,attaquant[e]s,attaquant/es,attaquant·e,attaquant(e),attaquant(e),attaquant.e,attaquant[e],attaquant[e],attaquant/e,attaquant·e·s,attaquant.e.s,attaquant/e/s
auditeurs,auditeur,auditeur·euses,auditeur(euse)s,auditeur(-euse)s,auditeur.euses,auditeur[euse]s,auditeur[-euse]s,auditeur/euses,auditeur·euse,auditeur(euse),auditeur(-euse),auditeur.euse,auditeur[euse],auditeur[-euse],auditeur/euse,auditeur·euse·s,auditeur.euse.s,auditeur/euse/s
auteurs,auteur,auteur·euses,auteur(euse)s,auteur(-euse)s,auteur.euses,auteur[euse]s,auteur[-euse]s,auteur/euses,auteur·euse,auteur(euse),auteur(-euse),auteur.euse,auteur[euse],auteur[-euse],auteur/euse,auteur·euse·s,auteur.euse.s,auteur/euse/s
aventuriers,aventurier,aventurier·ères,aventurier(ère)s,aventurier(-ère)s,aventurier.ères,aventurier[ère]s,aventurier[-ère]s,aventurier/ères,aventurier·ère,aventurier(ère),aventurier(-ère),aventurier.ère,aventurier[ère],aventurier[-ère],aventurier/ère,aventurier·ère·s,aventurier.ère.s,aventurier/ère/s
avocats,avocat,avocat·es,avocat(e)s,avocat(e)s,avocat.es,avocat[e]s,avocat[e]s,avocat/es,avocat·e,avocat(e),avocat(e),avocat.e,avocat[e],avocat[e],avocat/e,avocat·e·s,avocat.e.s,avocat/e/s
bagnards,bagnard,bagnard·es,bagnard(e)s,bagnard(e)s,bagnard.es,bagnard[e]s,bagnard[e]s,bagnard/es,bagnard·e,bagnard(e),bagnard(e),bagnard.e,bagnard[e],bagnard[e],bagnard/e,bagnard·e·s,bagnard.e.s,bagnard/e/s
baigneurs,baigneur,baigneur·ices,baigneur(ice)s,baigneur(-ice)s,baigneur.ices,baigneur[ice]s,baigneur[-ice]s,baigneur/ices,baigneur·ice,baigneur(ice),baigneur(-ice),baigneur.ice,baigneur[ice],baigneur[-ice],baigneur/ice,baigneur·ice·s,baigneur.ice.s,baigneur/ice/s
bailleurs,bailleur,bailleur·euses,bailleur(euse)s,bailleur(-euse)s,bailleur.euses,bailleur[euse]s,bailleur[-euse]s,bailleur/euses,bailleur·euse,bailleur(euse),bailleur(-euse),bailleur.euse,bailleur[euse],bailleur[-euse],bailleur/euse,bailleur·euse·s,bailleur.euse.s,bailleur/euse/s
balayeurs,balayeur,balayeur·ices,balayeur(ice)s,balayeur(-ice)s,balayeur.ices,balayeur[ice]s,balayeur[-ice]s,balayeur/ices,balayeur·ice,balayeur(ice),balayeur(-ice),balayeur.ice,balayeur[ice],balayeur[-ice],balayeur/ice,balayeur·ice·s,balayeur.ice.s,balayeur/ice/s
banquiers,banquier,banquier·ères,banquier(ère)s,banquier(-ère)s,banquier.ères,banquier[ère]s,banquier[-ère]s,banquier/ères,banquier·ère,banquier(ère),banquier(-ère),banquier.ère,banquier[ère],banquier[-ère],banquier/ère,banquier·ère·s,banquier.ère.s,banquier/ère/s
barmans,barman,barman·es,barman(e)s,barman(e)s,barman.es,barman[e]s,barman[e]s,barman/es,barman·e,barman(e),barman(e),barman.e,barman[e],barman[e],barman/e,barman·e·s,barman.e.s,barman/e/s
barons,baron,baron·nes,baron(ne)s,baron(ne)s,baron.nes,baron[ne]s,baron[ne]s,baron/nes,baron·ne,baron(ne),baron(ne),baron.ne,baron[ne],baron[ne],baron/ne,baron·ne·s,baron.ne.s,baron/ne/s
batteurs,batteur,batteur·euses,batteur(euse)s,batteur(-euse)s,batteur.euses,batteur[euse]s,batteur[-euse]s,batteur/euses,batteur·euse,batteur(euse),batteur(-euse),batteur.euse,batteur[euse],batteur[-euse],batteur/euse,batteur·euse·s,batteur.euse.s,batteur/euse/s
bergers,berger,berger·ères,berger(ère)s,berger(-ère)s,berger.ères,berger[ère]s,berger[-ère]s,berger/ères,berger·ère,berger(ère),berger(-ère),berger.ère,berger[ère],berger[-ère],berger/ère,berger·ère·s,berger.ère.s,berger/ère/s
bienfaiteurs,bienfaiteur,bienfaiteur·euses,bienfaiteur(euse)s,bienfaiteur(-euse)s,bienfaiteur.euses,bienfaiteur[euse]s,bienfaiteur[-euse]s,bienfaiteur/euses,bienfaiteur·euse,bienfaiteur(euse),bienfaiteur(-euse),bienfaiteur.euse,bienfaiteur[euse],bienfaiteur[-euse],bienfaiteur/euse,bienfaiteur·euse·s,bienfaiteur.euse.s,bienfaiteur/euse/s
bijoutiers,bijoutier,bijoutier·ères,bijoutier(ère)s,bijoutier(-ère)s,bijoutier.ères,bijoutier[ère]s,bijoutier[-ère]s,bijoutier/ères,bijoutier·ère,bijoutier(ère),bijoutier(-ère),bijoutier.ère,bijoutier[ère],bijoutier[-ère],bijoutier/ère,bijoutier·ère·s,bijoutier.ère.s,bijoutier/ère/s
blogueurs,blogueur,blogueur·euses,blogueur(euse)s,blogueur(-euse)s,blogueur.euses,blogueur[euse]s,blogueur[-euse]s,blogueur/euses,blogueur·euse,blogueur(euse),blogueur(-euse),blogueur.euse,blogueur[euse],blogueur[-euse],blogueur/euse,blogueur·euse·s,blogueur.euse.s,blogueur/euse/s
bourgeois,bourgeois,bourgeois·es,bourgeois(e)s,bourgeois(e)s,bourgeois.es,bourgeois[e]s,bourgeois[e]s,bourgeois/es,bourgeois·e,bourgeois(e),bourgeois(e),bourgeois.e,bourgeois[e],bourgeois[e],bourgeois/e,bourgeois·e·s,bourgeois.e.s,bourgeois/e/s
brasseurs,brasseur,brasseur·euses,brasseur(euse)s,brasseur(-euse)s,brasseur.euses,brasseur[euse]s,brasseur[-euse]s,brasseur/euses,brasseur·euse,brasseur(euse),brasseur(-euse),brasseur.euse,brasseur[euse],brasseur[-euse],brasseur/euse,brasseur·euse·s,brasseur.euse.s,brasseur/euse/s
bûcherons,bûcheron,bûcheron·nes,bûcheron(ne)s,bûcheron(ne)s,bûcheron.nes,bûcheron[ne]s,bûcheron[ne]s,bûcheron/nes,bûcheron·ne,bûcheron(ne),bûcheron(ne),bûcheron.ne,bûcheron[ne],bûcheron[ne],bûcheron/ne,bûcheron·ne·s,bûcheron.ne.s,bûcheron/ne/s
buteurs,buteur,buteur·euses,buteur(euse)s,buteur(-euse)s,buteur.euses,buteur[euse]s,buteur[-euse]s,buteur/euses,buteur·euse,buteur(euse),buteur(-euse),buteur.euse,buteur[euse],buteur[-euse],buteur/euse,buteur·euse·s,buteur.euse.s,buteur/euse/s
byzantins,byzantin,byzantin·es,byzantin(e)s,byzantin(e)s,byzantin.es,byzantin[e]s,byzantin[e]s,byzantin/es,byzantin·e,byzantin(e),byzantin(e),byzantin.e,byzantin[e],byzantin[e],byzantin/e,byzantin·e·s,byzantin.e.s,byzantin/e/s
cadets,cadet,cadet·tes,cadet(te)s,cadet(te)s,cadet.tes,cadet[te]s,cadet[te]s,cadet/tes,cadet·te,cadet(te),cadet(te),cadet.te,cadet[te],cadet[te],cadet/te,cadet·te·s,cadet.te.s,cadet/te/s
caissiers,caissier,caissier·ères,caissier(ère)s,caissier(-ère)s,caissier.ères,caissier[ère]s,caissier[-ère]s,caissier/ères,caissier·ère,caissier(ère),caissier(-ère),caissier.ère,caissier[ère],caissier[-ère],caissier/ère,caissier·ère·s,caissier.ère.s,caissier/ère/s
cambrioleurs,cambrioleur,cambrioleur·euses,cambrioleur(euse)s,cambrioleur(-euse)s,cambrioleur.euses,cambrioleur[euse]s,cambrioleur[-euse]s,cambrioleur/euses,cambrioleur·euse,cambrioleur(euse),cambrioleur(-euse),cambrioleur.euse,cambrioleur[euse],cambrioleur[-euse],cambrioleur/euse,cambrioleur·euse·s,cambrioleur.euse.s,cambrioleur/euse/s
campeurs,campeur,campeur·euses,campeur(euse)s,campeur(-euse)s,campeur.euses,campeur[euse]s,campeur[-euse]s,campeur/euses,campeur·euse,campeur(euse),campeur(-euse),campeur.euse,campeur[euse],campeur[-euse],campeur/euse,campeur·euse·s,campeur.euse.s,campeur/euse/s
candidats,candidat,candidat·es,candidat(e)s,candidat(e)s,candidat.es,candidat[e]s,candidat[e]s,candidat/es,candidat·e,candidat(e),candidat(e),candidat.e,candidat[e],candidat[e],candidat/e,candidat·e·s,candidat.e.s,candidat/e/s
capétiens,capétien,capétien·nes,capétien(ne)s,capétien(ne)s,capétien.nes,capétien[ne]s,capétien[ne]s,capétien/nes,capétien·ne,capétien(ne),capétien(ne),capétien.ne,capétien[ne],capétien[ne],capétien/ne,capétien·ne·s,capétien.ne.s,capétien/ne/s
caucasiens,caucasien,caucasien·nes,caucasien(ne)s,caucasien(ne)s,caucasien.nes,caucasien[ne]s,caucasien[ne]s,caucasien/nes,caucasien·ne,caucasien(ne),caucasien(ne),caucasien.ne,caucasien[ne],caucasien[ne],caucasien/ne,caucasien·ne·s,caucasien.ne.s,caucasien/ne/s
cavaliers,cavalier,cavalier·ères,cavalier(ère)s,cavalier(-ère)s,cavalier.ères,cavalier[ère]s,cavalier[-ère]s,cavalier/ères,cavalier·ère,cavalier(ère),cavalier(-ère),cavalier.ère,cavalier[ère],cavalier[-ère],cavalier/ère,cavalier·ère·s,cavalier.ère.s,cavalier/ère/s
champions,champion,champion·nes,champion(ne)s,champion(ne)s,champion.nes,champion[ne]s,champion[ne]s,champion/nes,champion·ne,champion(ne),champion(ne),champion.ne,champion[ne],champion[ne],champion/ne,champion·ne·s,champion.ne.s,champion/ne/s
changeurs,changeur,changeur·euses,changeur(euse)s,changeur(-euse)s,changeur.euses,changeur[euse]s,changeur[-euse]s,changeur/euses,changeur·euse,changeur(euse),changeur(-euse),changeur.euse,changeur[euse],changeur[-euse],changeur/euse,changeur·euse·s,changeur.euse.s,changeur/euse/s
chanteurs,chanteur,chanteur·euses,chanteur(euse)s,chanteur(-euse)s,chanteur.euses,chanteur[euse]s,chanteur[-euse]s,chanteur/euses,chanteur·euse,chanteur(euse),chanteur(-euse),chanteur.euse,chanteur[euse],chanteur[-euse],chanteur/euse,chanteur·euse·s,chanteur.euse.s,chanteur/euse/s
charlatans,charlatan,charlatan·es,charlatan(e)s,charlatan(e)s,charlatan.es,charlatan[e]s,charlatan[e]s,charlatan/es,charlatan·e,charlatan(e),charlatan(e),charlatan.e,charlatan[e],charlatan[e],charlatan/e,charlatan·e·s,charlatan.e.s,charlatan/e/s
charpentiers,charpentier,charpentier·ères,charpentier(ère)s,charpentier(-ère)s,charpentier.ères,charpentier[ère]s,charpentier[-ère]s,charpentier/ères,charpentier·ère,charpentier(ère),charpentier(-ère),charpentier.ère,charpentier[ère],charpentier[-ère],charpentier/ère,charpentier·ère·s,charpentier.ère.s,charpentier/ère/s
chasseurs,chasseur,chasseur·euses,chasseur(euse)s,chasseur(-euse)s,chasseur.euses,chasseur[euse]s,chasseur[-euse]s,chasseur/euses,chasseur·euse,chasseur(euse),chasseur(-euse),chasseur.euse,chasseur[euse],chasseur[-euse],chasseur/euse,chasseur·euse·s,chasseur.euse.s,chasseur/euse/s
chauffeurs,chauffeur,chauffeur·ices,chauffeur(ice)s,chauffeur(-ice)s,chauffeur.ices,chauffeur[ice]s,chauffeur[-ice]s,chauffeur/ices,chauffeur·ice,chauffeur(ice),chauffeur(-ice),chauffeur.ice,chauffeur[ice],chauffeur[-ice],chauffeur/ice,chauffeur·ice·s,chauffeur.ice.s,chauffeur/ice/s
chercheurs,chercheur,chercheur·euses,chercheur(euse)s,chercheur(-euse)s,chercheur.euses,chercheur[euse]s,chercheur[-euse]s,chercheur/euses,chercheur·euse,chercheur(euse),chercheur(-euse),chercheur.euse,chercheur[euse],chercheur[-euse],chercheur/euse,chercheur·euse·s,chercheur.euse.s,chercheur/euse/s
chevaliers,chevalier,chevalier·ères,chevalier(ère)s,chevalier(-ère)s,chevalier.ères,chevalier[ère]s,chevalier[-ère]s,chevalier/ères,chevalier·ère,chevalier(ère),chevalier(-ère),chevalier.ère,chevalier[ère],chevalier[-ère],chevalier/ère,chevalier·ère·s,chevalier.ère.s,chevalier/ère/s
chirurgiens,chirurgien,chirurgien·nes,chirurgien(ne)s,chirurgien(ne)s,chirurgien.nes,chirurgien[ne]s,chirurgien[ne]s,chirurgien/nes,chirurgien·ne,chirurgien(ne),chirurgien(ne),chirurgien.ne,chirurgien[ne],chirurgien[ne],chirurgien/ne,chirurgien·ne·s,chirurgien.ne.s,chirurgien/ne/s
chocolatiers,chocolatier,chocolatier·ères,chocolatier(ère)s,chocolatier(-ère)s,chocolatier.ères,chocolatier[ère]s,chocolatier[-ère]s,chocolatier/ères,chocolatier·ère,chocolatier(ère),chocolatier(-ère),chocolatier.ère,chocolatier[ère],chocolatier[-ère],chocolatier/ère,chocolatier·ère·s,chocolatier.ère.s,chocolatier/ère/s
chômeurs,chômeur,chômeur·euses,chômeur(euse)s,chômeur(-euse)s,chômeur.euses,chômeur[euse]s,chômeur[-euse]s,chômeur/euses,chômeur·euse,chômeur(euse),chômeur(-euse),chômeur.euse,chômeur[euse],chômeur[-euse],chômeur/euse,chômeur·euse·s,chômeur.euse.s,chômeur/euse/s
chrétiens,chrétien,chrétien·nes,chrétien(ne)s,chrétien(ne)s,chrétien.nes,chrétien[ne]s,chrétien[ne]s,chrétien/nes,chrétien·ne,chrétien(ne),chrétien(ne),chrétien.ne,chrétien[ne],chrétien[ne],chrétien/ne,chrétien·ne·s,chrétien.ne.s,chrétien/ne/s
chroniqueurs,chroniqueur,chroniqueur·euses,chroniqueur(euse)s,chroniqueur(-euse)s,chroniqueur.euses,chroniqueur[euse]s,chroniqueur[-euse]s,chroniqueur/euses,chroniqueur·euse,chroniqueur(euse),chroniqueur(-euse),chroniqueur.euse,chroniqueur[euse],chroniqueur[-euse],chroniqueur/euse,chroniqueur·euse·s,chroniqueur.euse.s,chroniqueur/euse/s
cireurs,cireur,cireur·euses,cireur(euse)s,cireur(-euse)s,cireur.euses,cireur[euse]s,cireur[-euse]s,cireur/euses,cireur·euse,cireur(euse),cireur(-euse),cireur.euse,cireur[euse],cireur[-euse],cireur/euse,cireur·euse·s,cireur.euse.s,cireur/euse/s
citadins,citadin,citadin·es,citadin(e)s,citadin(e)s,citadin.es,citadin[e]s,citadin[e]s,citadin/es,citadin·e,citadin(e),citadin(e),citadin.e,citadin[e],citadin[e],citadin/e,citadin·e·s,citadin.e.s,citadin/e/s
citoyens,citoyen,citoyen·nes,citoyen(ne)s,citoyen(ne)s,citoyen.nes,citoyen[ne]s,citoyen[ne]s,citoyen/nes,citoyen·ne,citoyen(ne),citoyen(ne),citoyen.ne,citoyen[ne],citoyen[ne],citoyen/ne,citoyen·ne·s,citoyen.ne.s,citoyen/ne/s
clients,client,client·es,client(e)s,client(e)s,client.es,client[e]s,client[e]s,client/es,client·e,client(e),client(e),client.e,client[e],client[e],client/e,client·e·s,client.e.s,client/e/s
coéquipiers,coéquipier,coéquipier·ères,coéquipier(ère)s,coéquipier(-ère)s,coéquipier.ères,coéquipier[ère]s,coéquipier[-ère]s,coéquipier/ères,coéquipier·ère,coéquipier(ère),coéquipier(-ère),coéquipier.ère,coéquipier[ère],coéquipier[-ère],coéquipier/ère,coéquipier·ère·s,coéquipier.ère.s,coéquipier/ère/s
cofondateurs,cofondateur,cofondateur·euses,cofondateur(euse)s,cofondateur(-euse)s,cofondateur.euses,cofondateur[euse]s,cofondateur[-euse]s,cofondateur/euses,cofondateur·euse,cofondateur(euse),cofondateur(-euse),cofondateur.euse,cofondateur[euse],cofondateur[-euse],cofondateur/euse,cofondateur·euse·s,cofondateur.euse.s,cofondateur/euse/s
coiffeurs,coiffeur,coiffeur·euses,coiffeur(euse)s,coiffeur(-euse)s,coiffeur.euses,coiffeur[euse]s,coiffeur[-euse]s,coiffeur/euses,coiffeur·euse,coiffeur(euse),coiffeur(-euse),coiffeur.euse,coiffeur[euse],coiffeur[-euse],coiffeur/euse,coiffeur·euse·s,coiffeur.euse.s,coiffeur/euse/s
collaborateurs,collaborateur,collaborateur·ices,collaborateur(ice)s,collaborateur(-ice)s,collaborateur.ices,collaborateur[ice]s,collaborateur[-ice]s,collaborateur/ices,collaborateur·ice,collaborateur(ice),collaborateur(-ice),collaborateur.ice,collaborateur[ice],collaborateur[-ice],collaborateur/ice,collaborateur·ice·s,collaborateur.ice.s,collaborateur/ice/s
collectionneurs,collectionneur,collectionneur·euses,collectionneur(euse)s,collectionneur(-euse)s,collectionneur.euses,collectionneur[euse]s,collectionneur[-euse]s,collectionneur/euses,collectionneur·euse,collectionneur(euse),collectionneur(-euse),collectionneur.euse,collectionneur[euse],collectionneur[-euse],collectionneur/euse,collectionneur·euse·s,collectionneur.euse.s,collectionneur/euse/s
collégiens,collégien,collégien·nes,collégien(ne)s,collégien(ne)s,collégien.nes,collégien[ne]s,collégien[ne]s,collégien/nes,collégien·ne,collégien(ne),collégien(ne),collégien.ne,collégien[ne],collégien[ne],collégien/ne,collégien·ne·s,collégien.ne.s,collégien/ne/s
colonisateurs,colonisateur,colonisateur·ices,colonisateur(ice)s,colonisateur(-ice)s,colonisateur.ices,colonisateur[ice]s,colonisateur[-ice]s,colonisateur/ices,colonisateur·ice,colonisateur(ice),colonisateur(-ice),colonisateur.ice,colonisateur[ice],colonisateur[-ice],colonisateur/ice,colonisateur·ice·s,colonisateur.ice.s,colonisateur/ice/s
combattants,combattant,combattant·es,combattant(e)s,combattant(e)s,combattant.es,combattant[e]s,combattant[e]s,combattant/es,combattant·e,combattant(e),combattant(e),combattant.e,combattant[e],combattant[e],combattant/e,combattant·e·s,combattant.e.s,combattant/e/s
comédiens,comédien,comédien·nes,comédien(ne)s,comédien(ne)s,comédien.nes,comédien[ne]s,comédien[ne]s,comédien/nes,comédien·ne,comédien(ne),comédien(ne),comédien.ne,comédien[ne],comédien[ne],comédien/ne,comédien·ne·s,comédien.ne.s,comédien/ne/s
commandants,commandant,commandant·es,commandant(e)s,commandant(e)s,commandant.es,commandant[e]s,commandant[e]s,commandant/es,commandant·e,commandant(e),commandant(e),commandant.e,commandant[e],commandant[e],commandant/e,commandant·e·s,commandant.e.s,commandant/e/s
commerçants,commerçant,commerçant·es,commerçant(e)s,commerçant(e)s,commerçant.es,commerçant[e]s,commerçant[e]s,commerçant/es,commerçant·e,commerçant(e),commerçant(e),commerçant.e,commerçant[e],commerçant[e],commerçant/e,commerçant·e·s,commerçant.e.s,commerçant/e/s
commerciaux,commercial,commerciaux·ales,commerciaux(ale)s,commerciaux(-ale)s,commerciaux.ales,commerciaux[ale]s,commerciaux[-ale]s,commerciaux/ales,commercial·e,commercial(e),commercial(e),commercial.e,commercial[e],commercial[e],commercial/e,commercial·e·s,commercial.e.s,commercial/e/s
communicants,communicant,communicant·es,communicant(e)s,communicant(e)s,communicant.es,communicant[e]s,communicant[e]s,communicant/es,communicant·e,communicant(e),communicant(e),communicant.e,communicant[e],communicant[e],communicant/e,communicant·e·s,communicant.e.s,communicant/e/s
communicateurs,communicateur,communicateur·ices,communicateur(ice)s,communicateur(-ice)s,communicateur.ices,communicateur[ice]s,communicateur[-ice]s,communicateur/ices,communicateur·ice,communicateur(ice),communicateur(-ice),communicateur.ice,communicateur[ice],communicateur[-ice],communicateur/ice,communicateur·ice·s,communicateur.ice.s,communicateur/ice/s
compagnons,compagnon,compagnon·nes,compagnon(ne)s,compagnon(ne)s,compagnon.nes,compagnon[ne]s,compagnon[ne]s,compagnon/nes,compagnon·ne,compagnon(ne),compagnon(ne),compagnon.ne,compagnon[ne],compagnon[ne],compagnon/ne,compagnon·ne·s,compagnon.ne.s,compagnon/ne/s
compétiteurs,compétiteur,compétiteur·euses,compétiteur(euse)s,compétiteur(-euse)s,compétiteur.euses,compétiteur[euse]s,compétiteur[-euse]s,compétiteur/euses,compétiteur·euse,compétiteur(euse),compétiteur(-euse),compétiteur.euse,compétiteur[euse],compétiteur[-euse],compétiteur/euse,compétiteur·euse·s,compétiteur.euse.s,compétiteur/euse/s
compositeurs,compositeur,compositeur·euses,compositeur(euse)s,compositeur(-euse)s,compositeur.euses,compositeur[euse]s,compositeur[-euse]s,compositeur/euses,compositeur·euse,compositeur(euse),compositeur(-euse),compositeur.euse,compositeur[euse],compositeur[-euse],compositeur/euse,compositeur·euse·s,compositeur.euse.s,compositeur/euse/s
concepteurs,concepteur,concepteur·ices,concepteur(ice)s,concepteur(-ice)s,concepteur.ices,concepteur[ice]s,concepteur[-ice]s,concepteur/ices,concepteur·ice,concepteur(ice),concepteur(-ice),concepteur.ice,concepteur[ice],concepteur[-ice],concepteur/ice,concepteur·ice·s,concepteur.ice.s,concepteur/ice/s
conciliateurs,conciliateur,conciliateur·euses,conciliateur(euse)s,conciliateur(-euse)s,conciliateur.euses,conciliateur[euse]s,conciliateur[-euse]s,conciliateur/euses,conciliateur·euse,conciliateur(euse),conciliateur(-euse),conciliateur.euse,conciliateur[euse],conciliateur[-euse],conciliateur/euse,conciliateur·euse·s,conciliateur.euse.s,conciliateur/euse/s
concubins,concubin,concubin·es,concubin(e)s,concubin(e)s,concubin.es,concubin[e]s,concubin[e]s,concubin/es,concubin·e,concubin(e),concubin(e),concubin.e,concubin[e],concubin[e],concubin/e,concubin·e·s,concubin.e.s,concubin/e/s
conducteurs,conducteur,conducteur·ices,conducteur(ice)s,conducteur(-ice)s,conducteur.ices,conducteur[ice]s,conducteur[-ice]s,conducteur/ices,conducteur·ice,conducteur(ice),conducteur(-ice),conducteur.ice,conducteur[ice],conducteur[-ice],conducteur/ice,conducteur·ice·s,conducteur.ice.s,conducteur/ice/s
conférenciers,conférencier,conférencier·ères,conférencier(ère)s,conférencier(-ère)s,conférencier.ères,conférencier[ère]s,conférencier[-ère]s,conférencier/ères,conférencier·ère,conférencier(ère),conférencier(-ère),conférencier.ère,conférencier[ère],conférencier[-ère],conférencier/ère,conférencier·ère·s,conférencier.ère.s,conférencier/ère/s
confidents,confident,confident·es,confident(e)s,confident(e)s,confident.es,confident[e]s,confident[e]s,confident/es,confident·e,confident(e),confident(e),confident.e,confident[e],confident[e],confident/e,confident·e·s,confident.e.s,confident/e/s
conjoints,conjoint,conjoint·es,conjoint(e)s,conjoint(e)s,conjoint.es,conjoint[e]s,conjoint[e]s,conjoint/es,conjoint·e,conjoint(e),conjoint(e),conjoint.e,conjoint[e],conjoint[e],conjoint/e,conjoint·e·s,conjoint.e.s,conjoint/e/s
connaisseurs,connaisseur,connaisseur·euses,connaisseur(euse)s,connaisseur(-euse)s,connaisseur.euses,connaisseur[euse]s,connaisseur[-euse]s,connaisseur/euses,connaisseur·euse,connaisseur(euse),connaisseur(-euse),connaisseur.euse,connaisseur[euse],connaisseur[-euse],connaisseur/euse,connaisseur·euse·s,connaisseur.euse.s,connaisseur/euse/s
conseillers,conseiller,conseiller·ères,conseiller(ère)s,conseiller(-ère)s,conseiller.ères,conseiller[ère]s,conseiller[-ère]s,conseiller/ères,conseiller·ère,conseiller(ère),conseiller(-ère),conseiller.ère,conseiller[ère],conseiller[-ère],conseiller/ère,conseiller·ère·s,conseiller.ère.s,conseiller/ère/s
conservateurs,conservateur,conservateur·ices,conservateur(ice)s,conservateur(-ice)s,conservateur.ices,conservateur[ice]s,conservateur[-ice]s,conservateur/ices,conservateur·ice,conservateur(ice),conservateur(-ice),conservateur.ice,conservateur[ice],conservateur[-ice],conservateur/ice,conservateur·ice·s,conservateur.ice.s,conservateur/ice/s
consommateurs,consommateur,consommateur·euses,consommateur(euse)s,consommateur(-euse)s,consommateur.euses,consommateur[euse]s,consommateur[-euse]s,consommateur/euses,consommateur·euse,consommateur(euse),consommateur(-euse),consommateur.euse,consommateur[euse],consommateur[-euse],consommateur/euse,consommateur·euse·s,consommateur.euse.s,consommateur/euse/s
constructeurs,constructeur,constructeur·ices,constructeur(ice)s,constructeur(-ice)s,constructeur.ices,constructeur[ice]s,constructeur[-ice]s,constructeur/ices,constructeur·ice,constructeur(ice),constructeur(-ice),constructeur.ice,constructeur[ice],constructeur[-ice],constructeur/ice,constructeur·ice·s,constructeur.ice.s,constructeur/ice/s
consultants,consultant,consultant·es,consultant(e)s,consultant(e)s,consultant.es,consultant[e]s,consultant[e]s,consultant/es,consultant·e,consultant(e),consultant(e),consultant.e,consultant[e],consultant[e],consultant/e,consultant·e·s,consultant.e.s,consultant/e/s
contemporains,contemporain,contemporain·es,contemporain(e)s,contemporain(e)s,contemporain.es,contemporain[e]s,contemporain[e]s,contemporain/es,contemporain·e,contemporain(e),contemporain(e),contemporain.e,contemporain[e],contemporain[e],contemporain/e,contemporain·e·s,contemporain.e.s,contemporain/e/s
conteurs,conteur,conteur·euses,conteur(euse)s,conteur(-euse)s,conteur.euses,conteur[euse]s,conteur[-euse]s,conteur/euses,conteur·euse,conteur(euse),conteur(-euse),conteur.euse,conteur[euse],conteur[-euse],conteur/euse,conteur·euse·s,conteur.euse.s,conteur/euse/s
contributeurs,contributeur,contributeur·euses,contributeur(euse)s,contributeur(-euse)s,contributeur.euses,contributeur[euse]s,contributeur[-euse]s,contributeur/euses,contributeur·euse,contributeur(euse),contributeur(-euse),contributeur.euse,contributeur[euse],contributeur[-euse],contributeur/euse,contributeur·euse·s,contributeur.euse.s,contributeur/euse/s
contrôleurs,contrôleur,contrôleur·euses,contrôleur(euse)s,contrôleur(-euse)s,contrôleur.euses,contrôleur[euse]s,contrôleur[-euse]s,contrôleur/euses,contrôleur·euse,contrôleur(euse),contrôleur(-euse),contrôleur.euse,contrôleur[euse],contrôleur[-euse],contrôleur/euse,contrôleur·euse·s,contrôleur.euse.s,contrôleur/euse/s
coordinateurs,coordinateur,coordinateur·euses,coordinateur(euse)s,coordinateur(-euse)s,coordinateur.euses,coordinateur[euse]s,coordinateur[-euse]s,coordinateur/euses,coordinateur·euse,coordinateur(euse),coordinateur(-euse),coordinateur.euse,coordinateur[euse],coordinateur[-euse],coordinateur/euse,coordinateur·euse·s,coordinateur.euse.s,coordinateur/euse/s
copains,copain,copain·es,copain(e)s,copain(e)s,copain.es,copain[e]s,copain[e]s,copain/es,copain·e,copain(e),copain(e),copain.e,copain[e],copain[e],copain/e,copain·e·s,copain.e.s,copain/e/s
cordonniers,cordonnier,cordonnier·ères,cordonnier(ère)s,cordonnier(-ère)s,cordonnier.ères,cordonnier[ère]s,cordonnier[-ère]s,cordonnier/ères,cordonnier·ère,cordonnier(ère),cordonnier(-ère),cordonnier.ère,cordonnier[ère],cordonnier[-ère],cordonnier/ère,cordonnier·ère·s,cordonnier.ère.s,cordonnier/ère/s
correcteurs,correcteur,correcteur·ices,correcteur(ice)s,correcteur(-ice)s,correcteur.ices,correcteur[ice]s,correcteur[-ice]s,correcteur/ices,correcteur·ice,correcteur(ice),correcteur(-ice),correcteur.ice,correcteur[ice],correcteur[-ice],correcteur/ice,correcteur·ice·s,correcteur.ice.s,correcteur/ice/s
correspondants,correspondant,correspondant·es,correspondant(e)s,correspondant(e)s,correspondant.es,correspondant[e]s,correspondant[e]s,correspondant/es,correspondant·e,correspondant(e),correspondant(e),correspondant.e,correspondant[e],correspondant[e],correspondant/e,correspondant·e·s,correspondant.e.s,correspondant/e/s
costumiers,costumier,costumier·ères,costumier(ère)s,costumier(-ère)s,costumier.ères,costumier[ère]s,costumier[-ère]s,costumier/ères,costumier·ère,costumier(ère),costumier(-ère),costumier.ère,costumier[ère],costumier[-ère],costumier/ère,costumier·ère·s,costumier.ère.s,costumier/ère/s
couillons,couillon,couillon·nes,couillon(ne)s,couillon(ne)s,couillon.nes,couillon[ne]s,couillon[ne]s,couillon/nes,couillon·ne,couillon(ne),couillon(ne),couillon.ne,couillon[ne],couillon[ne],couillon/ne,couillon·ne·s,couillon.ne.s,couillon/ne/s
coureurs,coureur,coureur·euses,coureur(euse)s,coureur(-euse)s,coureur.euses,coureur[euse]s,coureur[-euse]s,coureur/euses,coureur·euse,coureur(euse),coureur(-euse),coureur.euse,coureur[euse],coureur[-euse],coureur/euse,coureur·euse·s,coureur.euse.s,coureur/euse/s
courtiers,courtier,courtier·ères,courtier(ère)s,courtier(-ère)s,courtier.ères,courtier[ère]s,courtier[-ère]s,courtier/ères,courtier·ère,courtier(ère),courtier(-ère),courtier.ère,courtier[ère],courtier[-ère],courtier/ère,courtier·ère·s,courtier.ère.s,courtier/ère/s
couturiers,couturier,couturier·ères,couturier(ère)s,couturier(-ère)s,couturier.ères,couturier[ère]s,couturier[-ère]s,couturier/ères,couturier·ère,couturier(ère),couturier(-ère),couturier.ère,couturier[ère],couturier[-ère],couturier/ère,couturier·ère·s,couturier.ère.s,couturier/ère/s
couvreurs,couvreur,couvreur·euses,couvreur(euse)s,couvreur(-euse)s,couvreur.euses,couvreur[euse]s,couvreur[-euse]s,couvreur/euses,couvreur·euse,couvreur(euse),couvreur(-euse),couvreur.euse,couvreur[euse],couvreur[-euse],couvreur/euse,couvreur·euse·s,couvreur.euse.s,couvreur/euse/s
créanciers,créancier,créancier·ères,créancier(ère)s,créancier(-ère)s,créancier.ères,créancier[ère]s,créancier[-ère]s,créancier/ères,créancier·ère,créancier(ère),créancier(-ère),créancier.ère,créancier[ère],créancier[-ère],créancier/ère,créancier·ère·s,créancier.ère.s,créancier/ère/s
créateurs,créateur,créateur·ices,créateur(ice)s,créateur(-ice)s,créateur.ices,créateur[ice]s,créateur[-ice]s,créateur/ices,créateur·ice,créateur(ice),créateur(-ice),créateur.ice,créateur[ice],créateur[-ice],créateur/ice,créateur·ice·s,créateur.ice.s,créateur/ice/s
criminels,criminel,criminel·les,criminel(le)s,criminel(le)s,criminel.les,criminel[le]s,criminel[le]s,criminel/les,criminel·le,criminel(le),criminel(le),criminel.le,criminel[le],criminel[le],criminel/le,criminel·le·s,criminel.le.s,criminel/le/s
croupiers,croupier,croupier·ères,croupier(ère)s,croupier(-ère)s,croupier.ères,croupier[ère]s,croupier[-ère]s,croupier/ères,croupier·ère,croupier(ère),croupier(-ère),croupier.ère,croupier[ère],croupier[-ère],croupier/ère,croupier·ère·s,croupier.ère.s,croupier/ère/s
croyants,croyant,croyant·es,croyant(e)s,croyant(e)s,croyant.es,croyant[e]s,croyant[e]s,croyant/es,croyant·e,croyant(e),croyant(e),croyant.e,croyant[e],croyant[e],croyant/e,croyant·e·s,croyant.e.s,croyant/e/s
cueilleurs,cueilleur,cueilleur·euses,cueilleur(euse)s,cueilleur(-euse)s,cueilleur.euses,cueilleur[euse]s,cueilleur[-euse]s,cueilleur/euses,cueilleur·euse,cueilleur(euse),cueilleur(-euse),cueilleur.euse,cueilleur[euse],cueilleur[-euse],cueilleur/euse,cueilleur·euse·s,cueilleur.euse.s,cueilleur/euse/s
cultivateurs,cultivateur,cultivateur·euses,cultivateur(euse)s,cultivateur(-euse)s,cultivateur.euses,cultivateur[euse]s,cultivateur[-euse]s,cultivateur/euses,cultivateur·euse,cultivateur(euse),cultivateur(-euse),cultivateur.euse,cultivateur[euse],cultivateur[-euse],cultivateur/euse,cultivateur·euse·s,cultivateur.euse.s,cultivateur/euse/s
curateurs,curateur,curateur·ices,curateur(ice)s,curateur(-ice)s,curateur.ices,curateur[ice]s,curateur[-ice]s,curateur/ices,curateur·ice,curateur(ice),curateur(-ice),curateur.ice,curateur[ice],curateur[-ice],curateur/ice,curateur·ice·s,curateur.ice.s,curateur/ice/s
curieux,curieux,curieux·ses,curieux(se)s,curieux(se)s,curieux.ses,curieux[se]s,curieux[se]s,curieux/ses,curieux·se,curieux(se),curieux(se),curieux.se,curieux[se],curieux[se],curieux/se,curieux·se·s,curieux.se.s,curieux/se/s
danseurs,danseur,danseur·euses,danseur(euse)s,danseur(-euse)s,danseur.euses,danseur[euse]s,danseur[-euse]s,danseur/euses,danseur·euse,danseur(euse),danseur(-euse),danseur.euse,danseur[euse],danseur[-euse],danseur/euse,danseur·euse·s,danseur.euse.s,danseur/euse/s
débiteurs,débiteur,débiteur·euses,débiteur(euse)s,débiteur(-euse)s,débiteur.euses,débiteur[euse]s,débiteur[-euse]s,débiteur/euses,débiteur·euse,débiteur(euse),débiteur(-euse),débiteur.euse,débiteur[euse],débiteur[-euse],débiteur/euse,débiteur·euse·s,débiteur.euse.s,débiteur/euse/s
débutants,débutant,débutant·es,débutant(e)s,débutant(e)s,débutant.es,débutant[e]s,débutant[e]s,débutant/es,débutant·e,débutant(e),débutant(e),débutant.e,débutant[e],débutant[e],débutant/e,débutant·e·s,débutant.e.s,débutant/e/s
décideurs,décideur,décideur·euses,décideur(euse)s,décideur(-euse)s,décideur.euses,décideur[euse]s,décideur[-euse]s,décideur/euses,décideur·euse,décideur(euse),décideur(-euse),décideur.euse,décideur[euse],décideur[-euse],décideur/euse,décideur·euse·s,décideur.euse.s,décideur/euse/s
décorateurs,décorateur,décorateur·ices,décorateur(ice)s,décorateur(-ice)s,décorateur.ices,décorateur[ice]s,décorateur[-ice]s,décorateur/ices,décorateur·ice,décorateur(ice),décorateur(-ice),décorateur.ice,décorateur[ice],décorateur[-ice],décorateur/ice,décorateur·ice·s,décorateur.ice.s,décorateur/ice/s
défendeurs,défendeur,défendeur·euses,défendeur(euse)s,défendeur(-euse)s,défendeur.euses,défendeur[euse]s,défendeur[-euse]s,défendeur/euses,défendeur·euse,défendeur(euse),défendeur(-euse),défendeur.euse,défendeur[euse],défendeur[-euse],défendeur/euse,défendeur·euse·s,défendeur.euse.s,défendeur/euse/s
défenseurs,défenseur,défenseur·euses,défenseur(euse)s,défenseur(-euse)s,défenseur.euses,défenseur[euse]s,défenseur[-euse]s,défenseur/euses,défenseur·euse,défenseur(euse),défenseur(-euse),défenseur.euse,défenseur[euse],défenseur[-euse],défenseur/euse,défenseur·euse·s,défenseur.euse.s,défenseur/euse/s
délégués,délégué,délégué·es,délégué(e)s,délégué(e)s,délégué.es,délégué[e]s,délégué[e]s,délégué/es,délégué·e,délégué(e),délégué(e),délégué.e,délégué[e],délégué[e],délégué/e,délégué·e·s,délégué.e.s,délégué/e/s
délinquants,délinquant,délinquant·es,délinquant(e)s,délinquant(e)s,délinquant.es,délinquant[e]s,délinquant[e]s,délinquant/es,délinquant·e,délinquant(e),délinquant(e),délinquant.e,délinquant[e],délinquant[e],délinquant/e,délinquant·e·s,délinquant.e.s,délinquant/e/s
demandeurs,demandeur,demandeur·ices,demandeur(ice)s,demandeur(-ice)s,demandeur.ices,demandeur[ice]s,demandeur[-ice]s,demandeur/ices,demandeur·ice,demandeur(ice),demandeur(-ice),demandeur.ice,demandeur[ice],demandeur[-ice],demandeur/ice,demandeur·ice·s,demandeur.ice.s,demandeur/ice/s
déménageurs,déménageur,déménageur·euses,déménageur(euse)s,déménageur(-euse)s,déménageur.euses,déménageur[euse]s,déménageur[-euse]s,déménageur/euses,déménageur·euse,déménageur(euse),déménageur(-euse),déménageur.euse,déménageur[euse],déménageur[-euse],déménageur/euse,déménageur·euse·s,déménageur.euse.s,déménageur/euse/s
démineurs,démineur,démineur·euses,démineur(euse)s,démineur(-euse)s,démineur.euses,démineur[euse]s,démineur[-euse]s,démineur/euses,démineur·euse,démineur(euse),démineur(-euse),démineur.euse,démineur[euse],démineur[-euse],démineur/euse,démineur·euse·s,démineur.euse.s,démineur/euse/s
déposants,déposant,déposant·es,déposant(e)s,déposant(e)s,déposant.es,déposant[e]s,déposant[e]s,déposant/es,déposant·e,déposant(e),déposant(e),déposant.e,déposant[e],déposant[e],déposant/e,déposant·e·s,déposant.e.s,déposant/e/s
députés,député,député·es,député(e)s,député(e)s,député.es,député[e]s,député[e]s,député/es,député·e,député(e),député(e),député.e,député[e],député[e],député/e,député·e·s,député.e.s,député/e/s
descendants,descendant,descendant·es,descendant(e)s,descendant(e)s,descendant.es,descendant[e]s,descendant[e]s,descendant/es,descendant·e,descendant(e),descendant(e),descendant.e,descendant[e],descendant[e],descendant/e,descendant·e·s,descendant.e.s,descendant/e/s
dessinateurs,dessinateur,dessinateur·euses,dessinateur(euse)s,dessinateur(-euse)s,dessinateur.euses,dessinateur[euse]s,dessinateur[-euse]s,dessinateur/euses,dessinateur·euse,dessinateur(euse),dessinateur(-euse),dessinateur.euse,dessinateur[euse],dessinateur[-euse],dessinateur/euse,dessinateur·euse·s,dessinateur.euse.s,dessinateur/euse/s
détenteurs,détenteur,détenteur·euses,détenteur(euse)s,détenteur(-euse)s,détenteur.euses,détenteur[euse]s,détenteur[-euse]s,détenteur/euses,détenteur·euse,détenteur(euse),détenteur(-euse),détenteur.euse,détenteur[euse],détenteur[-euse],détenteur/euse,détenteur·euse·s,détenteur.euse.s,détenteur/euse/s
détenus,détenu,détenu·es,détenu(e)s,détenu(e)s,détenu.es,détenu[e]s,détenu[e]s,détenu/es,détenu·e,détenu(e),détenu(e),détenu.e,détenu[e],détenu[e],détenu/e,détenu·e·s,détenu.e.s,détenu/e/s
détracteurs,détracteur,détracteur·ices,détracteur(ice)s,détracteur(-ice)s,détracteur.ices,détracteur[ice]s,détracteur[-ice]s,détracteur/ices,détracteur·ice,détracteur(ice),détracteur(-ice),détracteur.ice,détracteur[ice],détracteur[-ice],détracteur/ice,détracteur·ice·s,détracteur.ice.s,détracteur/ice/s
développeurs,développeur,développeur·euses,développeur(euse)s,développeur(-euse)s,développeur.euses,développeur[euse]s,développeur[-euse]s,développeur/euses,développeur·euse,développeur(euse),développeur(-euse),développeur.euse,développeur[euse],développeur[-euse],développeur/euse,développeur·euse·s,développeur.euse.s,développeur/euse/s
devins,devin,devin·es,devin(e)s,devin(e)s,devin.es,devin[e]s,devin[e]s,devin/es,devin·e,devin(e),devin(e),devin.e,devin[e],devin[e],devin/e,devin·e·s,devin.e.s,devin/e/s
dictateurs,dictateur,dictateur·ices,dictateur(ice)s,dictateur(-ice)s,dictateur.ices,dictateur[ice]s,dictateur[-ice]s,dictateur/ices,dictateur·ice,dictateur(ice),dictateur(-ice),dictateur.ice,dictateur[ice],dictateur[-ice],dictateur/ice,dictateur·ice·s,dictateur.ice.s,dictateur/ice/s
diététiciens,diététicien,diététicien·nes,diététicien(ne)s,diététicien(ne)s,diététicien.nes,diététicien[ne]s,diététicien[ne]s,diététicien/nes,diététicien·ne,diététicien(ne),diététicien(ne),diététicien.ne,diététicien[ne],diététicien[ne],diététicien/ne,diététicien·ne·s,diététicien.ne.s,diététicien/ne/s
directeurs,directeur,directeur·ices,directeur(ice)s,directeur(-ice)s,directeur.ices,directeur[ice]s,directeur[-ice]s,directeur/ices,directeur·ice,directeur(ice),directeur(-ice),directeur.ice,directeur[ice],directeur[-ice],directeur/ice,directeur·ice·s,directeur.ice.s,directeur/ice/s
dirigeants,dirigeant,dirigeant·es,dirigeant(e)s,dirigeant(e)s,dirigeant.es,dirigeant[e]s,dirigeant[e]s,dirigeant/es,dirigeant·e,dirigeant(e),dirigeant(e),dirigeant.e,dirigeant[e],dirigeant[e],dirigeant/e,dirigeant·e·s,dirigeant.e.s,dirigeant/e/s
dissidents,dissident,dissident·es,dissident(e)s,dissident(e)s,dissident.es,dissident[e]s,dissident[e]s,dissident/es,dissident·e,dissident(e),dissident(e),dissident.e,dissident[e],dissident[e],dissident/e,dissident·e·s,dissident.e.s,dissident/e/s
distributeurs,distributeur,distributeur·euses,distributeur(euse)s,distributeur(-euse)s,distributeur.euses,distributeur[euse]s,distributeur[-euse]s,distributeur/euses,distributeur·euse,distributeur(euse),distributeur(-euse),distributeur.euse,distributeur[euse],distributeur[-euse],distributeur/euse,distributeur·euse·s,distributeur.euse.s,distributeur/euse/s
docteurs,docteur,docteur·ices,docteur(ice)s,docteur(-ice)s,docteur.ices,docteur[ice]s,docteur[-ice]s,docteur/ices,docteur·ice,docteur(ice),docteur(-ice),docteur.ice,docteur[ice],docteur[-ice],docteur/ice,docteur·ice·s,docteur.ice.s,docteur/ice/s
doctorants,doctorant,doctorant·es,doctorant(e)s,doctorant(e)s,doctorant.es,doctorant[e]s,doctorant[e]s,doctorant/es,doctorant·e,doctorant(e),doctorant(e),doctorant.e,doctorant[e],doctorant[e],doctorant/e,doctorant·e·s,doctorant.e.s,doctorant/e/s
donateurs,donateur,donateur·ices,donateur(ice)s,donateur(-ice)s,donateur.ices,donateur[ice]s,donateur[-ice]s,donateur/ices,donateur·ice,donateur(ice),donateur(-ice),donateur.ice,donateur[ice],donateur[-ice],donateur/ice,donateur·ice·s,donateur.ice.s,donateur/ice/s
donneurs,donneur,donneur·euses,donneur(euse)s,donneur(-euse)s,donneur.euses,donneur[euse]s,donneur[-euse]s,donneur/euses,donneur·euse,donneur(euse),donneur(-euse),donneur.euse,donneur[euse],donneur[-euse],donneur/euse,donneur·euse·s,donneur.euse.s,donneur/euse/s
dormeurs,dormeur,dormeur·ices,dormeur(ice)s,dormeur(-ice)s,dormeur.ices,dormeur[ice]s,dormeur[-ice]s,dormeur/ices,dormeur·ice,dormeur(ice),dormeur(-ice),dormeur.ice,dormeur[ice],dormeur[-ice],dormeur/ice,dormeur·ice·s,dormeur.ice.s,dormeur/ice/s
dresseurs,dresseur,dresseur·euses,dresseur(euse)s,dresseur(-euse)s,dresseur.euses,dresseur[euse]s,dresseur[-euse]s,dresseur/euses,dresseur·euse,dresseur(euse),dresseur(-euse),dresseur.euse,dresseur[euse],dresseur[-euse],dresseur/euse,dresseur·euse·s,dresseur.euse.s,dresseur/euse/s
droitiers,droitier,droitier·ères,droitier(ère)s,droitier(-ère)s,droitier.ères,droitier[ère]s,droitier[-ère]s,droitier/ères,droitier·ère,droitier(ère),droitier(-ère),droitier.ère,droitier[ère],droitier[-ère],droitier/ère,droitier·ère·s,droitier.ère.s,droitier/ère/s
éboueurs,éboueur,éboueur·ices,éboueur(ice)s,éboueur(-ice)s,éboueur.ices,éboueur[ice]s,éboueur[-ice]s,éboueur/ices,éboueur·ice,éboueur(ice),éboueur(-ice),éboueur.ice,éboueur[ice],éboueur[-ice],éboueur/ice,éboueur·ice·s,éboueur.ice.s,éboueur/ice/s
écoliers,écolier,écolier·ères,écolier(ère)s,écolier(-ère)s,écolier.ères,écolier[ère]s,écolier[-ère]s,écolier/ères,écolier·ère,écolier(ère),écolier(-ère),écolier.ère,écolier[ère],écolier[-ère],écolier/ère,écolier·ère·s,écolier.ère.s,écolier/ère/s
écrivains,écrivain,écrivain·es,écrivain(e)s,écrivain(e)s,écrivain.es,écrivain[e]s,écrivain[e]s,écrivain/es,écrivain·e,écrivain(e),écrivain(e),écrivain.e,écrivain[e],écrivain[e],écrivain/e,écrivain·e·s,écrivain.e.s,écrivain/e/s
éditeurs,éditeur,éditeur·euses,éditeur(euse)s,éditeur(-euse)s,éditeur.euses,éditeur[euse]s,éditeur[-euse]s,éditeur/euses,éditeur·euse,éditeur(euse),éditeur(-euse),éditeur.euse,éditeur[euse],éditeur[-euse],éditeur/euse,éditeur·euse·s,éditeur.euse.s,éditeur/euse/s
éducateurs,éducateur,éducateur·ices,éducateur(ice)s,éducateur(-ice)s,éducateur.ices,éducateur[ice]s,éducateur[-ice]s,éducateur/ices,éducateur·ice,éducateur(ice),éducateur(-ice),éducateur.ice,éducateur[ice],éducateur[-ice],éducateur/ice,éducateur·ice·s,éducateur.ice.s,éducateur/ice/s
électeurs,électeur,électeur·ices,électeur(ice)s,électeur(-ice)s,électeur.ices,électeur[ice]s,électeur[-ice]s,électeur/ices,électeur·ice,électeur(ice),électeur(-ice),électeur.ice,électeur[ice],électeur[-ice],électeur/ice,électeur·ice·s,électeur.ice.s,électeur/ice/s
électriciens,électricien,électricien·nes,électricien(ne)s,électricien(ne)s,électricien.nes,électricien[ne]s,électricien[ne]s,électricien/nes,électricien·ne,électricien(ne),électricien(ne),électricien.ne,électricien[ne],électricien[ne],électricien/ne,électricien·ne·s,électricien.ne.s,électricien/ne/s
éleveurs,éleveur,éleveur·euses,éleveur(euse)s,éleveur(-euse)s,éleveur.euses,éleveur[euse]s,éleveur[-euse]s,éleveur/euses,éleveur·euse,éleveur(euse),éleveur(-euse),éleveur.euse,éleveur[euse],éleveur[-euse],éleveur/euse,éleveur·euse·s,éleveur.euse.s,éleveur/euse/s
émetteurs,émetteur,émetteur·euses,émetteur(euse)s,émetteur(-euse)s,émetteur.euses,émetteur[euse]s,émetteur[-euse]s,émetteur/euses,émetteur·euse,émetteur(euse),émetteur(-euse),émetteur.euse,émetteur[euse],émetteur[-euse],émetteur/euse,émetteur·euse·s,émetteur.euse.s,émetteur/euse/s
empereurs,empereur,empereur·euses,empereur(euse)s,empereur(-euse)s,empereur.euses,empereur[euse]s,empereur[-euse]s,empereur/euses,empereur·euse,empereur(euse),empereur(-euse),empereur.euse,empereur[euse],empereur[-euse],empereur/euse,empereur·euse·s,empereur.euse.s,empereur/euse/s
employés,employé,employé·es,employé(e)s,employé(e)s,employé.es,employé[e]s,employé[e]s,employé/es,employé·e,employé(e),employé(e),employé.e,employé[e],employé[e],employé/e,employé·e·s,employé.e.s,employé/e/s
employeurs,employeur,employeur·ices,employeur(ice)s,employeur(-ice)s,employeur.ices,employeur[ice]s,employeur[-ice]s,employeur/ices,employeur·ice,employeur(ice),employeur(-ice),employeur.ice,employeur[ice],employeur[-ice],employeur/ice,employeur·ice·s,employeur.ice.s,employeur/ice/s
emprunteurs,emprunteur,emprunteur·euses,emprunteur(euse)s,emprunteur(-euse)s,emprunteur.euses,emprunteur[euse]s,emprunteur[-euse]s,emprunteur/euses,emprunteur·euse,emprunteur(euse),emprunteur(-euse),emprunteur.euse,emprunteur[euse],emprunteur[-euse],emprunteur/euse,emprunteur·euse·s,emprunteur.euse.s,emprunteur/euse/s
encadrants,encadrant,encadrant·es,encadrant(e)s,encadrant(e)s,encadrant.es,encadrant[e]s,encadrant[e]s,encadrant/es,encadrant·e,encadrant(e),encadrant(e),encadrant.e,encadrant[e],encadrant[e],encadrant/e,encadrant·e·s,encadrant.e.s,encadrant/e/s
enchanteurs,enchanteur,enchanteur·euses,enchanteur(euse)s,enchanteur(-euse)s,enchanteur.euses,enchanteur[euse]s,enchanteur[-euse]s,enchanteur/euses,enchanteur·euse,enchanteur(euse),enchanteur(-euse),enchanteur.euse,enchanteur[euse],enchanteur[-euse],enchanteur/euse,enchanteur·euse·s,enchanteur.euse.s,enchanteur/euse/s
ennemis,ennemi,ennemi·es,ennemi(e)s,ennemi(e)s,ennemi.es,ennemi[e]s,ennemi[e]s,ennemi/es,ennemi·e,ennemi(e),ennemi(e),ennemi.e,ennemi[e],ennemi[e],ennemi/e,ennemi·e·s,ennemi.e.s,ennemi/e/s
enquêteurs,enquêteur,enquêteur·euses,enquêteur(euse)s,enquêteur(-euse)s,enquêteur.euses,enquêteur[euse]s,enquêteur[-euse]s,enquêteur/euses,enquêteur·euse,enquêteur(euse),enquêteur(-euse),enquêteur.euse,enquêteur[euse],enquêteur[-euse],enquêteur/euse,enquêteur·euse·s,enquêteur.euse.s,enquêteur/euse/s
enseignants,enseignant,enseignant·es,enseignant(e)s,enseignant(e)s,enseignant.es,enseignant[e]s,enseignant[e]s,enseignant/es,enseignant·e,enseignant(e),enseignant(e),enseignant.e,enseignant[e],enseignant[e],enseignant/e,enseignant·e·s,enseignant.e.s,enseignant/e/s
entraîneurs,entraîneur,entraîneur·euses,entraîneur(euse)s,entraîneur(-euse)s,entraîneur.euses,entraîneur[euse]s,entraîneur[-euse]s,entraîneur/euses,entraîneur·euse,entraîneur(euse),entraîneur(-euse),entraîneur.euse,entraîneur[euse],entraîneur[-euse],entraîneur/euse,entraîneur·euse·s,entraîneur.euse.s,entraîneur/euse/s
entrepreneurs,entrepreneur,entrepreneur·euses,entrepreneur(euse)s,entrepreneur(-euse)s,entrepreneur.euses,entrepreneur[euse]s,entrepreneur[-euse]s,entrepreneur/euses,entrepreneur·euse,entrepreneur(euse),entrepreneur(-euse),entrepreneur.euse,entrepreneur[euse],entrepreneur[-euse],entrepreneur/euse,entrepreneur·euse·s,entrepreneur.euse.s,entrepreneur/euse/s
épargnants,épargnant,épargnant·es,épargnant(e)s,épargnant(e)s,épargnant.es,épargnant[e]s,épargnant[e]s,épargnant/es,épargnant·e,épargnant(e),épargnant(e),épargnant.e,épargnant[e],épargnant[e],épargnant/e,épargnant·e·s,épargnant.e.s,épargnant/e/s
épiciers,épicier,épicier·ères,épicier(ère)s,épicier(-ère)s,épicier.ères,épicier[ère]s,épicier[-ère]s,épicier/ères,épicier·ère,épicier(ère),épicier(-ère),épicier.ère,épicier[ère],épicier[-ère],épicier/ère,épicier·ère·s,épicier.ère.s,épicier/ère/s
épicuriens,épicurien,épicurien·nes,épicurien(ne)s,épicurien(ne)s,épicurien.nes,épicurien[ne]s,épicurien[ne]s,épicurien/nes,épicurien·ne,épicurien(ne),épicurien(ne),épicurien.ne,épicurien[ne],épicurien[ne],épicurien/ne,épicurien·ne·s,épicurien.ne.s,épicurien/ne/s
époux,époux,époux·ses,époux(se)s,époux(se)s,époux.ses,époux[se]s,époux[se]s,époux/ses,époux·se,époux(se),époux(se),époux.se,époux[se],époux[se],époux/se,époux·se·s,époux.se.s,époux/se/s
érudits,érudit,érudit·es,érudit(e)s,érudit(e)s,érudit.es,érudit[e]s,érudit[e]s,érudit/es,érudit·e,érudit(e),érudit(e),érudit.e,érudit[e],érudit[e],érudit/e,érudit·e·s,érudit.e.s,érudit/e/s
esthéticiens,esthéticien,esthéticien·nes,esthéticien(ne)s,esthéticien(ne)s,esthéticien.nes,esthéticien[ne]s,esthéticien[ne]s,esthéticien/nes,esthéticien·ne,esthéticien(ne),esthéticien(ne),esthéticien.ne,esthéticien[ne],esthéticien[ne],esthéticien/ne,esthéticien·ne·s,esthéticien.ne.s,esthéticien/ne/s
étudiants,étudiant,étudiant·es,étudiant(e)s,étudiant(e)s,étudiant.es,étudiant[e]s,étudiant[e]s,étudiant/es,étudiant·e,étudiant(e),étudiant(e),étudiant.e,étudiant[e],étudiant[e],étudiant/e,étudiant·e·s,étudiant.e.s,étudiant/e/s
européens,européen,européen·nes,européen(ne)s,européen(ne)s,européen.nes,européen[ne]s,européen[ne]s,européen/nes,européen·ne,européen(ne),européen(ne),européen.ne,européen[ne],européen[ne],européen/ne,européen·ne·s,européen.ne.s,européen/ne/s
évaluateurs,évaluateur,évaluateur·euses,évaluateur(euse)s,évaluateur(-euse)s,évaluateur.euses,évaluateur[euse]s,évaluateur[-euse]s,évaluateur/euses,évaluateur·euse,évaluateur(euse),évaluateur(-euse),évaluateur.euse,évaluateur[euse],évaluateur[-euse],évaluateur/euse,évaluateur·euse·s,évaluateur.euse.s,évaluateur/euse/s
examinateurs,examinateur,examinateur·euses,examinateur(euse)s,examinateur(-euse)s,examinateur.euses,examinateur[euse]s,examinateur[-euse]s,examinateur/euses,examinateur·euse,examinateur(euse),examinateur(-euse),examinateur.euse,examinateur[euse],examinateur[-euse],examinateur/euse,examinateur·euse·s,examinateur.euse.s,examinateur/euse/s
exécutants,exécutant,exécutant·es,exécutant(e)s,exécutant(e)s,exécutant.es,exécutant[e]s,exécutant[e]s,exécutant/es,exécutant·e,exécutant(e),exécutant(e),exécutant.e,exécutant[e],exécutant[e],exécutant/e,exécutant·e·s,exécutant.e.s,exécutant/e/s
exécuteurs,exécuteur,exécuteur·euses,exécuteur(euse)s,exécuteur(-euse)s,exécuteur.euses,exécuteur[euse]s,exécuteur[-euse]s,exécuteur/euses,exécuteur·euse,exécuteur(euse),exécuteur(-euse),exécuteur.euse,exécuteur[euse],exécuteur[-euse],exécuteur/euse,exécuteur·euse·s,exécuteur.euse.s,exécuteur/euse/s
exilés,exilé,exilé·es,exilé(e)s,exilé(e)s,exilé.es,exilé[e]s,exilé[e]s,exilé/es,exilé·e,exilé(e),exilé(e),exilé.e,exilé[e],exilé[e],exilé/e,exilé·e·s,exilé.e.s,exilé/e/s
expatriés,expatrié,expatrié·es,expatrié(e)s,expatrié(e)s,expatrié.es,expatrié[e]s,expatrié[e]s,expatrié/es,expatrié·e,expatrié(e),expatrié(e),expatrié.e,expatrié[e],expatrié[e],expatrié/e,expatrié·e·s,expatrié.e.s,expatrié/e/s
expéditeurs,expéditeur,expéditeur·euses,expéditeur(euse)s,expéditeur(-euse)s,expéditeur.euses,expéditeur[euse]s,expéditeur[-euse]s,expéditeur/euses,expéditeur·euse,expéditeur(euse),expéditeur(-euse),expéditeur.euse,expéditeur[euse],expéditeur[-euse],expéditeur/euse,expéditeur·euse·s,expéditeur.euse.s,expéditeur/euse/s
exploitants,exploitant,exploitant·es,exploitant(e)s,exploitant(e)s,exploitant.es,exploitant[e]s,exploitant[e]s,exploitant/es,exploitant·e,exploitant(e),exploitant(e),exploitant.e,exploitant[e],exploitant[e],exploitant/e,exploitant·e·s,exploitant.e.s,exploitant/e/s
explorateurs,explorateur,explorateur·ices,explorateur(ice)s,explorateur(-ice)s,explorateur.ices,explorateur[ice]s,explorateur[-ice]s,explorateur/ices,explorateur·ice,explorateur(ice),explorateur(-ice),explorateur.ice,explorateur[ice],explorateur[-ice],explorateur/ice,explorateur·ice·s,explorateur.ice.s,explorateur/ice/s
exterminateurs,exterminateur,exterminateur·euses,exterminateur(euse)s,exterminateur(-euse)s,exterminateur.euses,exterminateur[euse]s,exterminateur[-euse]s,exterminateur/euses,exterminateur·euse,exterminateur(euse),exterminateur(-euse),exterminateur.euse,exterminateur[euse],exterminateur[-euse],exterminateur/euse,exterminateur·euse·s,exterminateur.euse.s,exterminateur/euse/s
fabricants,fabricant,fabricant·es,fabricant(e)s,fabricant(e)s,fabricant.es,fabricant[e]s,fabricant[e]s,fabricant/es,fabricant·e,fabricant(e),fabricant(e),fabricant.e,fabricant[e],fabricant[e],fabricant/e,fabricant·e·s,fabricant.e.s,fabricant/e/s
facilitateurs,facilitateur,facilitateur·ices,facilitateur(ice)s,facilitateur(-ice)s,facilitateur.ices,facilitateur[ice]s,facilitateur[-ice]s,facilitateur/ices,facilitateur·ice,facilitateur(ice),facilitateur(-ice),facilitateur.ice,facilitateur[ice],facilitateur[-ice],facilitateur/ice,facilitateur·ice·s,facilitateur.ice.s,facilitateur/ice/s
facteurs,facteur,facteur·ices,facteur(ice)s,facteur(-ice)s,facteur.ices,facteur[ice]s,facteur[-ice]s,facteur/ices,facteur·ice,facteur(ice),facteur(-ice),facteur.ice,facteur[ice],facteur[-ice],facteur/ice,facteur·ice·s,facteur.ice.s,facteur/ice/s
figurants,figurant,figurant·es,figurant(e)s,figurant(e)s,figurant.es,figurant[e]s,figurant[e]s,figurant/es,figurant·e,figurant(e),figurant(e),figurant.e,figurant[e],figurant[e],figurant/e,figurant·e·s,figurant.e.s,figurant/e/s
fondateurs,fondateur,fondateur·euses,fondateur(euse)s,fondateur(-euse)s,fondateur.euses,fondateur[euse]s,fondateur[-euse]s,fondateur/euses,fondateur·euse,fondateur(euse),fondateur(-euse),fondateur.euse,fondateur[euse],fondateur[-euse],fondateur/euse,fondateur·euse·s,fondateur.euse.s,fondateur/euse/s
forgerons,forgeron,forgeron·nes,forgeron(ne)s,forgeron(ne)s,forgeron.nes,forgeron[ne]s,forgeron[ne]s,forgeron/nes,forgeron·ne,forgeron(ne),forgeron(ne),forgeron.ne,forgeron[ne],forgeron[ne],forgeron/ne,forgeron·ne·s,forgeron.ne.s,forgeron/ne/s
formateurs,formateur,formateur·ices,formateur(ice)s,formateur(-ice)s,formateur.ices,formateur[ice]s,formateur[-ice]s,formateur/ices,formateur·ice,formateur(ice),formateur(-ice),formateur.ice,formateur[ice],formateur[-ice],formateur/ice,formateur·ice·s,formateur.ice.s,formateur/ice/s
fournisseurs,fournisseur,fournisseur·euses,fournisseur(euse)s,fournisseur(-euse)s,fournisseur.euses,fournisseur[euse]s,fournisseur[-euse]s,fournisseur/euses,fournisseur·euse,fournisseur(euse),fournisseur(-euse),fournisseur.euse,fournisseur[euse],fournisseur[-euse],fournisseur/euse,fournisseur·euse·s,fournisseur.euse.s,fournisseur/euse/s
fraudeurs,fraudeur,fraudeur·euses,fraudeur(euse)s,fraudeur(-euse)s,fraudeur.euses,fraudeur[euse]s,fraudeur[-euse]s,fraudeur/euses,fraudeur·euse,fraudeur(euse),fraudeur(-euse),fraudeur.euse,fraudeur[euse],fraudeur[-euse],fraudeur/euse,fraudeur·euse·s,fraudeur.euse.s,fraudeur/euse/s
fromagers,fromager,fromager·ères,fromager(ère)s,fromager(-ère)s,fromager.ères,fromager[ère]s,fromager[-ère]s,fromager/ères,fromager·ère,fromager(ère),fromager(-ère),fromager.ère,fromager[ère],fromager[-ère],fromager/ère,fromager·ère·s,fromager.ère.s,fromager/ère/s
fumeurs,fumeur,fumeur·euses,fumeur(euse)s,fumeur(-euse)s,fumeur.euses,fumeur[euse]s,fumeur[-euse]s,fumeur/euses,fumeur·euse,fumeur(euse),fumeur(-euse),fumeur.euse,fumeur[euse],fumeur[-euse],fumeur/euse,fumeur·euse·s,fumeur.euse.s,fumeur/euse/s
gagnants,gagnant,gagnant·es,gagnant(e)s,gagnant(e)s,gagnant.es,gagnant[e]s,gagnant[e]s,gagnant/es,gagnant·e,gagnant(e),gagnant(e),gagnant.e,gagnant[e],gagnant[e],gagnant/e,gagnant·e·s,gagnant.e.s,gagnant/e/s
gamers,gamer,gamer·ères,gamer(ère)s,gamer(-ère)s,gamer.ères,gamer[ère]s,gamer[-ère]s,gamer/ères,gamer·ère,gamer(ère),gamer(-ère),gamer.ère,gamer[ère],gamer[-ère],gamer/ère,gamer·ère·s,gamer.ère.s,gamer/ère/s
garants,garant,garant·es,garant(e)s,garant(e)s,garant.es,garant[e]s,garant[e]s,garant/es,garant·e,garant(e),garant(e),garant.e,garant[e],garant[e],garant/e,garant·e·s,garant.e.s,garant/e/s
gardiens,gardien,gardien·nes,gardien(ne)s,gardien(ne)s,gardien.nes,gardien[ne]s,gardien[ne]s,gardien/nes,gardien·ne,gardien(ne),gardien(ne),gardien.ne,gardien[ne],gardien[ne],gardien/ne,gardien·ne·s,gardien.ne.s,gardien/ne/s
gauchers,gaucher,gaucher·ères,gaucher(ère)s,gaucher(-ère)s,gaucher.ères,gaucher[ère]s,gaucher[-ère]s,gaucher/ères,gaucher·ère,gaucher(ère),gaucher(-ère),gaucher.ère,gaucher[ère],gaucher[-ère],gaucher/ère,gaucher·ère·s,gaucher.ère.s,gaucher/ère/s
gaulois,gaulois,gaulois·es,gaulois(e)s,gaulois(e)s,gaulois.es,gaulois[e]s,gaulois[e]s,gaulois/es,gaulois·e,gaulois(e),gaulois(e),gaulois.e,gaulois[e],gaulois[e],gaulois/e,gaulois·e·s,gaulois.e.s,gaulois/e/s
géants,géant,géant·es,géant(e)s,géant(e)s,géant.es,géant[e]s,géant[e]s,géant/es,géant·e,géant(e),géant(e),géant.e,géant[e],géant[e],géant/e,géant·e·s,géant.e.s,géant/e/s
généraux,général,généraux·ales,généraux(ale)s,généraux(-ale)s,généraux.ales,généraux[ale]s,généraux[-ale]s,généraux/ales,général·e,général(e),général(e),général.e,général[e],général[e],général/e,général·e·s,général.e.s,général/e/s
généticiens,généticien,généticien·nes,généticien(ne)s,généticien(ne)s,généticien.nes,généticien[ne]s,généticien[ne]s,généticien/nes,généticien·ne,généticien(ne),généticien(ne),généticien.ne,généticien[ne],généticien[ne],généticien/ne,généticien·ne·s,généticien.ne.s,généticien/ne/s
géniteurs,géniteur,géniteur·euses,géniteur(euse)s,géniteur(-euse)s,géniteur.euses,géniteur[euse]s,géniteur[-euse]s,géniteur/euses,géniteur·euse,géniteur(euse),géniteur(-euse),géniteur.euse,géniteur[euse],géniteur[-euse],géniteur/euse,géniteur·euse·s,géniteur.euse.s,géniteur/euse/s
golfeurs,golfeur,golfeur·euses,golfeur(euse)s,golfeur(-euse)s,golfeur.euses,golfeur[euse]s,golfeur[-euse]s,golfeur/euses,golfeur·euse,golfeur(euse),golfeur(-euse),golfeur.euse,golfeur[euse],golfeur[-euse],golfeur/euse,golfeur·euse·s,golfeur.euse.s,golfeur/euse/s
gouverneurs,gouverneur,gouverneur·euses,gouverneur(euse)s,gouverneur(-euse)s,gouverneur.euses,gouverneur[euse]s,gouverneur[-euse]s,gouverneur/euses,gouverneur·euse,gouverneur(euse),gouverneur(-euse),gouverneur.euse,gouverneur[euse],gouverneur[-euse],gouverneur/euse,gouverneur·euse·s,gouverneur.euse.s,gouverneur/euse/s
grammairiens,grammairien,grammairien·nes,grammairien(ne)s,grammairien(ne)s,grammairien.nes,grammairien[ne]s,grammairien[ne]s,grammairien/nes,grammairien·ne,grammairien(ne),grammairien(ne),grammairien.ne,grammairien[ne],grammairien[ne],grammairien/ne,grammairien·ne·s,grammairien.ne.s,grammairien/ne/s
graveurs,graveur,graveur·euses,graveur(euse)s,graveur(-euse)s,graveur.euses,graveur[euse]s,graveur[-euse]s,graveur/euses,graveur·euse,graveur(euse),graveur(-euse),graveur.euse,graveur[euse],graveur[-euse],graveur/euse,graveur·euse·s,graveur.euse.s,graveur/euse/s
greffiers,greffier,greffier·ères,greffier(ère)s,greffier(-ère)s,greffier.ères,greffier[ère]s,greffier[-ère]s,greffier/ères,greffier·ère,greffier(ère),greffier(-ère),greffier.ère,greffier[ère],greffier[-ère],greffier/ère,greffier·ère·s,greffier.ère.s,greffier/ère/s
grimpeurs,grimpeur,grimpeur·euses,grimpeur(euse)s,grimpeur(-euse)s,grimpeur.euses,grimpeur[euse]s,grimpeur[-euse]s,grimpeur/euses,grimpeur·euse,grimpeur(euse),grimpeur(-euse),grimpeur.euse,grimpeur[euse],grimpeur[-euse],grimpeur/euse,grimpeur·euse·s,grimpeur.euse.s,grimpeur/euse/s
grutiers,grutier,grutier·ères,grutier(ère)s,grutier(-ère)s,grutier.ères,grutier[ère]s,grutier[-ère]s,grutier/ères,grutier·ère,grutier(ère),grutier(-ère),grutier.ère,grutier[ère],grutier[-ère],grutier/ère,grutier·ère·s,grutier.ère.s,grutier/ère/s
habilleurs,habilleur,habilleur·euses,habilleur(euse)s,habilleur(-euse)s,habilleur.euses,habilleur[euse]s,habilleur[-euse]s,habilleur/euses,habilleur·euse,habilleur(euse),habilleur(-euse),habilleur.euse,habilleur[euse],habilleur[-euse],habilleur/euse,habilleur·euse·s,habilleur.euse.s,habilleur/euse/s
habitants,habitant,habitant·es,habitant(e)s,habitant(e)s,habitant.es,habitant[e]s,habitant[e]s,habitant/es,habitant·e,habitant(e),habitant(e),habitant.e,habitant[e],habitant[e],habitant/e,habitant·e·s,habitant.e.s,habitant/e/s
habitués,habitué,habitué·es,habitué(e)s,habitué(e)s,habitué.es,habitué[e]s,habitué[e]s,habitué/es,habitué·e,habitué(e),habitué(e),habitué.e,habitué[e],habitué[e],habitué/e,habitué·e·s,habitué.e.s,habitué/e/s
handicapés,handicapé,handicapé·es,handicapé(e)s,handicapé(e)s,handicapé.es,handicapé[e]s,handicapé[e]s,handicapé/es,handicapé·e,handicapé(e),handicapé(e),handicapé.e,handicapé[e],handicapé[e],handicapé/e,handicapé·e·s,handicapé.e.s,handicapé/e/s
hébergeurs,hébergeur,hébergeur·euses,hébergeur(euse)s,hébergeur(-euse)s,hébergeur.euses,hébergeur[euse]s,hébergeur[-euse]s,hébergeur/euses,hébergeur·euse,hébergeur(euse),hébergeur(-euse),hébergeur.euse,hébergeur[euse],hébergeur[-euse],hébergeur/euse,hébergeur·euse·s,hébergeur.euse.s,hébergeur/euse/s
héritiers,héritier,héritier·ères,héritier(ère)s,héritier(-ère)s,héritier.ères,héritier[ère]s,héritier[-ère]s,héritier/ères,héritier·ère,héritier(ère),héritier(-ère),héritier.ère,héritier[ère],héritier[-ère],héritier/ère,héritier·ère·s,héritier.ère.s,héritier/ère/s
héros,héros,héro·ïnes,héro(ïne)s,héro(-ïne)s,héro.ïnes,héro[ïne]s,héro[-ïne]s,héro/ïnes,héros·ïne,héros(ïne),héros(-ïne),héros.ïne,héros[ïne],héros[-ïne],héros/ïne,héros·ïne·s,héros.ïne.s,héros/ïne/s
historiens,historien,historien·nes,historien(ne)s,historien(ne)s,historien.nes,historien[ne]s,historien[ne]s,historien/nes,historien·ne,historien(ne),historien(ne),historien.ne,historien[ne],historien[ne],historien/ne,historien·ne·s,historien.ne.s,historien/ne/s
homosexuels,homosexuel,homosexuel·les,homosexuel(le)s,homosexuel(le)s,homosexuel.les,homosexuel[le]s,homosexuel[le]s,homosexuel/les,homosexuel·le,homosexuel(le),homosexuel(le),homosexuel.le,homosexuel[le],homosexuel[le],homosexuel/le,homosexuel·le·s,homosexuel.le.s,homosexuel/le/s
horticulteurs,horticulteur,horticulteur·ices,horticulteur(ice)s,horticulteur(-ice)s,horticulteur.ices,horticulteur[ice]s,horticulteur[-ice]s,horticulteur/ices,horticulteur·ice,horticulteur(ice),horticulteur(-ice),horticulteur.ice,horticulteur[ice],horticulteur[-ice],horticulteur/ice,horticulteur·ice·s,horticulteur.ice.s,horticulteur/ice/s
huissiers,huissier,huissier·ères,huissier(ère)s,huissier(-ère)s,huissier.ères,huissier[ère]s,huissier[-ère]s,huissier/ères,huissier·ère,huissier(ère),huissier(-ère),huissier.ère,huissier[ère],huissier[-ère],huissier/ère,huissier·ère·s,huissier.ère.s,huissier/ère/s
humains,humain,humain·es,humain(e)s,humain(e)s,humain.es,humain[e]s,humain[e]s,humain/es,humain·e,humain(e),humain(e),humain.e,humain[e],humain[e],humain/e,humain·e·s,humain.e.s,humain/e/s
illuminés,illuminé,illuminé·es,illuminé(e)s,illuminé(e)s,illuminé.es,illuminé[e]s,illuminé[e]s,illuminé/es,illuminé·e,illuminé(e),illuminé(e),illuminé.e,illuminé[e],illuminé[e],illuminé/e,illuminé·e·s,illuminé.e.s,illuminé/e/s
illustrateurs,illustrateur,illustrateur·ices,illustrateur(ice)s,illustrateur(-ice)s,illustrateur.ices,illustrateur[ice]s,illustrateur[-ice]s,illustrateur/ices,illustrateur·ice,illustrateur(ice),illustrateur(-ice),illustrateur.ice,illustrateur[ice],illustrateur[-ice],illustrateur/ice,illustrateur·ice·s,illustrateur.ice.s,illustrateur/ice/s
immigrés,immigré,immigré·es,immigré(e)s,immigré(e)s,immigré.es,immigré[e]s,immigré[e]s,immigré/es,immigré·e,immigré(e),immigré(e),immigré.e,immigré[e],immigré[e],immigré/e,immigré·e·s,immigré.e.s,immigré/e/s
importateurs,importateur,importateur·ices,importateur(ice)s,importateur(-ice)s,importateur.ices,importateur[ice]s,importateur[-ice]s,importateur/ices,importateur·ice,importateur(ice),importateur(-ice),importateur.ice,importateur[ice],importateur[-ice],importateur/ice,importateur·ice·s,importateur.ice.s,importateur/ice/s
imprimeurs,imprimeur,imprimeur·euses,imprimeur(euse)s,imprimeur(-euse)s,imprimeur.euses,imprimeur[euse]s,imprimeur[-euse]s,imprimeur/euses,imprimeur·euse,imprimeur(euse),imprimeur(-euse),imprimeur.euse,imprimeur[euse],imprimeur[-euse],imprimeur/euse,imprimeur·euse·s,imprimeur.euse.s,imprimeur/euse/s
inconnus,inconnu,inconnu·es,inconnu(e)s,inconnu(e)s,inconnu.es,inconnu[e]s,inconnu[e]s,inconnu/es,inconnu·e,inconnu(e),inconnu(e),inconnu.e,inconnu[e],inconnu[e],inconnu/e,inconnu·e·s,inconnu.e.s,inconnu/e/s
indépendants,indépendant,indépendant·es,indépendant(e)s,indépendant(e)s,indépendant.es,indépendant[e]s,indépendant[e]s,indépendant/es,indépendant·e,indépendant(e),indépendant(e),indépendant.e,indépendant[e],indépendant[e],indépendant/e,indépendant·e·s,indépendant.e.s,indépendant/e/s
indigents,indigent,indigent·es,indigent(e)s,indigent(e)s,indigent.es,indigent[e]s,indigent[e]s,indigent/es,indigent·e,indigent(e),indigent(e),indigent.e,indigent[e],indigent[e],indigent/e,indigent·e·s,indigent.e.s,indigent/e/s
industriels,industriel,industriel·les,industriel(le)s,industriel(le)s,industriel.les,industriel[le]s,industriel[le]s,industriel/les,industriel·le,industriel(le),industriel(le),industriel.le,industriel[le],industriel[le],industriel/le,industriel·le·s,industriel.le.s,industriel/le/s
informateurs,informateur,informateur·ices,informateur(ice)s,informateur(-ice)s,informateur.ices,informateur[ice]s,informateur[-ice]s,informateur/ices,informateur·ice,informateur(ice),informateur(-ice),informateur.ice,informateur[ice],informateur[-ice],informateur/ice,informateur·ice·s,informateur.ice.s,informateur/ice/s
informaticiens,informaticien,informaticien·nes,informaticien(ne)s,informaticien(ne)s,informaticien.nes,informaticien[ne]s,informaticien[ne]s,informaticien/nes,informaticien·ne,informaticien(ne),informaticien(ne),informaticien.ne,informaticien[ne],informaticien[ne],informaticien/ne,informaticien·ne·s,informaticien.ne.s,informaticien/ne/s
ingénieurs,ingénieur,ingénieur·es,ingénieur(e)s,ingénieur(e)s,ingénieur.es,ingénieur[e]s,ingénieur[e]s,ingénieur/es,ingénieur·e,ingénieur(e),ingénieur(e),ingénieur.e,ingénieur[e],ingénieur[e],ingénieur/e,ingénieur·e·s,ingénieur.e.s,ingénieur/e/s
initiés,initié,initié·es,initié(e)s,initié(e)s,initié.es,initié[e]s,initié[e]s,initié/es,initié·e,initié(e),initié(e),initié.e,initié[e],initié[e],initié/e,initié·e·s,initié.e.s,initié/e/s
innocents,innocent,innocent·es,innocent(e)s,innocent(e)s,innocent.es,innocent[e]s,innocent[e]s,innocent/es,innocent·e,innocent(e),innocent(e),innocent.e,innocent[e],innocent[e],innocent/e,innocent·e·s,innocent.e.s,innocent/e/s
innovateurs,innovateur,innovateur·ices,innovateur(ice)s,innovateur(-ice)s,innovateur.ices,innovateur[ice]s,innovateur[-ice]s,innovateur/ices,innovateur·ice,innovateur(ice),innovateur(-ice),innovateur.ice,innovateur[ice],innovateur[-ice],innovateur/ice,innovateur·ice·s,innovateur.ice.s,innovateur/ice/s
installateurs,installateur,installateur·ices,installateur(ice)s,installateur(-ice)s,installateur.ices,installateur[ice]s,installateur[-ice]s,installateur/ices,installateur·ice,installateur(ice),installateur(-ice),installateur.ice,installateur[ice],installateur[-ice],installateur/ice,installateur·ice·s,installateur.ice.s,installateur/ice/s
instituteurs,instituteur,instituteur·euses,instituteur(euse)s,instituteur(-euse)s,instituteur.euses,instituteur[euse]s,instituteur[-euse]s,instituteur/euses,instituteur·euse,instituteur(euse),instituteur(-euse),instituteur.euse,instituteur[euse],instituteur[-euse],instituteur/euse,instituteur·euse·s,instituteur.euse.s,instituteur/euse/s
instructeurs,instructeur,instructeur·ices,instructeur(ice)s,instructeur(-ice)s,instructeur.ices,instructeur[ice]s,instructeur[-ice]s,instructeur/ices,instructeur·ice,instructeur(ice),instructeur(-ice),instructeur.ice,instructeur[ice],instructeur[-ice],instructeur/ice,instructeur·ice·s,instructeur.ice.s,instructeur/ice/s
intellectuels,intellectuel,intellectuel·les,intellectuel(le)s,intellectuel(le)s,intellectuel.les,intellectuel[le]s,intellectuel[le]s,intellectuel/les,intellectuel·le,intellectuel(le),intellectuel(le),intellectuel.le,intellectuel[le],intellectuel[le],intellectuel/le,intellectuel·le·s,intellectuel.le.s,intellectuel/le/s
intéressés,intéressé,intéressé·es,intéressé(e)s,intéressé(e)s,intéressé.es,intéressé[e]s,intéressé[e]s,intéressé/es,intéressé·e,intéressé(e),intéressé(e),intéressé.e,intéressé[e],intéressé[e],intéressé/e,intéressé·e·s,intéressé.e.s,intéressé/e/s
interlocuteurs,interlocuteur,interlocuteur·euses,interlocuteur(euse)s,interlocuteur(-euse)s,interlocuteur.euses,interlocuteur[euse]s,interlocuteur[-euse]s,interlocuteur/euses,interlocuteur·euse,interlocuteur(euse),interlocuteur(-euse),interlocuteur.euse,interlocuteur[euse],interlocuteur[-euse],interlocuteur/euse,interlocuteur·euse·s,interlocuteur.euse.s,interlocuteur/euse/s
intervieweurs,intervieweur,intervieweur·ices,intervieweur(ice)s,intervieweur(-ice)s,intervieweur.ices,intervieweur[ice]s,intervieweur[-ice]s,intervieweur/ices,intervieweur·ice,intervieweur(ice),intervieweur(-ice),intervieweur.ice,intervieweur[ice],intervieweur[-ice],intervieweur/ice,intervieweur·ice·s,intervieweur.ice.s,intervieweur/ice/s
inventeurs,inventeur,inventeur·ices,inventeur(ice)s,inventeur(-ice)s,inventeur.ices,inventeur[ice]s,inventeur[-ice]s,inventeur/ices,inventeur·ice,inventeur(ice),inventeur(-ice),inventeur.ice,inventeur[ice],inventeur[-ice],inventeur/ice,inventeur·ice·s,inventeur.ice.s,inventeur/ice/s
investisseurs,investisseur,investisseur·euses,investisseur(euse)s,investisseur(-euse)s,investisseur.euses,investisseur[euse]s,investisseur[-euse]s,investisseur/euses,investisseur·euse,investisseur(euse),investisseur(-euse),investisseur.euse,investisseur[euse],investisseur[-euse],investisseur/euse,investisseur·euse·s,investisseur.euse.s,investisseur/euse/s
jardiniers,jardinier,jardinier·ères,jardinier(ère)s,jardinier(-ère)s,jardinier.ères,jardinier[ère]s,jardinier[-ère]s,jardinier/ères,jardinier·ère,jardinier(ère),jardinier(-ère),jardinier.ère,jardinier[ère],jardinier[-ère],jardinier/ère,jardinier·ère·s,jardinier.ère.s,jardinier/ère/s
joueurs,joueur,joueur·ices,joueur(ice)s,joueur(-ice)s,joueur.ices,joueur[ice]s,joueur[-ice]s,joueur/ices,joueur·ice,joueur(ice),joueur(-ice),joueur.ice,joueur[ice],joueur[-ice],joueur/ice,joueur·ice·s,joueur.ice.s,joueur/ice/s
juifs,juif,juif·ives,juif(ive)s,juif(-ive)s,juif.ives,juif[ive]s,juif[-ive]s,juif/ives,juif·ive,juif(ive),juif(-ive),juif.ive,juif[ive],juif[-ive],juif/ive,juif·ive·s,juif.ive.s,juif/ive/s
jumeaux,jumeau,jumeaux·elles,jumeaux(elle)s,jumeaux(-elle)s,jumeaux.elles,jumeaux[elle]s,jumeaux[-elle]s,jumeaux/elles,jumeau·elle,jumeau(elle),jumeau(-elle),jumeau.elle,jumeau[elle],jumeau[-elle],jumeau/elle,jumeau·elle·s,jumeau.elle.s,jumeau/elle/s
jurés,juré,juré·es,juré(e)s,juré(e)s,juré.es,juré[e]s,juré[e]s,juré/es,juré·e,juré(e),juré(e),juré.e,juré[e],juré[e],juré/e,juré·e·s,juré.e.s,juré/e/s
lanceurs,lanceur,lanceur·euses,lanceur(euse)s,lanceur(-euse)s,lanceur.euses,lanceur[euse]s,lanceur[-euse]s,lanceur/euses,lanceur·euse,lanceur(euse),lanceur(-euse),lanceur.euse,lanceur[euse],lanceur[-euse],lanceur/euse,lanceur·euse·s,lanceur.euse.s,lanceur/euse/s
lauréats,lauréat,lauréat·es,lauréat(e)s,lauréat(e)s,lauréat.es,lauréat[e]s,lauréat[e]s,lauréat/es,lauréat·e,lauréat(e),lauréat(e),lauréat.e,lauréat[e],lauréat[e],lauréat/e,lauréat·e·s,lauréat.e.s,lauréat/e/s
lecteurs,lecteur,lecteur·ices,lecteur(ice)s,lecteur(-ice)s,lecteur.ices,lecteur[ice]s,lecteur[-ice]s,lecteur/ices,lecteur·ice,lecteur(ice),lecteur(-ice),lecteur.ice,lecteur[ice],lecteur[-ice],lecteur/ice,lecteur·ice·s,lecteur.ice.s,lecteur/ice/s
législateurs,législateur,législateur·euses,législateur(euse)s,législateur(-euse)s,législateur.euses,législateur[euse]s,législateur[-euse]s,législateur/euses,législateur·euse,législateur(euse),législateur(-euse),législateur.euse,législateur[euse],législateur[-euse],législateur/euse,législateur·euse·s,législateur.euse.s,législateur/euse/s
lesbiens,lesbien,lesbien·nes,lesbien(ne)s,lesbien(ne)s,lesbien.nes,lesbien[ne]s,lesbien[ne]s,lesbien/nes,lesbien·ne,lesbien(ne),lesbien(ne),lesbien.ne,lesbien[ne],lesbien[ne],lesbien/ne,lesbien·ne·s,lesbien.ne.s,lesbien/ne/s
libérateurs,libérateur,libérateur·euses,libérateur(euse)s,libérateur(-euse)s,libérateur.euses,libérateur[euse]s,libérateur[-euse]s,libérateur/euses,libérateur·euse,libérateur(euse),libérateur(-euse),libérateur.euse,libérateur[euse],libérateur[-euse],libérateur/euse,libérateur·euse·s,libérateur.euse.s,libérateur/euse/s
livreurs,livreur,livreur·euses,livreur(euse)s,livreur(-euse)s,livreur.euses,livreur[euse]s,livreur[-euse]s,livreur/euses,livreur·euse,livreur(euse),livreur(-euse),livreur.euse,livreur[euse],livreur[-euse],livreur/euse,livreur·euse·s,livreur.euse.s,livreur/euse/s
locuteurs,locuteur,locuteur·euses,locuteur(euse)s,locuteur(-euse)s,locuteur.euses,locuteur[euse]s,locuteur[-euse]s,locuteur/euses,locuteur·euse,locuteur(euse),locuteur(-euse),locuteur.euse,locuteur[euse],locuteur[-euse],locuteur/euse,locuteur·euse·s,locuteur.euse.s,locuteur/euse/s
logiciens,logicien,logicien·nes,logicien(ne)s,logicien(ne)s,logicien.nes,logicien[ne]s,logicien[ne]s,logicien/nes,logicien·ne,logicien(ne),logicien(ne),logicien.ne,logicien[ne],logicien[ne],logicien/ne,logicien·ne·s,logicien.ne.s,logicien/ne/s
loueurs,loueur,loueur·ices,loueur(ice)s,loueur(-ice)s,loueur.ices,loueur[ice]s,loueur[-ice]s,loueur/ices,loueur·ice,loueur(ice),loueur(-ice),loueur.ice,loueur[ice],loueur[-ice],loueur/ice,loueur·ice·s,loueur.ice.s,loueur/ice/s
luthériens,luthérien,luthérien·nes,luthérien(ne)s,luthérien(ne)s,luthérien.nes,luthérien[ne]s,luthérien[ne]s,luthérien/nes,luthérien·ne,luthérien(ne),luthérien(ne),luthérien.ne,luthérien[ne],luthérien[ne],luthérien/ne,luthérien·ne·s,luthérien.ne.s,luthérien/ne/s
lutteurs,lutteur,lutteur·euses,lutteur(euse)s,lutteur(-euse)s,lutteur.euses,lutteur[euse]s,lutteur[-euse]s,lutteur/euses,lutteur·euse,lutteur(euse),lutteur(-euse),lutteur.euse,lutteur[euse],lutteur[-euse],lutteur/euse,lutteur·euse·s,lutteur.euse.s,lutteur/euse/s
lycéens,lycéen,lycéen·nes,lycéen(ne)s,lycéen(ne)s,lycéen.nes,lycéen[ne]s,lycéen[ne]s,lycéen/nes,lycéen·ne,lycéen(ne),lycéen(ne),lycéen.ne,lycéen[ne],lycéen[ne],lycéen/ne,lycéen·ne·s,lycéen.ne.s,lycéen/ne/s
maçons,maçon,maçon·nes,maçon(ne)s,maçon(ne)s,maçon.nes,maçon[ne]s,maçon[ne]s,maçon/nes,maçon·ne,maçon(ne),maçon(ne),maçon.ne,maçon[ne],maçon[ne],maçon/ne,maçon·ne·s,maçon.ne.s,maçon/ne/s
mafieux,mafieux,mafieux·ses,mafieux(se)s,mafieux(se)s,mafieux.ses,mafieux[se]s,mafieux[se]s,mafieux/ses,mafieux·se,mafieux(se),mafieux(se),mafieux.se,mafieux[se],mafieux[se],mafieux/se,mafieux·se·s,mafieux.se.s,mafieux/se/s
magiciens,magicien,magicien·nes,magicien(ne)s,magicien(ne)s,magicien.nes,magicien[ne]s,magicien[ne]s,magicien/nes,magicien·ne,magicien(ne),magicien(ne),magicien.ne,magicien[ne],magicien[ne],magicien/ne,magicien·ne·s,magicien.ne.s,magicien/ne/s
magistrats,magistrat,magistrat·es,magistrat(e)s,magistrat(e)s,magistrat.es,magistrat[e]s,magistrat[e]s,magistrat/es,magistrat·e,magistrat(e),magistrat(e),magistrat.e,magistrat[e],magistrat[e],magistrat/e,magistrat·e·s,magistrat.e.s,magistrat/e/s
manifestants,manifestant,manifestant·es,manifestant(e)s,manifestant(e)s,manifestant.es,manifestant[e]s,manifestant[e]s,manifestant/es,manifestant·e,manifestant(e),manifestant(e),manifestant.e,manifestant[e],manifestant[e],manifestant/e,manifestant·e·s,manifestant.e.s,manifestant/e/s
marcheurs,marcheur,marcheur·ices,marcheur(ice)s,marcheur(-ice)s,marcheur.ices,marcheur[ice]s,marcheur[-ice]s,marcheur/ices,marcheur·ice,marcheur(ice),marcheur(-ice),marcheur.ice,marcheur[ice],marcheur[-ice],marcheur/ice,marcheur·ice·s,marcheur.ice.s,marcheur/ice/s
mariés,marié,marié·es,marié(e)s,marié(e)s,marié.es,marié[e]s,marié[e]s,marié/es,marié·e,marié(e),marié(e),marié.e,marié[e],marié[e],marié/e,marié·e·s,marié.e.s,marié/e/s
marins,marin,marin·es,marin(e)s,marin(e)s,marin.es,marin[e]s,marin[e]s,marin/es,marin·e,marin(e),marin(e),marin.e,marin[e],marin[e],marin/e,marin·e·s,marin.e.s,marin/e/s
mathématiciens,mathématicien,mathématicien·nes,mathématicien(ne)s,mathématicien(ne)s,mathématicien.nes,mathématicien[ne]s,mathématicien[ne]s,mathématicien/nes,mathématicien·ne,mathématicien(ne),mathématicien(ne),mathématicien.ne,mathématicien[ne],mathématicien[ne],mathématicien/ne,mathématicien·ne·s,mathématicien.ne.s,mathématicien/ne/s
matheux,matheux,matheux·ses,matheux(se)s,matheux(se)s,matheux.ses,matheux[se]s,matheux[se]s,matheux/ses,matheux·se,matheux(se),matheux(se),matheux.se,matheux[se],matheux[se],matheux/se,matheux·se·s,matheux.se.s,matheux/se/s
mécaniciens,mécanicien,mécanicien·nes,mécanicien(ne)s,mécanicien(ne)s,mécanicien.nes,mécanicien[ne]s,mécanicien[ne]s,mécanicien/nes,mécanicien·ne,mécanicien(ne),mécanicien(ne),mécanicien.ne,mécanicien[ne],mécanicien[ne],mécanicien/ne,mécanicien·ne·s,mécanicien.ne.s,mécanicien/ne/s
médaillés,médaillé,médaillé·es,médaillé(e)s,médaillé(e)s,médaillé.es,médaillé[e]s,médaillé[e]s,médaillé/es,médaillé·e,médaillé(e),médaillé(e),médaillé.e,médaillé[e],médaillé[e],médaillé/e,médaillé·e·s,médaillé.e.s,médaillé/e/s
médiateurs,médiateur,médiateur·euses,médiateur(euse)s,médiateur(-euse)s,médiateur.euses,médiateur[euse]s,médiateur[-euse]s,médiateur/euses,médiateur·euse,médiateur(euse),médiateur(-euse),médiateur.euse,médiateur[euse],médiateur[-euse],médiateur/euse,médiateur·euse·s,médiateur.euse.s,médiateur/euse/s
mendiants,mendiant,mendiant·es,mendiant(e)s,mendiant(e)s,mendiant.es,mendiant[e]s,mendiant[e]s,mendiant/es,mendiant·e,mendiant(e),mendiant(e),mendiant.e,mendiant[e],mendiant[e],mendiant/e,mendiant·e·s,mendiant.e.s,mendiant/e/s
messagers,messager,messager·ères,messager(ère)s,messager(-ère)s,messager.ères,messager[ère]s,messager[-ère]s,messager/ères,messager·ère,messager(ère),messager(-ère),messager.ère,messager[ère],messager[-ère],messager/ère,messager·ère·s,messager.ère.s,messager/ère/s
metteurs,metteur,metteur·euses,metteur(euse)s,metteur(-euse)s,metteur.euses,metteur[euse]s,metteur[-euse]s,metteur/euses,metteur·euse,metteur(euse),metteur(-euse),metteur.euse,metteur[euse],metteur[-euse],metteur/euse,metteur·euse·s,metteur.euse.s,metteur/euse/s
meurtriers,meurtrier,meurtrier·ères,meurtrier(ère)s,meurtrier(-ère)s,meurtrier.ères,meurtrier[ère]s,meurtrier[-ère]s,meurtrier/ères,meurtrier·ère,meurtrier(ère),meurtrier(-ère),meurtrier.ère,meurtrier[ère],meurtrier[-ère],meurtrier/ère,meurtrier·ère·s,meurtrier.ère.s,meurtrier/ère/s
militants,militant,militant·es,militant(e)s,militant(e)s,militant.es,militant[e]s,militant[e]s,militant/es,militant·e,militant(e),militant(e),militant.e,militant[e],militant[e],militant/e,militant·e·s,militant.e.s,militant/e/s
mineurs,mineur,mineur·euses,mineur(euse)s,mineur(-euse)s,mineur.euses,mineur[euse]s,mineur[-euse]s,mineur/euses,mineur·euse,mineur(euse),mineur(-euse),mineur.euse,mineur[euse],mineur[-euse],mineur/euse,mineur·euse·s,mineur.euse.s,mineur/euse/s
modérateurs,modérateur,modérateur·euses,modérateur(euse)s,modérateur(-euse)s,modérateur.euses,modérateur[euse]s,modérateur[-euse]s,modérateur/euses,modérateur·euse,modérateur(euse),modérateur(-euse),modérateur.euse,modérateur[euse],modérateur[-euse],modérateur/euse,modérateur·euse·s,modérateur.euse.s,modérateur/euse/s
moniteurs,moniteur,moniteur·euses,moniteur(euse)s,moniteur(-euse)s,moniteur.euses,moniteur[euse]s,moniteur[-euse]s,moniteur/euses,moniteur·euse,moniteur(euse),moniteur(-euse),moniteur.euse,moniteur[euse],moniteur[-euse],moniteur/euse,moniteur·euse·s,moniteur.euse.s,moniteur/euse/s
monteurs,monteur,monteur·ices,monteur(ice)s,monteur(-ice)s,monteur.ices,monteur[ice]s,monteur[-ice]s,monteur/ices,monteur·ice,monteur(ice),monteur(-ice),monteur.ice,monteur[ice],monteur[-ice],monteur/ice,monteur·ice·s,monteur.ice.s,monteur/ice/s
mortels,mortel,mortel·les,mortel(le)s,mortel(le)s,mortel.les,mortel[le]s,mortel[le]s,mortel/les,mortel·le,mortel(le),mortel(le),mortel.le,mortel[le],mortel[le],mortel/le,mortel·le·s,mortel.le.s,mortel/le/s
mosellans,mosellan,mosellan·es,mosellan(e)s,mosellan(e)s,mosellan.es,mosellan[e]s,mosellan[e]s,mosellan/es,mosellan·e,mosellan(e),mosellan(e),mosellan.e,mosellan[e],mosellan[e],mosellan/e,mosellan·e·s,mosellan.e.s,mosellan/e/s
motards,motard,motard·es,motard(e)s,motard(e)s,motard.es,motard[e]s,motard[e]s,motard/es,motard·e,motard(e),motard(e),motard.e,motard[e],motard[e],motard/e,motard·e·s,motard.e.s,motard/e/s
musiciens,musicien,musicien·nes,musicien(ne)s,musicien(ne)s,musicien.nes,musicien[ne]s,musicien[ne]s,musicien/nes,musicien·ne,musicien(ne),musicien(ne),musicien.ne,musicien[ne],musicien[ne],musicien/ne,musicien·ne·s,musicien.ne.s,musicien/ne/s
musulmans,musulman,musulman·es,musulman(e)s,musulman(e)s,musulman.es,musulman[e]s,musulman[e]s,musulman/es,musulman·e,musulman(e),musulman(e),musulman.e,musulman[e],musulman[e],musulman/e,musulman·e·s,musulman.e.s,musulman/e/s
nageurs,nageur,nageur·euses,nageur(euse)s,nageur(-euse)s,nageur.euses,nageur[euse]s,nageur[-euse]s,nageur/euses,nageur·euse,nageur(euse),nageur(-euse),nageur.euse,nageur[euse],nageur[-euse],nageur/euse,nageur·euse·s,nageur.euse.s,nageur/euse/s
narrateurs,narrateur,narrateur·ices,narrateur(ice)s,narrateur(-ice)s,narrateur.ices,narrateur[ice]s,narrateur[-ice]s,narrateur/ices,narrateur·ice,narrateur(ice),narrateur(-ice),narrateur.ice,narrateur[ice],narrateur[-ice],narrateur/ice,narrateur·ice·s,narrateur.ice.s,narrateur/ice/s
nationaux,national,nationaux·ales,nationaux(ale)s,nationaux(-ale)s,nationaux.ales,nationaux[ale]s,nationaux[-ale]s,nationaux/ales,national·e,national(e),national(e),national.e,national[e],national[e],national/e,national·e·s,national.e.s,national/e/s
navigateurs,navigateur,navigateur·euses,navigateur(euse)s,navigateur(-euse)s,navigateur.euses,navigateur[euse]s,navigateur[-euse]s,navigateur/euses,navigateur·euse,navigateur(euse),navigateur(-euse),navigateur.euse,navigateur[euse],navigateur[-euse],navigateur/euse,navigateur·euse·s,navigateur.euse.s,navigateur/euse/s
nazis,nazi,nazi·es,nazi(e)s,nazi(e)s,nazi.es,nazi[e]s,nazi[e]s,nazi/es,nazi·e,nazi(e),nazi(e),nazi.e,nazi[e],nazi[e],nazi/e,nazi·e·s,nazi.e.s,nazi/e/s
nécessiteux,nécessiteux,nécessiteux·ses,nécessiteux(se)s,nécessiteux(se)s,nécessiteux.ses,nécessiteux[se]s,nécessiteux[se]s,nécessiteux/ses,nécessiteux·se,nécessiteux(se),nécessiteux(se),nécessiteux.se,nécessiteux[se],nécessiteux[se],nécessiteux/se,nécessiteux·se·s,nécessiteux.se.s,nécessiteux/se/s
observateurs,observateur,observateur·ices,observateur(ice)s,observateur(-ice)s,observateur.ices,observateur[ice]s,observateur[-ice]s,observateur/ices,observateur·ice,observateur(ice),observateur(-ice),observateur.ice,observateur[ice],observateur[-ice],observateur/ice,observateur·ice·s,observateur.ice.s,observateur/ice/s
occidentaux,occidental,occidentaux·ales,occidentaux(ale)s,occidentaux(-ale)s,occidentaux.ales,occidentaux[ale]s,occidentaux[-ale]s,occidentaux/ales,occidental·e,occidental(e),occidental(e),occidental.e,occidental[e],occidental[e],occidental/e,occidental·e·s,occidental.e.s,occidental/e/s
occupants,occupant,occupant·es,occupant(e)s,occupant(e)s,occupant.es,occupant[e]s,occupant[e]s,occupant/es,occupant·e,occupant(e),occupant(e),occupant.e,occupant[e],occupant[e],occupant/e,occupant·e·s,occupant.e.s,occupant/e/s
officiels,officiel,officiel·les,officiel(le)s,officiel(le)s,officiel.les,officiel[le]s,officiel[le]s,officiel/les,officiel·le,officiel(le),officiel(le),officiel.le,officiel[le],officiel[le],officiel/le,officiel·le·s,officiel.le.s,officiel/le/s
officiers,officier,officier·ères,officier(ère)s,officier(-ère)s,officier.ères,officier[ère]s,officier[-ère]s,officier/ères,officier·ère,officier(ère),officier(-ère),officier.ère,officier[ère],officier[-ère],officier/ère,officier·ère·s,officier.ère.s,officier/ère/s
opérateurs,opérateur,opérateur·euses,opérateur(euse)s,opérateur(-euse)s,opérateur.euses,opérateur[euse]s,opérateur[-euse]s,opérateur/euses,opérateur·euse,opérateur(euse),opérateur(-euse),opérateur.euse,opérateur[euse],opérateur[-euse],opérateur/euse,opérateur·euse·s,opérateur.euse.s,opérateur/euse/s
opticiens,opticien,opticien·nes,opticien(ne)s,opticien(ne)s,opticien.nes,opticien[ne]s,opticien[ne]s,opticien/nes,opticien·ne,opticien(ne),opticien(ne),opticien.ne,opticien[ne],opticien[ne],opticien/ne,opticien·ne·s,opticien.ne.s,opticien/ne/s
orateurs,orateur,orateur·ices,orateur(ice)s,orateur(-ice)s,orateur.ices,orateur[ice]s,orateur[-ice]s,orateur/ices,orateur·ice,orateur(ice),orateur(-ice),orateur.ice,orateur[ice],orateur[-ice],orateur/ice,orateur·ice·s,orateur.ice.s,orateur/ice/s
organisateurs,organisateur,organisateur·ices,organisateur(ice)s,organisateur(-ice)s,organisateur.ices,organisateur[ice]s,organisateur[-ice]s,organisateur/ices,organisateur·ice,organisateur(ice),organisateur(-ice),organisateur.ice,organisateur[ice],organisateur[-ice],organisateur/ice,organisateur·ice·s,organisateur.ice.s,organisateur/ice/s
orphelins,orphelin,orphelin·es,orphelin(e)s,orphelin(e)s,orphelin.es,orphelin[e]s,orphelin[e]s,orphelin/es,orphelin·e,orphelin(e),orphelin(e),orphelin.e,orphelin[e],orphelin[e],orphelin/e,orphelin·e·s,orphelin.e.s,orphelin/e/s
paroliers,parolier,parolier·ères,parolier(ère)s,parolier(-ère)s,parolier.ères,parolier[ère]s,parolier[-ère]s,parolier/ères,parolier·ère,parolier(ère),parolier(-ère),parolier.ère,parolier[ère],parolier[-ère],parolier/ère,parolier·ère·s,parolier.ère.s,parolier/ère/s
parrains,parrain,parrain·es,parrain(e)s,parrain(e)s,parrain.es,parrain[e]s,parrain[e]s,parrain/es,parrain·e,parrain(e),parrain(e),parrain.e,parrain[e],parrain[e],parrain/e,parrain·e·s,parrain.e.s,parrain/e/s
participants,participant,participant·es,participant(e)s,participant(e)s,participant.es,participant[e]s,participant[e]s,participant/es,participant·e,participant(e),participant(e),participant.e,participant[e],participant[e],participant/e,participant·e·s,participant.e.s,participant/e/s
particuliers,particulier,particulier·ères,particulier(ère)s,particulier(-ère)s,particulier.ères,particulier[ère]s,particulier[-ère]s,particulier/ères,particulier·ère,particulier(ère),particulier(-ère),particulier.ère,particulier[ère],particulier[-ère],particulier/ère,particulier·ère·s,particulier.ère.s,particulier/ère/s
partisans,partisan,partisan·es,partisan(e)s,partisan(e)s,partisan.es,partisan[e]s,partisan[e]s,partisan/es,partisan·e,partisan(e),partisan(e),partisan.e,partisan[e],partisan[e],partisan/e,partisan·e·s,partisan.e.s,partisan/e/s
passagers,passager,passager·ères,passager(ère)s,passager(-ère)s,passager.ères,passager[ère]s,passager[-ère]s,passager/ères,passager·ère,passager(ère),passager(-ère),passager.ère,passager[ère],passager[-ère],passager/ère,passager·ère·s,passager.ère.s,passager/ère/s
passants,passant,passant·es,passant(e)s,passant(e)s,passant.es,passant[e]s,passant[e]s,passant/es,passant·e,passant(e),passant(e),passant.e,passant[e],passant[e],passant/e,passant·e·s,passant.e.s,passant/e/s
passionnés,passionné,passionné·es,passionné(e)s,passionné(e)s,passionné.es,passionné[e]s,passionné[e]s,passionné/es,passionné·e,passionné(e),passionné(e),passionné.e,passionné[e],passionné[e],passionné/e,passionné·e·s,passionné.e.s,passionné/e/s
patineurs,patineur,patineur·euses,patineur(euse)s,patineur(-euse)s,patineur.euses,patineur[euse]s,patineur[-euse]s,patineur/euses,patineur·euse,patineur(euse),patineur(-euse),patineur.euse,patineur[euse],patineur[-euse],patineur/euse,patineur·euse·s,patineur.euse.s,patineur/euse/s
pâtissiers,pâtissier,pâtissier·ères,pâtissier(ère)s,pâtissier(-ère)s,pâtissier.ères,pâtissier[ère]s,pâtissier[-ère]s,pâtissier/ères,pâtissier·ère,pâtissier(ère),pâtissier(-ère),pâtissier.ère,pâtissier[ère],pâtissier[-ère],pâtissier/ère,pâtissier·ère·s,pâtissier.ère.s,pâtissier/ère/s
patrons,patron,patron·nes,patron(ne)s,patron(ne)s,patron.nes,patron[ne]s,patron[ne]s,patron/nes,patron·ne,patron(ne),patron(ne),patron.ne,patron[ne],patron[ne],patron/ne,patron·ne·s,patron.ne.s,patron/ne/s
paysans,paysan,paysan·es,paysan(e)s,paysan(e)s,paysan.es,paysan[e]s,paysan[e]s,paysan/es,paysan·e,paysan(e),paysan(e),paysan.e,paysan[e],paysan[e],paysan/e,paysan·e·s,paysan.e.s,paysan/e/s
pêcheurs,pêcheur,pêcheur·euses,pêcheur(euse)s,pêcheur(-euse)s,pêcheur.euses,pêcheur[euse]s,pêcheur[-euse]s,pêcheur/euses,pêcheur·euse,pêcheur(euse),pêcheur(-euse),pêcheur.euse,pêcheur[euse],pêcheur[-euse],pêcheur/euse,pêcheur·euse·s,pêcheur.euse.s,pêcheur/euse/s
pèlerins,pèlerin,pèlerin·es,pèlerin(e)s,pèlerin(e)s,pèlerin.es,pèlerin[e]s,pèlerin[e]s,pèlerin/es,pèlerin·e,pèlerin(e),pèlerin(e),pèlerin.e,pèlerin[e],pèlerin[e],pèlerin/e,pèlerin·e·s,pèlerin.e.s,pèlerin/e/s
penseurs,penseur,penseur·euses,penseur(euse)s,penseur(-euse)s,penseur.euses,penseur[euse]s,penseur[-euse]s,penseur/euses,penseur·euse,penseur(euse),penseur(-euse),penseur.euse,penseur[euse],penseur[-euse],penseur/euse,penseur·euse·s,penseur.euse.s,penseur/euse/s
petits,petit,petit·es,petit(e)s,petit(e)s,petit.es,petit[e]s,petit[e]s,petit/es,petit·e,petit(e),petit(e),petit.e,petit[e],petit[e],petit/e,petit·e·s,petit.e.s,petit/e/s
pharmaciens,pharmacien,pharmacien·nes,pharmacien(ne)s,pharmacien(ne)s,pharmacien.nes,pharmacien[ne]s,pharmacien[ne]s,pharmacien/nes,pharmacien·ne,pharmacien(ne),pharmacien(ne),pharmacien.ne,pharmacien[ne],pharmacien[ne],pharmacien/ne,pharmacien·ne·s,pharmacien.ne.s,pharmacien/ne/s
physiciens,physicien,physicien·nes,physicien(ne)s,physicien(ne)s,physicien.nes,physicien[ne]s,physicien[ne]s,physicien/nes,physicien·ne,physicien(ne),physicien(ne),physicien.ne,physicien[ne],physicien[ne],physicien/ne,physicien·ne·s,physicien.ne.s,physicien/ne/s
piétons,piéton,piéton·nes,piéton(ne)s,piéton(ne)s,piéton.nes,piéton[ne]s,piéton[ne]s,piéton/nes,piéton·ne,piéton(ne),piéton(ne),piéton.ne,piéton[ne],piéton[ne],piéton/ne,piéton·ne·s,piéton.ne.s,piéton/ne/s
pionniers,pionnier,pionnier·ères,pionnier(ère)s,pionnier(-ère)s,pionnier.ères,pionnier[ère]s,pionnier[-ère]s,pionnier/ères,pionnier·ère,pionnier(ère),pionnier(-ère),pionnier.ère,pionnier[ère],pionnier[-ère],pionnier/ère,pionnier·ère·s,pionnier.ère.s,pionnier/ère/s
plaignants,plaignant,plaignant·es,plaignant(e)s,plaignant(e)s,plaignant.es,plaignant[e]s,plaignant[e]s,plaignant/es,plaignant·e,plaignant(e),plaignant(e),plaignant.e,plaignant[e],plaignant[e],plaignant/e,plaignant·e·s,plaignant.e.s,plaignant/e/s
plombiers,plombier,plombier·ères,plombier(ère)s,plombier(-ère)s,plombier.ères,plombier[ère]s,plombier[-ère]s,plombier/ères,plombier·ère,plombier(ère),plombier(-ère),plombier.ère,plombier[ère],plombier[-ère],plombier/ère,plombier·ère·s,plombier.ère.s,plombier/ère/s
plongeurs,plongeur,plongeur·ices,plongeur(ice)s,plongeur(-ice)s,plongeur.ices,plongeur[ice]s,plongeur[-ice]s,plongeur/ices,plongeur·ice,plongeur(ice),plongeur(-ice),plongeur.ice,plongeur[ice],plongeur[-ice],plongeur/ice,plongeur·ice·s,plongeur.ice.s,plongeur/ice/s
poissonniers,poissonnier,poissonnier·ères,poissonnier(ère)s,poissonnier(-ère)s,poissonnier.ères,poissonnier[ère]s,poissonnier[-ère]s,poissonnier/ères,poissonnier·ère,poissonnier(ère),poissonnier(-ère),poissonnier.ère,poissonnier[ère],poissonnier[-ère],poissonnier/ère,poissonnier·ère·s,poissonnier.ère.s,poissonnier/ère/s
policiers,policier,policier·ères,policier(ère)s,policier(-ère)s,policier.ères,policier[ère]s,policier[-ère]s,policier/ères,policier·ère,policier(ère),policier(-ère),policier.ère,policier[ère],policier[-ère],policier/ère,policier·ère·s,policier.ère.s,policier/ère/s
politiciens,politicien,politicien·nes,politicien(ne)s,politicien(ne)s,politicien.nes,politicien[ne]s,politicien[ne]s,politicien/nes,politicien·ne,politicien(ne),politicien(ne),politicien.ne,politicien[ne],politicien[ne],politicien/ne,politicien·ne·s,politicien.ne.s,politicien/ne/s
pompiers,pompier,pompier·ères,pompier(ère)s,pompier(-ère)s,pompier.ères,pompier[ère]s,pompier[-ère]s,pompier/ères,pompier·ère,pompier(ère),pompier(-ère),pompier.ère,pompier[ère],pompier[-ère],pompier/ère,pompier·ère·s,pompier.ère.s,pompier/ère/s
porteurs,porteur,porteur·ices,porteur(ice)s,porteur(-ice)s,porteur.ices,porteur[ice]s,porteur[-ice]s,porteur/ices,porteur·ice,porteur(ice),porteur(-ice),porteur.ice,porteur[ice],porteur[-ice],porteur/ice,porteur·ice·s,porteur.ice.s,porteur/ice/s
possesseurs,possesseur,possesseur·euses,possesseur(euse)s,possesseur(-euse)s,possesseur.euses,possesseur[euse]s,possesseur[-euse]s,possesseur/euses,possesseur·euse,possesseur(euse),possesseur(-euse),possesseur.euse,possesseur[euse],possesseur[-euse],possesseur/euse,possesseur·euse·s,possesseur.euse.s,possesseur/euse/s
praticiens,praticien,praticien·nes,praticien(ne)s,praticien(ne)s,praticien.nes,praticien[ne]s,praticien[ne]s,praticien/nes,praticien·ne,praticien(ne),praticien(ne),praticien.ne,praticien[ne],praticien[ne],praticien/ne,praticien·ne·s,praticien.ne.s,praticien/ne/s
pratiquants,pratiquant,pratiquant·es,pratiquant(e)s,pratiquant(e)s,pratiquant.es,pratiquant[e]s,pratiquant[e]s,pratiquant/es,pratiquant·e,pratiquant(e),pratiquant(e),pratiquant.e,pratiquant[e],pratiquant[e],pratiquant/e,pratiquant·e·s,pratiquant.e.s,pratiquant/e/s
prédateurs,prédateur,prédateur·euses,prédateur(euse)s,prédateur(-euse)s,prédateur.euses,prédateur[euse]s,prédateur[-euse]s,prédateur/euses,prédateur·euse,prédateur(euse),prédateur(-euse),prédateur.euse,prédateur[euse],prédateur[-euse],prédateur/euse,prédateur·euse·s,prédateur.euse.s,prédateur/euse/s
prédicateurs,prédicateur,prédicateur·euses,prédicateur(euse)s,prédicateur(-euse)s,prédicateur.euses,prédicateur[euse]s,prédicateur[-euse]s,prédicateur/euses,prédicateur·euse,prédicateur(euse),prédicateur(-euse),prédicateur.euse,prédicateur[euse],prédicateur[-euse],prédicateur/euse,prédicateur·euse·s,prédicateur.euse.s,prédicateur/euse/s
préfets,préfet,préfet·tes,préfet(te)s,préfet(te)s,préfet.tes,préfet[te]s,préfet[te]s,préfet/tes,préfet·te,préfet(te),préfet(te),préfet.te,préfet[te],préfet[te],préfet/te,préfet·te·s,préfet.te.s,préfet/te/s
preneurs,preneur,preneur·euses,preneur(euse)s,preneur(-euse)s,preneur.euses,preneur[euse]s,preneur[-euse]s,preneur/euses,preneur·euse,preneur(euse),preneur(-euse),preneur.euse,preneur[euse],preneur[-euse],preneur/euse,preneur·euse·s,preneur.euse.s,preneur/euse/s
préposés,préposé,préposé·es,préposé(e)s,préposé(e)s,préposé.es,préposé[e]s,préposé[e]s,préposé/es,préposé·e,préposé(e),préposé(e),préposé.e,préposé[e],préposé[e],préposé/e,préposé·e·s,préposé.e.s,préposé/e/s
présentateurs,présentateur,présentateur·ices,présentateur(ice)s,présentateur(-ice)s,présentateur.ices,présentateur[ice]s,présentateur[-ice]s,présentateur/ices,présentateur·ice,présentateur(ice),présentateur(-ice),présentateur.ice,présentateur[ice],présentateur[-ice],présentateur/ice,présentateur·ice·s,présentateur.ice.s,présentateur/ice/s
présidents,président,président·es,président(e)s,président(e)s,président.es,président[e]s,président[e]s,président/es,président·e,président(e),président(e),président.e,président[e],président[e],président/e,président·e·s,président.e.s,président/e/s
prêteurs,prêteur,prêteur·euses,prêteur(euse)s,prêteur(-euse)s,prêteur.euses,prêteur[euse]s,prêteur[-euse]s,prêteur/euses,prêteur·euse,prêteur(euse),prêteur(-euse),prêteur.euse,prêteur[euse],prêteur[-euse],prêteur/euse,prêteur·euse·s,prêteur.euse.s,prêteur/euse/s
prisonniers,prisonnier,prisonnier·ères,prisonnier(ère)s,prisonnier(-ère)s,prisonnier.ères,prisonnier[ère]s,prisonnier[-ère]s,prisonnier/ères,prisonnier·ère,prisonnier(ère),prisonnier(-ère),prisonnier.ère,prisonnier[ère],prisonnier[-ère],prisonnier/ère,prisonnier·ère·s,prisonnier.ère.s,prisonnier/ère/s
procureurs,procureur,procureur·euses,procureur(euse)s,procureur(-euse)s,procureur.euses,procureur[euse]s,procureur[-euse]s,procureur/euses,procureur·euse,procureur(euse),procureur(-euse),procureur.euse,procureur[euse],procureur[-euse],procureur/euse,procureur·euse·s,procureur.euse.s,procureur/euse/s
producteurs,producteur,producteur·ices,producteur(ice)s,producteur(-ice)s,producteur.ices,producteur[ice]s,producteur[-ice]s,producteur/ices,producteur·ice,producteur(ice),producteur(-ice),producteur.ice,producteur[ice],producteur[-ice],producteur/ice,producteur·ice·s,producteur.ice.s,producteur/ice/s
professeurs,professeur,professeur·es,professeur(e)s,professeur(e)s,professeur.es,professeur[e]s,professeur[e]s,professeur/es,professeur·e,professeur(e),professeur(e),professeur.e,professeur[e],professeur[e],professeur/e,professeur·e·s,professeur.e.s,professeur/e/s
professionnels,professionnel,professionnel·les,professionnel(le)s,professionnel(le)s,professionnel.les,professionnel[le]s,professionnel[le]s,professionnel/les,professionnel·le,professionnel(le),professionnel(le),professionnel.le,professionnel[le],professionnel[le],professionnel/le,professionnel·le·s,professionnel.le.s,professionnel/le/s
programmeurs,programmeur,programmeur·euses,programmeur(euse)s,programmeur(-euse)s,programmeur.euses,programmeur[euse]s,programmeur[-euse]s,programmeur/euses,programmeur·euse,programmeur(euse),programmeur(-euse),programmeur.euse,programmeur[euse],programmeur[-euse],programmeur/euse,programmeur·euse·s,programmeur.euse.s,programmeur/euse/s
promeneurs,promeneur,promeneur·euses,promeneur(euse)s,promeneur(-euse)s,promeneur.euses,promeneur[euse]s,promeneur[-euse]s,promeneur/euses,promeneur·euse,promeneur(euse),promeneur(-euse),promeneur.euse,promeneur[euse],promeneur[-euse],promeneur/euse,promeneur·euse·s,promeneur.euse.s,promeneur/euse/s
promoteurs,promoteur,promoteur·euses,promoteur(euse)s,promoteur(-euse)s,promoteur.euses,promoteur[euse]s,promoteur[-euse]s,promoteur/euses,promoteur·euse,promoteur(euse),promoteur(-euse),promoteur.euse,promoteur[euse],promoteur[-euse],promoteur/euse,promoteur·euse·s,promoteur.euse.s,promoteur/euse/s
prospecteurs,prospecteur,prospecteur·ices,prospecteur(ice)s,prospecteur(-ice)s,prospecteur.ices,prospecteur[ice]s,prospecteur[-ice]s,prospecteur/ices,prospecteur·ice,prospecteur(ice),prospecteur(-ice),prospecteur.ice,prospecteur[ice],prospecteur[-ice],prospecteur/ice,prospecteur·ice·s,prospecteur.ice.s,prospecteur/ice/s
prostitués,prostitué,prostitué·es,prostitué(e)s,prostitué(e)s,prostitué.es,prostitué[e]s,prostitué[e]s,prostitué/es,prostitué·e,prostitué(e),prostitué(e),prostitué.e,prostitué[e],prostitué[e],prostitué/e,prostitué·e·s,prostitué.e.s,prostitué/e/s
protecteurs,protecteur,protecteur·ices,protecteur(ice)s,protecteur(-ice)s,protecteur.ices,protecteur[ice]s,protecteur[-ice]s,protecteur/ices,protecteur·ice,protecteur(ice),protecteur(-ice),protecteur.ice,protecteur[ice],protecteur[-ice],protecteur/ice,protecteur·ice·s,protecteur.ice.s,protecteur/ice/s
québécois,québécois,québécois·es,québécois(e)s,québécois(e)s,québécois.es,québécois[e]s,québécois[e]s,québécois/es,québécois·e,québécois(e),québécois(e),québécois.e,québécois[e],québécois[e],québécois/e,québécois·e·s,québécois.e.s,québécois/e/s
questionneurs,questionneur,questionneur·euses,questionneur(euse)s,questionneur(-euse)s,questionneur.euses,questionneur[euse]s,questionneur[-euse]s,questionneur/euses,questionneur·euse,questionneur(euse),questionneur(-euse),questionneur.euse,questionneur[euse],questionneur[-euse],questionneur/euse,questionneur·euse·s,questionneur.euse.s,questionneur/euse/s
ramoneurs,ramoneur,ramoneur·euses,ramoneur(euse)s,ramoneur(-euse)s,ramoneur.euses,ramoneur[euse]s,ramoneur[-euse]s,ramoneur/euses,ramoneur·euse,ramoneur(euse),ramoneur(-euse),ramoneur.euse,ramoneur[euse],ramoneur[-euse],ramoneur/euse,ramoneur·euse·s,ramoneur.euse.s,ramoneur/euse/s
randonneurs,randonneur,randonneur·euses,randonneur(euse)s,randonneur(-euse)s,randonneur.euses,randonneur[euse]s,randonneur[-euse]s,randonneur/euses,randonneur·euse,randonneur(euse),randonneur(-euse),randonneur.euse,randonneur[euse],randonneur[-euse],randonneur/euse,randonneur·euse·s,randonneur.euse.s,randonneur/euse/s
rappeurs,rappeur,rappeur·euses,rappeur(euse)s,rappeur(-euse)s,rappeur.euses,rappeur[euse]s,rappeur[-euse]s,rappeur/euses,rappeur·euse,rappeur(euse),rappeur(-euse),rappeur.euse,rappeur[euse],rappeur[-euse],rappeur/euse,rappeur·euse·s,rappeur.euse.s,rappeur/euse/s
rapporteurs,rapporteur,rapporteur·ices,rapporteur(ice)s,rapporteur(-ice)s,rapporteur.ices,rapporteur[ice]s,rapporteur[-ice]s,rapporteur/ices,rapporteur·ice,rapporteur(ice),rapporteur(-ice),rapporteur.ice,rapporteur[ice],rapporteur[-ice],rapporteur/ice,rapporteur·ice·s,rapporteur.ice.s,rapporteur/ice/s
réalisateurs,réalisateur,réalisateur·ices,réalisateur(ice)s,réalisateur(-ice)s,réalisateur.ices,réalisateur[ice]s,réalisateur[-ice]s,réalisateur/ices,réalisateur·ice,réalisateur(ice),réalisateur(-ice),réalisateur.ice,réalisateur[ice],réalisateur[-ice],réalisateur/ice,réalisateur·ice·s,réalisateur.ice.s,réalisateur/ice/s
receveurs,receveur,receveur·euses,receveur(euse)s,receveur(-euse)s,receveur.euses,receveur[euse]s,receveur[-euse]s,receveur/euses,receveur·euse,receveur(euse),receveur(-euse),receveur.euse,receveur[euse],receveur[-euse],receveur/euse,receveur·euse·s,receveur.euse.s,receveur/euse/s
recruteurs,recruteur,recruteur·euses,recruteur(euse)s,recruteur(-euse)s,recruteur.euses,recruteur[euse]s,recruteur[-euse]s,recruteur/euses,recruteur·euse,recruteur(euse),recruteur(-euse),recruteur.euse,recruteur[euse],recruteur[-euse],recruteur/euse,recruteur·euse·s,recruteur.euse.s,recruteur/euse/s
rédacteurs,rédacteur,rédacteur·ices,rédacteur(ice)s,rédacteur(-ice)s,rédacteur.ices,rédacteur[ice]s,rédacteur[-ice]s,rédacteur/ices,rédacteur·ice,rédacteur(ice),rédacteur(-ice),rédacteur.ice,rédacteur[ice],rédacteur[-ice],rédacteur/ice,rédacteur·ice·s,rédacteur.ice.s,rédacteur/ice/s
réfugiés,réfugié,réfugié·es,réfugié(e)s,réfugié(e)s,réfugié.es,réfugié[e]s,réfugié[e]s,réfugié/es,réfugié·e,réfugié(e),réfugié(e),réfugié.e,réfugié[e],réfugié[e],réfugié/e,réfugié·e·s,réfugié.e.s,réfugié/e/s
régisseurs,régisseur,régisseur·euses,régisseur(euse)s,régisseur(-euse)s,régisseur.euses,régisseur[euse]s,régisseur[-euse]s,régisseur/euses,régisseur·euse,régisseur(euse),régisseur(-euse),régisseur.euse,régisseur[euse],régisseur[-euse],régisseur/euse,régisseur·euse·s,régisseur.euse.s,régisseur/euse/s
régulateurs,régulateur,régulateur·euses,régulateur(euse)s,régulateur(-euse)s,régulateur.euses,régulateur[euse]s,régulateur[-euse]s,régulateur/euses,régulateur·euse,régulateur(euse),régulateur(-euse),régulateur.euse,régulateur[euse],régulateur[-euse],régulateur/euse,régulateur·euse·s,régulateur.euse.s,régulateur/euse/s
religieux,religieux,religieux·ses,religieux(se)s,religieux(se)s,religieux.ses,religieux[se]s,religieux[se]s,religieux/ses,religieux·se,religieux(se),religieux(se),religieux.se,religieux[se],religieux[se],religieux/se,religieux·se·s,religieux.se.s,religieux/se/s
remplaçants,remplaçant,remplaçant·es,remplaçant(e)s,remplaçant(e)s,remplaçant.es,remplaçant[e]s,remplaçant[e]s,remplaçant/es,remplaçant·e,remplaçant(e),remplaçant(e),remplaçant.e,remplaçant[e],remplaçant[e],remplaçant/e,remplaçant·e·s,remplaçant.e.s,remplaçant/e/s
répondants,répondant,répondant·es,répondant(e)s,répondant(e)s,répondant.es,répondant[e]s,répondant[e]s,répondant/es,répondant·e,répondant(e),répondant(e),répondant.e,répondant[e],répondant[e],répondant/e,répondant·e·s,répondant.e.s,répondant/e/s
représentants,représentant,représentant·es,représentant(e)s,représentant(e)s,représentant.es,représentant[e]s,représentant[e]s,représentant/es,représentant·e,représentant(e),représentant(e),représentant.e,représentant[e],représentant[e],représentant/e,représentant·e·s,représentant.e.s,représentant/e/s
républicains,républicain,républicain·es,républicain(e)s,républicain(e)s,républicain.es,républicain[e]s,républicain[e]s,républicain/es,républicain·e,républicain(e),républicain(e),républicain.e,républicain[e],républicain[e],républicain/e,républicain·e·s,républicain.e.s,républicain/e/s
requérants,requérant,requérant·es,requérant(e)s,requérant(e)s,requérant.es,requérant[e]s,requérant[e]s,requérant/es,requérant·e,requérant(e),requérant(e),requérant.e,requérant[e],requérant[e],requérant/e,requérant·e·s,requérant.e.s,requérant/e/s
résidents,résident,résident·es,résident(e)s,résident(e)s,résident.es,résident[e]s,résident[e]s,résident/es,résident·e,résident(e),résident(e),résident.e,résident[e],résident[e],résident/e,résident·e·s,résident.e.s,résident/e/s
résistants,résistant,résistant·es,résistant(e)s,résistant(e)s,résistant.es,résistant[e]s,résistant[e]s,résistant/es,résistant·e,résistant(e),résistant(e),résistant.e,résistant[e],résistant[e],résistant/e,résistant·e·s,résistant.e.s,résistant/e/s
ressortissants,ressortissant,ressortissant·es,ressortissant(e)s,ressortissant(e)s,ressortissant.es,ressortissant[e]s,ressortissant[e]s,ressortissant/es,ressortissant·e,ressortissant(e),ressortissant(e),ressortissant.e,ressortissant[e],ressortissant[e],ressortissant/e,ressortissant·e·s,ressortissant.e.s,ressortissant/e/s
restaurateurs,restaurateur,restaurateur·ices,restaurateur(ice)s,restaurateur(-ice)s,restaurateur.ices,restaurateur[ice]s,restaurateur[-ice]s,restaurateur/ices,restaurateur·ice,restaurateur(ice),restaurateur(-ice),restaurateur.ice,restaurateur[ice],restaurateur[-ice],restaurateur/ice,restaurateur·ice·s,restaurateur.ice.s,restaurateur/ice/s
retraités,retraité,retraité·es,retraité(e)s,retraité(e)s,retraité.es,retraité[e]s,retraité[e]s,retraité/es,retraité·e,retraité(e),retraité(e),retraité.e,retraité[e],retraité[e],retraité/e,retraité·e·s,retraité.e.s,retraité/e/s
revendeurs,revendeur,revendeur·euses,revendeur(euse)s,revendeur(-euse)s,revendeur.euses,revendeur[euse]s,revendeur[-euse]s,revendeur/euses,revendeur·euse,revendeur(euse),revendeur(-euse),revendeur.euse,revendeur[euse],revendeur[-euse],revendeur/euse,revendeur·euse·s,revendeur.euse.s,revendeur/euse/s
rêveurs,rêveur,rêveur·euses,rêveur(euse)s,rêveur(-euse)s,rêveur.euses,rêveur[euse]s,rêveur[-euse]s,rêveur/euses,rêveur·euse,rêveur(euse),rêveur(-euse),rêveur.euse,rêveur[euse],rêveur[-euse],rêveur/euse,rêveur·euse·s,rêveur.euse.s,rêveur/euse/s
riverains,riverain,riverain·es,riverain(e)s,riverain(e)s,riverain.es,riverain[e]s,riverain[e]s,riverain/es,riverain·e,riverain(e),riverain(e),riverain.e,riverain[e],riverain[e],riverain/e,riverain·e·s,riverain.e.s,riverain/e/s
romanciers,romancier,romancier·ères,romancier(ère)s,romancier(-ère)s,romancier.ères,romancier[ère]s,romancier[-ère]s,romancier/ères,romancier·ère,romancier(ère),romancier(-ère),romancier.ère,romancier[ère],romancier[-ère],romancier/ère,romancier·ère·s,romancier.ère.s,romancier/ère/s
routiers,routier,routier·ères,routier(ère)s,routier(-ère)s,routier.ères,routier[ère]s,routier[-ère]s,routier/ères,routier·ère,routier(ère),routier(-ère),routier.ère,routier[ère],routier[-ère],routier/ère,routier·ère·s,routier.ère.s,routier/ère/s
salariés,salarié,salarié·es,salarié(e)s,salarié(e)s,salarié.es,salarié[e]s,salarié[e]s,salarié/es,salarié·e,salarié(e),salarié(e),salarié.e,salarié[e],salarié[e],salarié/e,salarié·e·s,salarié.e.s,salarié/e/s
sauteurs,sauteur,sauteur·euses,sauteur(euse)s,sauteur(-euse)s,sauteur.euses,sauteur[euse]s,sauteur[-euse]s,sauteur/euses,sauteur·euse,sauteur(euse),sauteur(-euse),sauteur.euse,sauteur[euse],sauteur[-euse],sauteur/euse,sauteur·euse·s,sauteur.euse.s,sauteur/euse/s
sauveteurs,sauveteur,sauveteur·euses,sauveteur(euse)s,sauveteur(-euse)s,sauveteur.euses,sauveteur[euse]s,sauveteur[-euse]s,sauveteur/euses,sauveteur·euse,sauveteur(euse),sauveteur(-euse),sauveteur.euse,sauveteur[euse],sauveteur[-euse],sauveteur/euse,sauveteur·euse·s,sauveteur.euse.s,sauveteur/euse/s
sauveurs,sauveur,sauveur·euses,sauveur(euse)s,sauveur(-euse)s,sauveur.euses,sauveur[euse]s,sauveur[-euse]s,sauveur/euses,sauveur·euse,sauveur(euse),sauveur(-euse),sauveur.euse,sauveur[euse],sauveur[-euse],sauveur/euse,sauveur·euse·s,sauveur.euse.s,sauveur/euse/s
savants,savant,savant·es,savant(e)s,savant(e)s,savant.es,savant[e]s,savant[e]s,savant/es,savant·e,savant(e),savant(e),savant.e,savant[e],savant[e],savant/e,savant·e·s,savant.e.s,savant/e/s
sculpteurs,sculpteur,sculpteur·ices,sculpteur(ice)s,sculpteur(-ice)s,sculpteur.ices,sculpteur[ice]s,sculpteur[-ice]s,sculpteur/ices,sculpteur·ice,sculpteur(ice),sculpteur(-ice),sculpteur.ice,sculpteur[ice],sculpteur[-ice],sculpteur/ice,sculpteur·ice·s,sculpteur.ice.s,sculpteur/ice/s
sélectionneurs,sélectionneur,sélectionneur·euses,sélectionneur(euse)s,sélectionneur(-euse)s,sélectionneur.euses,sélectionneur[euse]s,sélectionneur[-euse]s,sélectionneur/euses,sélectionneur·euse,sélectionneur(euse),sélectionneur(-euse),sélectionneur.euse,sélectionneur[euse],sélectionneur[-euse],sélectionneur/euse,sélectionneur·euse·s,sélectionneur.euse.s,sélectionneur/euse/s
sénateurs,sénateur,sénateur·ices,sénateur(ice)s,sénateur(-ice)s,sénateur.ices,sénateur[ice]s,sénateur[-ice]s,sénateur/ices,sénateur·ice,sénateur(ice),sénateur(-ice),sénateur.ice,sénateur[ice],sénateur[-ice],sénateur/ice,sénateur·ice·s,sénateur.ice.s,sénateur/ice/s
sergents,sergent,sergent·es,sergent(e)s,sergent(e)s,sergent.es,sergent[e]s,sergent[e]s,sergent/es,sergent·e,sergent(e),sergent(e),sergent.e,sergent[e],sergent[e],sergent/e,sergent·e·s,sergent.e.s,sergent/e/s
servants,servant,servant·es,servant(e)s,servant(e)s,servant.es,servant[e]s,servant[e]s,servant/es,servant·e,servant(e),servant(e),servant.e,servant[e],servant[e],servant/e,servant·e·s,servant.e.s,servant/e/s
serveurs,serveur,serveur·euses,serveur(euse)s,serveur(-euse)s,serveur.euses,serveur[euse]s,serveur[-euse]s,serveur/euses,serveur·euse,serveur(euse),serveur(-euse),serveur.euse,serveur[euse],serveur[-euse],serveur/euse,serveur·euse·s,serveur.euse.s,serveur/euse/s
serviteurs,serviteur,serviteur·euses,serviteur(euse)s,serviteur(-euse)s,serviteur.euses,serviteur[euse]s,serviteur[-euse]s,serviteur/euses,serviteur·euse,serviteur(euse),serviteur(-euse),serviteur.euse,serviteur[euse],serviteur[-euse],serviteur/euse,serviteur·euse·s,serviteur.euse.s,serviteur/euse/s
sinistrés,sinistré,sinistré·es,sinistré(e)s,sinistré(e)s,sinistré.es,sinistré[e]s,sinistré[e]s,sinistré/es,sinistré·e,sinistré(e),sinistré(e),sinistré.e,sinistré[e],sinistré[e],sinistré/e,sinistré·e·s,sinistré.e.s,sinistré/e/s
skieurs,skieur,skieur·es,skieur(e)s,skieur(e)s,skieur.es,skieur[e]s,skieur[e]s,skieur/es,skieur·e,skieur(e),skieur(e),skieur.e,skieur[e],skieur[e],skieur/e,skieur·e·s,skieur.e.s,skieur/e/s
soldats,soldat,soldat·es,soldat(e)s,soldat(e)s,soldat.es,soldat[e]s,soldat[e]s,soldat/es,soldat·e,soldat(e),soldat(e),soldat.e,soldat[e],soldat[e],soldat/e,soldat·e·s,soldat.e.s,soldat/e/s
sommeliers,sommelier,sommelier·ères,sommelier(ère)s,sommelier(-ère)s,sommelier.ères,sommelier[ère]s,sommelier[-ère]s,sommelier/ères,sommelier·ère,sommelier(ère),sommelier(-ère),sommelier.ère,sommelier[ère],sommelier[-ère],sommelier/ère,sommelier·ère·s,sommelier.ère.s,sommelier/ère/s
sorciers,sorcier,sorcier·ères,sorcier(ère)s,sorcier(-ère)s,sorcier.ères,sorcier[ère]s,sorcier[-ère]s,sorcier/ères,sorcier·ère,sorcier(ère),sorcier(-ère),sorcier.ère,sorcier[ère],sorcier[-ère],sorcier/ère,sorcier·ère·s,sorcier.ère.s,sorcier/ère/s
sourciers,sourcier,sourcier·ères,sourcier(ère)s,sourcier(-ère)s,sourcier.ères,sourcier[ère]s,sourcier[-ère]s,sourcier/ères,sourcier·ère,sourcier(ère),sourcier(-ère),sourcier.ère,sourcier[ère],sourcier[-ère],sourcier/ère,sourcier·ère·s,sourcier.ère.s,sourcier/ère/s
souverains,souverain,souverain·es,souverain(e)s,souverain(e)s,souverain.es,souverain[e]s,souverain[e]s,souverain/es,souverain·e,souverain(e),souverain(e),souverain.e,souverain[e],souverain[e],souverain/e,souverain·e·s,souverain.e.s,souverain/e/s
spectateurs,spectateur,spectateur·ices,spectateur(ice)s,spectateur(-ice)s,spectateur.ices,spectateur[ice]s,spectateur[-ice]s,spectateur/ices,spectateur·ice,spectateur(ice),spectateur(-ice),spectateur.ice,spectateur[ice],spectateur[-ice],spectateur/ice,spectateur·ice·s,spectateur.ice.s,spectateur/ice/s
spéculateurs,spéculateur,spéculateur·euses,spéculateur(euse)s,spéculateur(-euse)s,spéculateur.euses,spéculateur[euse]s,spéculateur[-euse]s,spéculateur/euses,spéculateur·euse,spéculateur(euse),spéculateur(-euse),spéculateur.euse,spéculateur[euse],spéculateur[-euse],spéculateur/euse,spéculateur·euse·s,spéculateur.euse.s,spéculateur/euse/s
sportifs,sportif,sportif·ives,sportif(ive)s,sportif(-ive)s,sportif.ives,sportif[ive]s,sportif[-ive]s,sportif/ives,sportif·ive,sportif(ive),sportif(-ive),sportif.ive,sportif[ive],sportif[-ive],sportif/ive,sportif·ive·s,sportif.ive.s,sportif/ive/s
statisticiens,statisticien,statisticien·nes,statisticien(ne)s,statisticien(ne)s,statisticien.nes,statisticien[ne]s,statisticien[ne]s,statisticien/nes,statisticien·ne,statisticien(ne),statisticien(ne),statisticien.ne,statisticien[ne],statisticien[ne],statisticien/ne,statisticien·ne·s,statisticien.ne.s,statisticien/ne/s
suiveurs,suiveur,suiveur·euses,suiveur(euse)s,suiveur(-euse)s,suiveur.euses,suiveur[euse]s,suiveur[-euse]s,suiveur/euses,suiveur·euse,suiveur(euse),suiveur(-euse),suiveur.euse,suiveur[euse],suiveur[-euse],suiveur/euse,suiveur·euse·s,suiveur.euse.s,suiveur/euse/s
sujets,sujet,sujet·tes,sujet(te)s,sujet(te)s,sujet.tes,sujet[te]s,sujet[te]s,sujet/tes,sujet·te,sujet(te),sujet(te),sujet.te,sujet[te],sujet[te],sujet/te,sujet·te·s,sujet.te.s,sujet/te/s
sultans,sultan,sultan·es,sultan(e)s,sultan(e)s,sultan.es,sultan[e]s,sultan[e]s,sultan/es,sultan·e,sultan(e),sultan(e),sultan.e,sultan[e],sultan[e],sultan/e,sultan·e·s,sultan.e.s,sultan/e/s
supérieurs,supérieur,supérieur·euses,supérieur(euse)s,supérieur(-euse)s,supérieur.euses,supérieur[euse]s,supérieur[-euse]s,supérieur/euses,supérieur·euse,supérieur(euse),supérieur(-euse),supérieur.euse,supérieur[euse],supérieur[-euse],supérieur/euse,supérieur·euse·s,supérieur.euse.s,supérieur/euse/s
superviseurs,superviseur,superviseur·euses,superviseur(euse)s,superviseur(-euse)s,superviseur.euses,superviseur[euse]s,superviseur[-euse]s,superviseur/euses,superviseur·euse,superviseur(euse),superviseur(-euse),superviseur.euse,superviseur[euse],superviseur[-euse],superviseur/euse,superviseur·euse·s,superviseur.euse.s,superviseur/euse/s
supporters,supporter,supporter·ères,supporter(ère)s,supporter(-ère)s,supporter.ères,supporter[ère]s,supporter[-ère]s,supporter/ères,supporter·ère,supporter(ère),supporter(-ère),supporter.ère,supporter[ère],supporter[-ère],supporter/ère,supporter·ère·s,supporter.ère.s,supporter/ère/s
surfeurs,surfeur,surfeur·euses,surfeur(euse)s,surfeur(-euse)s,surfeur.euses,surfeur[euse]s,surfeur[-euse]s,surfeur/euses,surfeur·euse,surfeur(euse),surfeur(-euse),surfeur.euse,surfeur[euse],surfeur[-euse],surfeur/euse,surfeur·euse·s,surfeur.euse.s,surfeur/euse/s
surveillants,surveillant,surveillant·es,surveillant(e)s,surveillant(e)s,surveillant.es,surveillant[e]s,surveillant[e]s,surveillant/es,surveillant·e,surveillant(e),surveillant(e),surveillant.e,surveillant[e],surveillant[e],surveillant/e,surveillant·e·s,surveillant.e.s,surveillant/e/s
survivants,survivant,survivant·es,survivant(e)s,survivant(e)s,survivant.es,survivant[e]s,survivant[e]s,survivant/es,survivant·e,survivant(e),survivant(e),survivant.e,survivant[e],survivant[e],survivant/e,survivant·e·s,survivant.e.s,survivant/e/s
sympathisants,sympathisant,sympathisant·es,sympathisant(e)s,sympathisant(e)s,sympathisant.es,sympathisant[e]s,sympathisant[e]s,sympathisant/es,sympathisant·e,sympathisant(e),sympathisant(e),sympathisant.e,sympathisant[e],sympathisant[e],sympathisant/e,sympathisant·e·s,sympathisant.e.s,sympathisant/e/s
tailleurs,tailleur,tailleur·euses,tailleur(euse)s,tailleur(-euse)s,tailleur.euses,tailleur[euse]s,tailleur[-euse]s,tailleur/euses,tailleur·euse,tailleur(euse),tailleur(-euse),tailleur.euse,tailleur[euse],tailleur[-euse],tailleur/euse,tailleur·euse·s,tailleur.euse.s,tailleur/euse/s
tatoueurs,tatoueur,tatoueur·ices,tatoueur(ice)s,tatoueur(-ice)s,tatoueur.ices,tatoueur[ice]s,tatoueur[-ice]s,tatoueur/ices,tatoueur·ice,tatoueur(ice),tatoueur(-ice),tatoueur.ice,tatoueur[ice],tatoueur[-ice],tatoueur/ice,tatoueur·ice·s,tatoueur.ice.s,tatoueur/ice/s
techniciens,technicien,technicien·nes,technicien(ne)s,technicien(ne)s,technicien.nes,technicien[ne]s,technicien[ne]s,technicien/nes,technicien·ne,technicien(ne),technicien(ne),technicien.ne,technicien[ne],technicien[ne],technicien/ne,technicien·ne·s,technicien.ne.s,technicien/ne/s
téléspectateurs,téléspectateur,téléspectateur·ices,téléspectateur(ice)s,téléspectateur(-ice)s,téléspectateur.ices,téléspectateur[ice]s,téléspectateur[-ice]s,téléspectateur/ices,téléspectateur·ice,téléspectateur(ice),téléspectateur(-ice),téléspectateur.ice,téléspectateur[ice],téléspectateur[-ice],téléspectateur/ice,téléspectateur·ice·s,téléspectateur.ice.s,téléspectateur/ice/s
télétravailleurs,télétravailleur,télétravailleur·euses,télétravailleur(euse)s,télétravailleur(-euse)s,télétravailleur.euses,télétravailleur[euse]s,télétravailleur[-euse]s,télétravailleur/euses,télétravailleur·euse,télétravailleur(euse),télétravailleur(-euse),télétravailleur.euse,télétravailleur[euse],télétravailleur[-euse],télétravailleur/euse,télétravailleur·euse·s,télétravailleur.euse.s,télétravailleur/euse/s
tenants,tenant,tenant·es,tenant(e)s,tenant(e)s,tenant.es,tenant[e]s,tenant[e]s,tenant/es,tenant·e,tenant(e),tenant(e),tenant.e,tenant[e],tenant[e],tenant/e,tenant·e·s,tenant.e.s,tenant/e/s
terriens,terrien,terrien·nes,terrien(ne)s,terrien(ne)s,terrien.nes,terrien[ne]s,terrien[ne]s,terrien/nes,terrien·ne,terrien(ne),terrien(ne),terrien.ne,terrien[ne],terrien[ne],terrien/ne,terrien·ne·s,terrien.ne.s,terrien/ne/s
testeurs,testeur,testeur·ices,testeur(ice)s,testeur(-ice)s,testeur.ices,testeur[ice]s,testeur[-ice]s,testeur/ices,testeur·ice,testeur(ice),testeur(-ice),testeur.ice,testeur[ice],testeur[-ice],testeur/ice,testeur·ice·s,testeur.ice.s,testeur/ice/s
théologiens,théologien,théologien·nes,théologien(ne)s,théologien(ne)s,théologien.nes,théologien[ne]s,théologien[ne]s,théologien/nes,théologien·ne,théologien(ne),théologien(ne),théologien.ne,théologien[ne],théologien[ne],théologien/ne,théologien·ne·s,théologien.ne.s,théologien/ne/s
théoriciens,théoricien,théoricien·nes,théoricien(ne)s,théoricien(ne)s,théoricien.nes,théoricien[ne]s,théoricien[ne]s,théoricien/nes,théoricien·ne,théoricien(ne),théoricien(ne),théoricien.ne,théoricien[ne],théoricien[ne],théoricien/ne,théoricien·ne·s,théoricien.ne.s,théoricien/ne/s
tireurs,tireur,tireur·euses,tireur(euse)s,tireur(-euse)s,tireur.euses,tireur[euse]s,tireur[-euse]s,tireur/euses,tireur·euse,tireur(euse),tireur(-euse),tireur.euse,tireur[euse],tireur[-euse],tireur/euse,tireur·euse·s,tireur.euse.s,tireur/euse/s
traducteurs,traducteur,traducteur·ices,traducteur(ice)s,traducteur(-ice)s,traducteur.ices,traducteur[ice]s,traducteur[-ice]s,traducteur/ices,traducteur·ice,traducteur(ice),traducteur(-ice),traducteur.ice,traducteur[ice],traducteur[-ice],traducteur/ice,traducteur·ice·s,traducteur.ice.s,traducteur/ice/s
travailleurs,travailleur,travailleur·euses,travailleur(euse)s,travailleur(-euse)s,travailleur.euses,travailleur[euse]s,travailleur[-euse]s,travailleur/euses,travailleur·euse,travailleur(euse),travailleur(-euse),travailleur.euse,travailleur[euse],travailleur[-euse],travailleur/euse,travailleur·euse·s,travailleur.euse.s,travailleur/euse/s
trésoriers,trésorier,trésorier·ères,trésorier(ère)s,trésorier(-ère)s,trésorier.ères,trésorier[ère]s,trésorier[-ère]s,trésorier/ères,trésorier·ère,trésorier(ère),trésorier(-ère),trésorier.ère,trésorier[ère],trésorier[-ère],trésorier/ère,trésorier·ère·s,trésorier.ère.s,trésorier/ère/s
tricheurs,tricheur,tricheur·euses,tricheur(euse)s,tricheur(-euse)s,tricheur.euses,tricheur[euse]s,tricheur[-euse]s,tricheur/euses,tricheur·euse,tricheur(euse),tricheur(-euse),tricheur.euse,tricheur[euse],tricheur[-euse],tricheur/euse,tricheur·euse·s,tricheur.euse.s,tricheur/euse/s
truands,truand,truand·es,truand(e)s,truand(e)s,truand.es,truand[e]s,truand[e]s,truand/es,truand·e,truand(e),truand(e),truand.e,truand[e],truand[e],truand/e,truand·e·s,truand.e.s,truand/e/s
tueurs,tueur,tueur·euses,tueur(euse)s,tueur(-euse)s,tueur.euses,tueur[euse]s,tueur[-euse]s,tueur/euses,tueur·euse,tueur(euse),tueur(-euse),tueur.euse,tueur[euse],tueur[-euse],tueur/euse,tueur·euse·s,tueur.euse.s,tueur/euse/s
tuteurs,tuteur,tuteur·euses,tuteur(euse)s,tuteur(-euse)s,tuteur.euses,tuteur[euse]s,tuteur[-euse]s,tuteur/euses,tuteur·euse,tuteur(euse),tuteur(-euse),tuteur.euse,tuteur[euse],tuteur[-euse],tuteur/euse,tuteur·euse·s,tuteur.euse.s,tuteur/euse/s
usagers,usager,usager·ères,usager(ère)s,usager(-ère)s,usager.ères,usager[ère]s,usager[-ère]s,usager/ères,usager·ère,usager(ère),usager(-ère),usager.ère,usager[ère],usager[-ère],usager/ère,usager·ère·s,usager.ère.s,usager/ère/s
utilisateurs,utilisateur,utilisateur·ices,utilisateur(ice)s,utilisateur(-ice)s,utilisateur.ices,utilisateur[ice]s,utilisateur[-ice]s,utilisateur/ices,utilisateur·ice,utilisateur(ice),utilisateur(-ice),utilisateur.ice,utilisateur[ice],utilisateur[-ice],utilisateur/ice,utilisateur·ice·s,utilisateur.ice.s,utilisateur/ice/s
vacanciers,vacancier,vacancier·ères,vacancier(ère)s,vacancier(-ère)s,vacancier.ères,vacancier[ère]s,vacancier[-ère]s,vacancier/ères,vacancier·ère,vacancier(ère),vacancier(-ère),vacancier.ère,vacancier[ère],vacancier[-ère],vacancier/ère,vacancier·ère·s,vacancier.ère.s,vacancier/ère/s
vainqueurs,vainqueur,vainqueur·euses,vainqueur(euse)s,vainqueur(-euse)s,vainqueur.euses,vainqueur[euse]s,vainqueur[-euse]s,vainqueur/euses,vainqueur·euse,vainqueur(euse),vainqueur(-euse),vainqueur.euse,vainqueur[euse],vainqueur[-euse],vainqueur/euse,vainqueur·euse·s,vainqueur.euse.s,vainqueur/euse/s
végans,végan,végan·es,végan(e)s,végan(e)s,végan.es,végan[e]s,végan[e]s,végan/es,végan·e,végan(e),végan(e),végan.e,végan[e],végan[e],végan/e,végan·e·s,végan.e.s,végan/e/s
végétaliens,végétalien,végétalien·nes,végétalien(ne)s,végétalien(ne)s,végétalien.nes,végétalien[ne]s,végétalien[ne]s,végétalien/nes,végétalien·ne,végétalien(ne),végétalien(ne),végétalien.ne,végétalien[ne],végétalien[ne],végétalien/ne,végétalien·ne·s,végétalien.ne.s,végétalien/ne/s
végétariens,végétarien,végétarien·nes,végétarien(ne)s,végétarien(ne)s,végétarien.nes,végétarien[ne]s,végétarien[ne]s,végétarien/nes,végétarien·ne,végétarien(ne),végétarien(ne),végétarien.ne,végétarien[ne],végétarien[ne],végétarien/ne,végétarien·ne·s,végétarien.ne.s,végétarien/ne/s
vendeurs,vendeur,vendeur·euses,vendeur(euse)s,vendeur(-euse)s,vendeur.euses,vendeur[euse]s,vendeur[-euse]s,vendeur/euses,vendeur·euse,vendeur(euse),vendeur(-euse),vendeur.euse,vendeur[euse],vendeur[-euse],vendeur/euse,vendeur·euse·s,vendeur.euse.s,vendeur/euse/s
vétérans,vétéran,vétéran·es,vétéran(e)s,vétéran(e)s,vétéran.es,vétéran[e]s,vétéran[e]s,vétéran/es,vétéran·e,vétéran(e),vétéran(e),vétéran.e,vétéran[e],vétéran[e],vétéran/e,vétéran·e·s,vétéran.e.s,vétéran/e/s
vieillards,vieillard,vieillard·es,vieillard(e)s,vieillard(e)s,vieillard.es,vieillard[e]s,vieillard[e]s,vieillard/es,vieillard·e,vieillard(e),vieillard(e),vieillard.e,vieillard[e],vieillard[e],vieillard/e,vieillard·e·s,vieillard.e.s,vieillard/e/s
vieux,vieux,vieux·ses,vieux(se)s,vieux(se)s,vieux.ses,vieux[se]s,vieux[se]s,vieux/ses,vieux·se,vieux(se),vieux(se),vieux.se,vieux[se],vieux[se],vieux/se,vieux·se·s,vieux.se.s,vieux/se/s
vignerons,vigneron,vigneron·nes,vigneron(ne)s,vigneron(ne)s,vigneron.nes,vigneron[ne]s,vigneron[ne]s,vigneron/nes,vigneron·ne,vigneron(ne),vigneron(ne),vigneron.ne,vigneron[ne],vigneron[ne],vigneron/ne,vigneron·ne·s,vigneron.ne.s,vigneron/ne/s
villageois,villageois,villageois·es,villageois(e)s,villageois(e)s,villageois.es,villageois[e]s,villageois[e]s,villageois/es,villageois·e,villageois(e),villageois(e),villageois.e,villageois[e],villageois[e],villageois/e,villageois·e·s,villageois.e.s,villageois/e/s
visiteurs,visiteur,visiteur·euses,visiteur(euse)s,visiteur(-euse)s,visiteur.euses,visiteur[euse]s,visiteur[-euse]s,visiteur/euses,visiteur·euse,visiteur(euse),visiteur(-euse),visiteur.euse,visiteur[euse],visiteur[-euse],visiteur/euse,visiteur·euse·s,visiteur.euse.s,visiteur/euse/s
viticulteurs,viticulteur,viticulteur·ices,viticulteur(ice)s,viticulteur(-ice)s,viticulteur.ices,viticulteur[ice]s,viticulteur[-ice]s,viticulteur/ices,viticulteur·ice,viticulteur(ice),viticulteur(-ice),viticulteur.ice,viticulteur[ice],viticulteur[-ice],viticulteur/ice,viticulteur·ice·s,viticulteur.ice.s,viticulteur/ice/s
voisins,voisin,voisin·es,voisin(e)s,voisin(e)s,voisin.es,voisin[e]s,voisin[e]s,voisin/es,voisin·e,voisin(e),voisin(e),voisin.e,voisin[e],voisin[e],voisin/e,voisin·e·s,voisin.e.s,voisin/e/s
voleurs,voleur,voleur·euses,voleur(euse)s,voleur(-euse)s,voleur.euses,voleur[euse]s,voleur[-euse]s,voleur/euses,voleur·euse,voleur(euse),voleur(-euse),voleur.euse,voleur[euse],voleur[-euse],voleur/euse,voleur·euse·s,voleur.euse.s,voleur/euse/s
votants,votant,votant·es,votant(e)s,votant(e)s,votant.es,votant[e]s,votant[e]s,votant/es,votant·e,votant(e),votant(e),votant.e,votant[e],votant[e],votant/e,votant·e·s,votant.e.s,votant/e/s
voyageurs,voyageur,voyageur·euses,voyageur(euse)s,voyageur(-euse)s,voyageur.euses,voyageur[euse]s,voyageur[-euse]s,voyageur/euses,voyageur·euse,voyageur(euse),voyageur(-euse),voyageur.euse,voyageur[euse],voyageur[-euse],voyageur/euse,voyageur·euse·s,voyageur.euse.s,voyageur/euse/s
voyants,voyant,voyant·es,voyant(e)s,voyant(e)s,voyant.es,voyant[e]s,voyant[e]s,voyant/es,voyant·e,voyant(e),voyant(e),voyant.e,voyant[e],voyant[e],voyant/e,voyant·e·s,voyant.e.s,voyant/e/s
wikipédiens,wikipédien,wikipédien·nes,wikipédien(ne)s,wikipédien(ne)s,wikipédien.nes,wikipédien[ne]s,wikipédien[ne]s,wikipédien/nes,wikipédien·ne,wikipédien(ne),wikipédien(ne),wikipédien.ne,wikipédien[ne],wikipédien[ne],wikipédien/ne,wikipédien·ne·s,wikipédien.ne.s,wikipédien/ne/s
adhérents,adhérent,adhérent·es,adhérent(e)s,adhérent(e)s,adhérent.es,adhérent[e]s,adhérent[e]s,adhérent/es,adhérent·e,adhérent(e),adhérent(e),adhérent.e,adhérent[e],adhérent[e],adhérent/e,adhérent·e·s,adhérent.e.s,adhérent/e/s
agents,agent,agent·es,agent(e)s,agent(e)s,agent.es,agent[e]s,agent[e]s,agent/es,agent·e,agent(e),agent(e),agent.e,agent[e],agent[e],agent/e,agent·e·s,agent.e.s,agent/e/s
bouchers,boucher,boucher·ères,boucher(ère)s,boucher(-ère)s,boucher.ères,boucher[ère]s,boucher[-ère]s,boucher/ères,boucher·ère,boucher(ère),boucher(-ère),boucher.ère,boucher[ère],boucher[-ère],boucher/ère,boucher·ère·s,boucher.ère.s,boucher/ère/s
chefs,chef,chef·fes,chef(fe)s,chef(fe)s,chef.fes,chef[fe]s,chef[fe]s,chef/fes,chef·fe,chef(fe),chef(fe),chef.fe,chef[fe],chef[fe],chef/fe,chef·fe·s,chef.fe.s,chef/fe/s
cheminots,cheminot,cheminot·es,cheminot(e)s,cheminot(e)s,cheminot.es,cheminot[e]s,cheminot[e]s,cheminot/es,cheminot·e,cheminot(e),cheminot(e),cheminot.e,cheminot[e],cheminot[e],cheminot/e,cheminot·e·s,cheminot.e.s,cheminot/e/s
chéris,chéri,chéri·es,chéri(e)s,chéri(e)s,chéri.es,chéri[e]s,chéri[e]s,chéri/es,chéri·e,chéri(e),chéri(e),chéri.e,chéri[e],chéri[e],chéri/e,chéri·e·s,chéri.e.s,chéri/e/s
civils,civil,civil·es,civil(e)s,civil(e)s,civil.es,civil[e]s,civil[e]s,civil/es,civil·e,civil(e),civil(e),civil.e,civil[e],civil[e],civil/e,civil·e·s,civil.e.s,civil/e/s
convertis,converti,converti·es,converti(e)s,converti(e)s,converti.es,converti[e]s,converti[e]s,converti/es,converti·e,converti(e),converti(e),converti.e,converti[e],converti[e],converti/e,converti·e·s,converti.e.s,converti/e/s
étrangers,étranger,étranger·es,étranger(e)s,étranger(e)s,étranger.es,étranger[e]s,étranger[e]s,étranger/es,étranger·e,étranger(e),étranger(e),étranger.e,étranger[e],étranger[e],étranger/e,étranger·e·s,étranger.e.s,étranger/e/s
experts,expert,expert·es,expert(e)s,expert(e)s,expert.es,expert[e]s,expert[e]s,expert/es,expert·e,expert(e),expert(e),expert.e,expert[e],expert[e],expert/e,expert·e·s,expert.e.s,expert/e/s
gamins,gamin,gamin·es,gamin(e)s,gamin(e)s,gamin.es,gamin[e]s,gamin[e]s,gamin/es,gamin·e,gamin(e),gamin(e),gamin.e,gamin[e],gamin[e],gamin/e,gamin·e·s,gamin.e.s,gamin/e/s
gourmands,gourmand,gourmand·es,gourmand(e)s,gourmand(e)s,gourmand.es,gourmand[e]s,gourmand[e]s,gourmand/es,gourmand·e,gourmand(e),gourmand(e),gourmand.e,gourmand[e],gourmand[e],gourmand/e,gourmand·e·s,gourmand.e.s,gourmand/e/s
griots,griot,griot·es,griot(e)s,griot(e)s,griot.es,griot[e]s,griot[e]s,griot/es,griot·e,griot(e),griot(e),griot.e,griot[e],griot[e],griot/e,griot·e·s,griot.e.s,griot/e/s
guerriers,guerrier,guerrier·ères,guerrier(ère)s,guerrier(-ère)s,guerrier.ères,guerrier[ère]s,guerrier[-ère]s,guerrier/ères,guerrier·ère,guerrier(ère),guerrier(-ère),guerrier.ère,guerrier[ère],guerrier[-ère],guerrier/ère,guerrier·ère·s,guerrier.ère.s,guerrier/ère/s
immigrants,immigrant,immigrant·es,immigrant(e)s,immigrant(e)s,immigrant.es,immigrant[e]s,immigrant[e]s,immigrant/es,immigrant·e,immigrant(e),immigrant(e),immigrant.e,immigrant[e],immigrant[e],immigrant/e,immigrant·e·s,immigrant.e.s,immigrant/e/s
migrants,migrant,migrant·es,migrant(e)s,migrant(e)s,migrant.es,migrant[e]s,migrant[e]s,migrant/es,migrant·e,migrant(e),migrant(e),migrant.e,migrant[e],migrant[e],migrant/e,migrant·e·s,migrant.e.s,migrant/e/s
morts,mort,mort·es,mort(e)s,mort(e)s,mort.es,mort[e]s,mort[e]s,mort/es,mort·e,mort(e),mort(e),mort.e,mort[e],mort[e],mort/e,mort·e·s,mort.e.s,mort/e/s
patients,patient,patient·es,patient(e)s,patient(e)s,patient.es,patient[e]s,patient[e]s,patient/es,patient·e,patient(e),patient(e),patient.e,patient[e],patient[e],patient/e,patient·e·s,patient.e.s,patient/e/s
saints,saint,saint·es,saint(e)s,saint(e)s,saint.es,saint[e]s,saint[e]s,saint/es,saint·e,saint(e),saint(e),saint.e,saint[e],saint[e],saint/e,saint·e·s,saint.e.s,saint/e/s
concurrents,concurrent,concurrent·es,concurrent(e)s,concurrent(e)s,concurrent.es,concurrent[e]s,concurrent[e]s,concurrent/es,concurrent·e,concurrent(e),concurrent(e),concurrent.e,concurrent[e],concurrent[e],concurrent/e,concurrent·e·s,concurrent.e.s,concurrent/e/s
inscrits,inscrit,inscrit·es,inscrit(e)s,inscrit(e)s,inscrit.es,inscrit[e]s,inscrit[e]s,inscrit/es,inscrit·e,inscrit(e),inscrit(e),inscrit.e,inscrit[e],inscrit[e],inscrit/e,inscrit·e·s,inscrit.e.s,inscrit/e/s
invités,invité,invité·es,invité(e)s,invité(e)s,invité.es,invité[e]s,invité[e]s,invité/es,invité·e,invité(e),invité(e),invité.e,invité[e],invité[e],invité/e,invité·e·s,invité.e.s,invité/e/s
prêtres,prêtre,prêtre·sses,prêtre(sse)s,prêtre(sse)s,prêtre.sses,prêtre[sse]s,prêtre[sse]s,prêtre/sses,prêtre·sse,prêtre(sse),prêtre(sse),prêtre.sse,prêtre[sse],prêtre[sse],prêtre/sse,prêtre·sse·s,prêtre.sse.s,prêtre/sse/s
suspects,suspect,suspect·es,suspect(e)s,suspect(e)s,suspect.es,suspect[e]s,suspect[e]s,suspect/es,suspect·e,suspect(e),suspect(e),suspect.e,suspect[e],suspect[e],suspect/e,suspect·e·s,suspect.e.s,suspect/e/s
