masculine_sg,feminine_sg,inclusive_sg,masculine_pl,feminine_pl,inclusive_pl,number_attested,source,example,inclusive_x_sg,inclusive_x_pl
abanderado,abanderada,abanderad@,abanderados,abanderadas,abanderad@s,pl,tweets,"@NConcostrina Cual Sísifo con la piedra, la ciudadanía madrileña sigue aguantando la misma caterva de abanderad@s patrios de pro.",abanderadx,abanderadxs
abogado,abogada,abogad@,abogados,abogadas,abogad@s,sg;pl,both,@PamHelmsley Abogad@,abogadx,abogadxs
abogao,abogaa,aboga@,abogaos,abogaas,aboga@s,pl,tweets,Hola #usuarios! Hola #abogados! Les proponemos una encuesta! Entre aboga@s y clientes...,abogax,abogaxs
abonado,abonada,abonad@,abonados,abonadas,abonad@s,sg;pl,tweets,ℹ️✉️ Querid@ abonad@ https://t.co/hSQ6hU3NR3,abonadx,abonadxs
abortero,abortera,aborter@,aborteros,aborteras,aborter@s,pl,tweets,Amigos de TT se imaginan un mundo sin: Progres Feminazis Lgtxxxx Zurdos Aborter@s ?????,aborterx,aborterxs
absurdo,absurda,absurd@,absurdos,absurdas,absurd@s,sg,tweets,Es que es tan absurd@ ese simple hecho.,absurdx,absurdxs
abuelito,abuelita,abuelit@,abuelitos,abuelitas,abuelit@s,sg;pl,tweets,@MoraMiguel100 😭😭😭😭😭 pobres abuelit@s,abuelitx,abuelitxs
abuelo,abuela,abuel@,abuelos,abuelas,abuel@s,sg;pl,both,Extraño demasiado a mi abuel@,abuelx,abuelxs
aburrido,aburrida,aburrid@,aburridos,aburridas,aburrid@s,pl,tweets,¿Qué hacen cuándo están aburrid@s? 🤔,aburridx,aburridxs
académico,académica,académic@,académicos,académicas,académic@s,sg;pl,both,Secretari@ Académic@ https://t.co/3GHCqzCMiv,académicx,académicxs
acomplejado,acomplejada,acomplejad@,acomplejados,acomplejadas,acomplejad@s,pl,tweets,@AriDiazz Tonteria y de acomplejad@s,acomplejadx,acomplejadxs
acosado,acosada,acosad@,acosados,acosadas,acosad@s,sg,tweets,@liliana_1203 O sonríe sin sentirse acosad@,acosadx,acosadxs
acosador,acosadora,acosador@,acosadores,acosadoras,acosador@s,pl,tweets,@salvameoficial Haber cuando la audiencia decide hacer BOICOT a los acosador@s,acosadorx,acosadorxs
activo,activa,activ@,activos,activas,activ@s,sg;pl,tweets,@imtortaa Pasiv@ o activ@,activx,activxs
actor,actora,actor@,actores,actoras,actor@s,pl,tweets,@PiensaPrensa Randes nuestr@s actor@s,actorx,actorxs
actualizado,actualizada,actualizad@,actualizados,actualizadas,actualizad@s,pl,tweets,"Aquí casual, bien actualizad@s l@s tuiter@s. GSP https://t.co/Y3thUUbXNF",actualizadx,actualizadxs
acusado,acusada,acusad@,acusados,acusadas,acusad@s,pl,both,"Oído en Sala: -""Viendo el banquillo de acusad@s con tanta disparidad de edad,sexo,etnia e imagen personal,más que un grupo criminal parece un anuncio de Benetton""",acusadx,acusadxs
adepto,adepta,adept@,adeptos,adeptas,adept@s,pl,tweets,@SRGOGOL La pura fantochada tampoco me gusta y cada vez tiene más adept@s,adeptx,adeptxs
adicto,adicta,adict@,adictos,adictas,adict@s,sg;pl,tweets,¿Eres adict@ a algo? RT: SI FAV: NO,adictx,adictxs
adivino,adivina,adivin@,adivinos,adivinas,adivin@s,sg;pl,tweets,Entre l@s divin@s y l@s adivin@s,adivinx,adivinxs
administrador,administradora,administrador@,administradores,administradoras,administrador@s,pl,tweets,"Administrador@s Locales de Recaudación de la admfiscalcoah con el Gobernador @mrikelme en Saltillo, Mexico https://t.co/MSt1UEY3A8",administradorx,administradorxs
administrativo,administrativa,administrativ@,administrativos,administrativas,administrativ@s,sg;pl,tweets,Administrativ@ Media Jornada https://t.co/qDKydIYNhb,administrativx,administrativxs
admirador,admiradora,admirador@,admiradores,admiradoras,admirador@s,pl,tweets,De dónde salen tant@s admirador@s 😳!!,admiradorx,admiradorxs
adoctrinado,adoctrinada,adoctrinad@,adoctrinados,adoctrinadas,adoctrinad@s,pl,tweets,@pigdemont_ @GuajeSalvaje ...adoctrinad@s...,adoctrinadx,adoctrinadxs
adoptado,adoptada,adoptad@,adoptados,adoptadas,adoptad@s,sg,tweets,@mdow96 Que superr. Ojala sea adoptad@💕,adoptadx,adoptadxs
adoptero,adoptera,adopter@,adopteros,adopteras,adopter@s,sg;pl,tweets,BUENOS DÍAS ADOPTER@S! #adopterosargentina https://t.co/HTJVFIJIKc,adopterx,adopterxs
adulto,adulta,adult@,adultos,adultas,adult@s,sg;pl,tweets,@JackyMc10 Vives con adult@ mayor?,adultx,adultxs
afcolegiado,afcolegiada,afcolegiad@,afcolegiados,afcolegiadas,afcolegiad@s,pl,tweets,Ahí estaremos # AFColegiad@s https://t.co/BtJ4nO6QpK,afcolegiadx,afcolegiadxs
afectado,afectada,afectad@,afectados,afectadas,afectad@s,sg;pl,tweets,Gran abrazo a tod@s los afectad@s.,afectadx,afectadxs
aficionado,aficionada,aficionad@,aficionados,aficionadas,aficionad@s,sg;pl,tweets,Para todo aquel aficionad@ que pueda acudir. https://t.co/G4BU3kQV8h,aficionadx,aficionadxs
afiliado,afiliada,afiliad@,afiliados,afiliadas,afiliad@s,sg;pl,both,¿Estás afiliad@ a algún sindicato?,afiliadx,afiliadxs
afortunado,afortunada,afortunad@,afortunados,afortunadas,afortunad@s,sg;pl,tweets,@Sandra06783723 Semos afortunad@s,afortunadx,afortunadxs
africano,africana,african@,africanos,africanas,african@s,sg;pl,tweets,Noticia de Última Hora African@s!!! https://t.co/0dSYWU14cL,africanx,africanxs
agraciado,agraciada,agraciad@,agraciados,agraciadas,agraciad@s,sg;pl,tweets,Gurre: poco agraciad@,agraciadx,agraciadxs
agrandado,agrandada,agrandad@,agrandados,agrandadas,agrandad@s,sg,tweets,No tolero la gente agrandad@,agrandadx,agrandadxs
agredido,agredida,agredid@,agredidos,agredidas,agredid@s,sg;pl,tweets,@alzilei En referencia a percibir... no te percibes agredid@,agredidx,agredidxs
agregado,agregada,agregad@,agregados,agregadas,agregad@s,sg,tweets,Y a ti por qué te tengo agregad@?,agregadx,agregadxs
agremiado,agremiada,agremiad@,agremiados,agremiadas,agremiad@s,pl,tweets,En el #ForoArtículoTercero esperamos tus propuestas porque en #Tlaxcala el #SNTE escucha a sus agremiad@s https://t.co/gtbiKpkhQn,agremiadx,agremiadxs
agresor,agresora,agresor@,agresores,agresoras,agresor@s,pl,tweets,"Repulsion hacia l@s agresor@s y hacia las denuncias falsas, flaco favor les hacéis a las verdaderas víctimas https://t.co/oIDC8aeE4T",agresorx,agresorxs
agricultor,agricultora,agricultor@,agricultores,agricultoras,agricultor@s,pl,tweets,Del PP y el daño a l@s agricultor@s https://t.co/WVouhWiuXU,agricultorx,agricultorxs
aguerrido,aguerrida,aguerrid@,aguerridos,aguerridas,aguerrid@s,pl,tweets,Vierneeeeeeessssss!!!!!☮️💞🙂 #FelizDía #FelizFinde twiter@s aguerrid@s. https://t.co/sIU1as5aCe,aguerridx,aguerridxs
aguilucho,aguilucha,aguiluch@,aguiluchos,aguiluchas,aguiluch@s,pl,tweets,¡CONFIRMADO AGUILUCH@S! 🦅 https://t.co/COutgxGYib,aguiluchx,aguiluchxs
aguno,aguna,agun@,agunos,agunas,agun@s,pl,tweets,@ChrisNavarroG @La_Rusiaaa Pero hay agun@s que no las saben valorar.,agunx,agunxs
ahijadito,ahijadita,ahijadit@,ahijaditos,ahijaditas,ahijadit@s,sg,tweets,"Mañana, veo a mi ahijadit@ 😁",ahijaditx,ahijaditxs
ahijado,ahijada,ahijad@,ahijados,ahijadas,ahijad@s,sg;pl,tweets,Se busca ahijad@,ahijadx,ahijadxs
ahogado,ahogada,ahogad@,ahogados,ahogadas,ahogad@s,sg;pl,tweets,Patadas de ahogad@ https://t.co/Mn3ejJa4zr,ahogadx,ahogadxs
aislado,aislada,aislad@,aislados,aisladas,aislad@s,pl,tweets,Aislad@s pero Unid@s ... #QuedateEnCasa #HaceTuParte,aisladx,aisladxs
albaceteño,albaceteña,albaceteñ@,albaceteños,albaceteñas,albaceteñ@s,pl,tweets,"Nuestro comercio felicita a tod@s los albaceteñ@s, enhorabuena #albacete @Arcos https://t.co/WDlRWW6UDl",albaceteñx,albaceteñxs
albatro,albatra,albatr@,albatros,albatras,albatr@s,pl,tweets,Venga ALBATR@S!!! Por nuestra Demet 💪🏻💪🏻💪🏻💪🏻✌🏻✌🏻✌🏻✌🏻 https://t.co/I9VdkMfdlC,albatrx,albatrxs
albo,alba,alb@,albos,albas,alb@s,pl,tweets,@CSDColoColo Buenos dias Alb@s,albx,albxs
alcaldeso,alcaldesa,alcaldes@,alcaldesos,alcaldesas,alcaldes@s,sg,tweets,"@ArgiroCasta58 sera, la alcaldes@ ?",alcaldesx,alcaldesxs
alcantarillero,alcantarillera,alcantariller@,alcantarilleros,alcantarilleras,alcantariller@s,pl,tweets,La familia del @AlcantarillaFC quiere desear a tod@s l@s alcantariller@s una... ¡¡Feliz Navidad!! 🔴⚪🎄 https://t.co/CbrTg7q1iI,alcantarillerx,alcantarillerxs
alcohólico,alcohólica,alcohólic@,alcohólicos,alcohólicas,alcohólic@s,sg;pl,tweets,Pur@s alcohólic@s en mi red social 🙃,alcohólicx,alcohólicxs
alcorconero,alcorconera,alcorconer@,alcorconeros,alcorconeras,alcorconer@s,pl,tweets,Felicidades a tod@s l@s alcorconer@s por su día grande y también a l@s extremeñ@s en el día de su comunidad #DiadeExtremadura #Alcorcón,alcorconerx,alcorconerxs
alejandro,alejandra,alejandr@,alejandros,alejandras,alejandr@s,sg,tweets,Alejandr@* xd https://t.co/N7FXxqXpTe,alejandrx,alejandrxs
alemán,alemana,aleman@,alemanes,alemanas,aleman@s,pl,bluesky,Eso pensaban much@s aleman@s mientras huían a pedir asilo en Hungría. El muro de Berlín acabo cayendo.,alemanx,alemanxs
alfarero,alfarera,alfarer@,alfareros,alfareras,alfarer@s,pl,tweets,Hoy hemos jugado con 12!! Gracias Alfarer@s!!!,alfarerx,alfarerxs
algno,algna,algn@,algnos,algnas,algn@s,pl,tweets,@ana_sgd Pues seguro algn@s daban dinero por él xD,algnx,algnxs
algunito,algunita,algunit@,algunitos,algunitas,algunit@s,pl,tweets,Algunit@s https://t.co/RpNpYiFa0Y,algunitx,algunitxs
alguo,algua,algu@,alguos,alguas,algu@s,pl,tweets,@la100fm Que mal les cae la merca a algu@s!,algux,alguxs
aliado,aliada,aliad@,aliados,aliadas,aliad@s,sg;pl,tweets,Siempre hay un aliad@ para la joda.,aliadx,aliadxs
alicantino,alicantina,alicantin@,alicantinos,alicantinas,alicantin@s,pl,tweets,Alicantin@s viendo nevar https://t.co/hKrqwIX04G,alicantinx,alicantinxs
alimentador,alimentadora,alimentador@,alimentadores,alimentadoras,alimentador@s,pl,tweets,@MADRID permita la entrada de l@s alimentador@s. No dejen q estos animales mueran de hambre https://t.co/Q0mucsT44c,alimentadorx,alimentadorxs
allegado,allegada,allegad@,allegados,allegadas,allegad@s,pl,tweets,@cuatroaldia https://t.co/JfBp1CgiHY leeroslo @PratSandberg y allegad@s,allegadx,allegadxs
alto,alta,alt@,altos,altas,alt@s,sg;pl,tweets,Alt@ bob,altx,altxs
aludido,aludida,aludid@,aludidos,aludidas,aludid@s,pl,tweets,Much@s aludid@s ups,aludidx,aludidxs
alumnito,alumnita,alumnit@,alumnitos,alumnitas,alumnit@s,pl,tweets,HERMOS@S MIS ALUMNIT@S,alumnitx,alumnitxs
alumno,alumna,alumn@,alumnos,alumnas,alumn@s,sg;pl,both,Preparando el mensaje de Navidad para mis alumn@s,alumnx,alumnxs
alumo,aluma,alum@,alumos,alumas,alum@s,pl,tweets,@alaniz_a @quilpueciudad Felicitaciones ex alum@s!!!!,alumx,alumxs
alérgico,alérgica,alérgic@,alérgicos,alérgicas,alérgic@s,pl,tweets,Soy alérgica a l@s q son alérgic@s...,alérgicx,alérgicxs
amado,amada,amad@,amados,amadas,amad@s,sg;pl,tweets,Listo Nietit@s amad@s.,amadx,amadxs
amarlo,amarla,amarl@,amarlos,amarlas,amarl@s,sg,tweets,"No sólo es amarl@, debes admirarl@...",amarlx,amarlxs
ambicioso,ambiciosa,ambicios@,ambiciosos,ambiciosas,ambicios@s,pl,tweets,"Entre mas plata tienen, mas Ambicios@s y Tacañ@s se vuelven .l.",ambiciosx,ambiciosxs
americano,americana,american@,americanos,americanas,american@s,pl,tweets,@noemachagollan Son american@s sus celulares son más grandes que ellos,americanx,americanxs
amgo,amga,amg@,amgos,amgas,amg@s,pl,tweets,Mis amg@s los psicólogos 😍,amgx,amgxs
amico,amica,amic@,amicos,amicas,amic@s,pl,tweets,Amic@s reportense!! https://t.co/gMHhR8AzPy,amicx,amicxs
amigao,amigaa,amiga@,amigaos,amigaas,amiga@s,sg;pl,tweets,@agostina138 gracias amiga@,amigax,amigaxs
amigaso,amigasa,amigas@,amigasos,amigasas,amigas@s,sg,tweets,amigas@ https://t.co/IUgudO3r6T,amigasx,amigasxs
amigazo,amigaza,amigaz@,amigazos,amigazas,amigaz@s,sg;pl,tweets,@holadisculpa Hace amigaz@s 😂😂,amigazx,amigazxs
amigo,amiga,amig@,amigos,amigas,amig@s,sg;pl,both,Quiero más amig@s,amigx,amigxs
amigoso,amigosa,amigos@,amigosos,amigosas,amigos@s,sg;pl,tweets,Linda noche con amigos@s 💜,amigosx,amigosxs
amiguito,amiguita,amiguit@,amiguitos,amiguitas,amiguit@s,sg;pl,tweets,saquen las posaditas amiguit@s!,amiguitx,amiguitxs
amigüito,amigüita,amigüit@,amigüitos,amigüitas,amigüit@s,pl,tweets,Hoy hice nuevos amigüit@s 😊,amigüitx,amigüitxs
amiibo,amiiba,amiib@,amiibos,amiibas,amiib@s,pl,tweets,Feliz navidad “amiib@s” https://t.co/KtgLaqeKmY,amiibx,amiibxs
amijo,amija,amij@,amijos,amijas,amij@s,pl,tweets,"Ya lo hemos visto todo, amij@s https://t.co/BcJFYqGcZ9",amijx,amijxs
amiko,amika,amik@,amikos,amikas,amik@s,sg;pl,tweets,Tengo mucho sueño amik@s.,amikx,amikxs
amiwo,amiwa,amiw@,amiwos,amiwas,amiw@s,pl,tweets,Extraño a mis amiw@s😞💔,amiwx,amiwxs
amogo,amoga,amog@,amogos,amogas,amog@s,pl,tweets,Exelente miercoles amog@s twitteros,amogx,amogxs
amonestado,amonestada,amonestad@,amonestados,amonestadas,amonestad@s,pl,tweets,"Ya son 5 compañer@s amonestad@s, se les está yendo de las manos @quironPREV",amonestadx,amonestadxs
amor,amora,amor@,amores,amoras,amor@s,sg,tweets,@BTS_twt MI AMOR@,amorx,amorxs
amugo,amuga,amug@,amugos,amugas,amug@s,pl,tweets,Disque amug@s y ocultan los estados jajajaja,amugx,amugxs
analfabeto,analfabeta,analfabet@,analfabetos,analfabetas,analfabet@s,sg;pl,tweets,@lorezain Analfabet@s al cubo!,analfabetx,analfabetxs
analítico,analítica,analític@,analíticos,analíticas,analític@s,sg,tweets,"#VIRGO cuestionará hasta por qué se respira, analític@ al máximo...",analíticx,analíticxs
anamo,anama,anam@,anamos,anamas,anam@s,sg,tweets,"@jimne_mar @salvameoficial AnaM@, podrá tener muchos defectos, pero el de cobarde NO. Fantástico concurso está haciendo.",anamx,anamxs
ancestro,ancestra,ancestr@,ancestros,ancestras,ancestr@s,pl,tweets,"Crear en este tiempo, pero no pensar en este tiempo. El arte conecta y viaja como relámpago de imágenes por el suelo de l@s ancestr@s! https://t.co/Hd7PPak2Ug",ancestrx,ancestrxs
anciano,anciana,ancian@,ancianos,ancianas,ancian@s,sg;pl,both,@Gabi__SF Siiii o ancian@!!,ancianx,ancianxs
andaluz,andaluza,andaluz@,andaluzes,andaluzas,andaluz@s,pl,tweets,@SAT_nacional @OscarReinaGilen Solidaridad desde Barcelona a mis paisan@s Andaluz@s! Libertad para @OscarReinaGilen!,andaluzx,andaluzxs
angelito,angelita,angelit@,angelitos,angelitas,angelit@s,sg;pl,tweets,😍 enamorada de ti angelit@ ❤,angelitx,angelitxs
anigo,aniga,anig@,anigos,anigas,anig@s,pl,tweets,Fuerza.anig@s #Chaitén,anigx,anigxs
animador,animadora,animador@,animadores,animadoras,animador@s,pl,tweets,Q ridiculez l@s animador@s de gala? Cuando hay tanta miseria y hambre en Chile! Q frivolidad! Da asco!,animadorx,animadorxs
antento,antenta,antent@,antentos,antentas,antent@s,pl,tweets,España 🇪🇸 y México 🇲🇽 mañana antent@s que vienen cosas inimaginables! ATENT@S a @urbandfive &amp; @Urband5Global #,antentx,antentxs
antequerano,antequerana,antequeran@,antequeranos,antequeranas,antequeran@s,pl,tweets,¡Enhorabuena a tod@s los antequeran@s! 👏🏼 https://t.co/Y4UmDl1ghg,antequeranx,antequeranxs
antonio,antonia,antoni@,antonios,antonias,antoni@s,pl,tweets,Felicidades para todos l@s Antoni@s!!,antonix,antonixs
antropólogo,antropóloga,antropólog@,antropólogos,antropólogas,antropólog@s,pl,tweets,"Entre sociólog@s, psicólog@s y antropólog@s te veas https://t.co/m8GV2e5ROY",antropólogx,antropólogxs
anuko,anuka,anuk@,anukos,anukas,anuk@s,sg,tweets,@Anuk00371622 Gracias Anuk@ que sueñes con los angelitos y que descanses cuidate 💋💋💋,anukx,anukxs
anónimo,anónima,anonim@,anónimos,anónimas,anonim@s,sg;pl,tweets,ola — hola querid@ anonim@ http://t.co/GShdoTuGB6,anonimx,anonimxs
aparecido,aparecida,aparecid@,aparecidos,aparecidas,aparecid@s,sg,tweets,Uno no le dice amor a cualquier aparecid@.,aparecidx,aparecidxs
apasionado,apasionada,apasionad@,apasionados,apasionadas,apasionad@s,sg;pl,tweets,Apasionad@s https://t.co/yrF2DrVIdR,apasionadx,apasionadxs
apoderado,apoderada,apoderad@,apoderados,apoderadas,apoderad@s,sg;pl,tweets,¡¡Apúntate!! ¡¡Unete como apoderad@!! https://t.co/9tUxahrsNs,apoderadx,apoderadxs
aragonés,aragonesa,aragones@,aragoneses,aragonesas,aragones@s,pl,tweets,@lamolinera64 Feliz dia aragones@s!!! ✨🎉,aragonesx,aragonesxs
arcadiano,arcadiana,arcadian@,arcadianos,arcadianas,arcadian@s,pl,tweets,Buenas noches Arcadian@s 😴 que soñéis con Recreativos 😉 https://t.co/VTO9d1W4WS,arcadianx,arcadianxs
archivero,archivera,archiver@,archiveros,archiveras,archiver@s,pl,tweets,[IMG] Todavía más carteles motivacionales para #archifrikis y #archiver@s https://t.co/qb2yBgU03S Feliz #FF https://t.co/8zy85VrHYl,archiverx,archiverxs
ardido,ardida,ardid@,ardidos,ardidas,ardid@s,sg;pl,tweets,Que oso lo ardid@s 😂,ardidx,ardidxs
argentino,argentina,argentin@,argentinos,argentinas,argentin@s,sg;pl,tweets,Argentin@s https://t.co/vOS8ffzQQf,argentinx,argentinxs
arquero,arquera,arquer@,arqueros,arqueras,arquer@s,pl,tweets,@PazzelliDiego Ehh amigo con los arquer@s no jajaj,arquerx,arquerxs
arqueólogo,arqueóloga,arqueólog@,arqueólogos,arqueólogas,arqueólog@s,pl,tweets,Arqueólog@s posibilidades de trabajo en Patagonia https://t.co/rpkUuitwgS,arqueólogx,arqueólogxs
arquitecto,arquitecta,arquitect@,arquitectos,arquitectas,arquitect@s,sg;pl,tweets,@CuencaHistorica ARQUITECT@ ?,arquitectx,arquitectxs
arrastrado,arrastrada,arrastrad@,arrastrados,arrastradas,arrastrad@s,sg;pl,tweets,@LOVREGA Ridícula arrastrad@,arrastradx,arrastradxs
arrecho,arrecha,arrech@,arrechos,arrechas,arrech@s,sg;pl,tweets,@iegs1205 Y arrech@ también,arrechx,arrechxs
arrobalo,arrobala,arrobal@,arrobalos,arrobalas,arrobal@s,sg,tweets,@vHR35 Arrobal@,arrobalx,arrobalxs
arrobo,arroba,arrob@,arrobos,arrobas,arrob@s,sg,tweets,Saudade da arrob@,arrobx,arrobxs
art,arta,art@,artes,artas,art@s,sg;pl,tweets,Andre Kohn Tutt'Art@ https://t.co/EPjHSXbqgd,artx,artxs
artesano,artesana,artesan@,artesanos,artesanas,artesan@s,sg;pl,tweets,Feliz dia de los objetos sexuales Perdon quise decir feliz dia del artesan@,artesanx,artesanxs
artistazo,artistaza,artistaz@,artistazos,artistazas,artistaz@s,pl,tweets,¡COMENTANDO ARTISTAZ@S! https://t.co/om7BmUgTxO,artistazx,artistazxs
arusero,arusera,aruser@,aruseros,aruseras,aruser@s,pl,tweets,@ArusityslaSexta @laSextaTV Aruser@s hay que ir aconstumbrabsose jeje,aruserx,aruserxs
asalariado,asalariada,asalariad@,asalariados,asalariadas,asalariad@s,sg;pl,tweets,@EdgarLnderos Asalariad@,asalariadx,asalariadxs
asesino,asesina,asesin@,asesinos,asesinas,asesin@s,sg;pl,tweets,@FelipeCalderon @Mzavalagc Asesin@s!!!!!!! 😡,asesinx,asesinxs
asesor,asesora,asesor@,asesores,asesoras,asesor@s,sg;pl,both,Algun@ asesor@ laboral en la sala?,asesorx,asesorxs
asociado,asociada,asociad@,asociados,asociadas,asociad@s,sg;pl,tweets,También para asociad@s de otros capítulos! 👍 https://t.co/9Vhh02pEFP,asociadx,asociadxs
asqueroso,asquerosa,asqueros@,asquerosos,asquerosas,asqueros@s,pl,tweets,@pxmolina Asqueros@s,asquerosx,asquerosxs
astrónomo,astrónoma,astrónom@,astrónomos,astrónomas,astrónom@s,pl,tweets,El 27% de los astrónom@s del país son mujeres https://t.co/ULYBZ9ul9U #Chile #sustentabilidad #equidaddegénero https://t.co/Jf10Z6goVz,astrónomx,astrónomxs
asturiano,asturiana,asturian@,asturianos,asturianas,asturian@s,sg;pl,tweets,Elige al ASTURIAN@ del milenio! (32avos).,asturianx,asturianxs
ateo,atea,ate@,ateos,ateas,ate@s,sg;pl,tweets,Cada dia conozco mas ate@s,atex,atexs
atlético,atlética,atletic@,atléticos,atléticas,atletic@s,pl,tweets,Dulces sueños ATLETIC@S.,atleticx,atleticxs
atodo,atoda,atod@,atodos,atodas,atod@s,pl,tweets,"@SiguemeTsigo32 No nunca, Feliz Domingo aTod@s!! 😊😊😊😊😊",atodx,atodxs
atractivo,atractiva,atractiv@,atractivos,atractivas,atractiv@s,pl,tweets,Ni usando LV y Gucci lucen atractiv@s.,atractivx,atractivxs
atrevido,atrevida,atrevid@,atrevidos,atrevidas,atrevid@s,sg;pl,tweets,@AmilkarWong Atrevid@s,atrevidx,atrevidxs
autoconvocado,autoconvocada,autoconvocad@,autoconvocados,autoconvocadas,autoconvocad@s,pl,tweets,@alexnahe Herido de bala! Sin sangre!... otro teatro más de los Autoconvocad@s!,autoconvocadx,autoconvocadxs
autor,autora,autor@,autores,autoras,autor@s,sg;pl,both,@_tzzk 4 obras de tu autor@ fav,autorx,autorxs
autónomo,autónoma,autónom@,autónomos,autónomas,autónom@s,sg;pl,tweets,COCINER@S AUTÓNOM@S - TODA ESPAÑA: https://t.co/5GmZQkl5PS,autónomx,autónomxs
aventurero,aventurera,aventurer@,aventureros,aventureras,aventurer@s,sg;pl,both,@vampipe @lordmolecula 🎶 “... vende caro tu FAVOR aventurer@“ 🎶,aventurerx,aventurerxs
aweonao,aweonaa,aweona@,aweonaos,aweonaas,aweona@s,pl,tweets,Aweona@s https://t.co/pauqefUYdQ,aweonax,aweonaxs
azafato,azafata,azafat@,azafatos,azafatas,azafat@s,sg;pl,tweets,8 tendencias en las agencias de azafat@s y personal para eventos,azafatx,azafatxs
azuayo,azuaya,azuay@,azuayos,azuayas,azuay@s,pl,tweets,"@constante_r @lahoraecuador Azuay@s, y si no le dejan regresar a este vago a Cuenca??",azuayx,azuayxs
azulito,azulita,azulit@,azulitos,azulitas,azulit@s,pl,tweets,@canaltn8 Así son nuestros AZULIT@S bendecidos,azulitx,azulitxs
azulón,azulona,azulon@,azulones,azulonas,azulon@s,pl,tweets,A disfrutar Azulon@s!!!💪💙⚽,azulonx,azulonxs
añoso,añosa,años@,añosos,añosas,años@s,sg,tweets,@abraham_gtz_ Se acaba en dos años@,añosx,añosxs
baboso,babosa,babos@,babosos,babosas,babos@s,sg;pl,both,Babos@,babosx,babosxs
bachaquero,bachaquera,bachaquer@,bachaqueros,bachaqueras,bachaquer@s,pl,tweets,@DiputadosDeLaAN comprar alli es horrible !!!!! Todas son bachaquer@s,bachaquerx,bachaquerxs
bailarín,bailarina,bailarin@,bailarines,bailarinas,bailarin@s,pl,tweets,Nunca sean bailarin@s,bailarinx,bailarinxs
bajo,baja,baj@,bajos,bajas,baj@s,sg;pl,tweets,Eres alt@ o baj@?,bajx,bajxs
bandido,bandida,bandid@,bandidos,bandidas,bandid@s,sg;pl,tweets,"Buenas noches, bandid@s",bandidx,bandidxs
bando,banda,band@,bandos,bandas,band@s,sg,tweets,#ABIERTOHASTALAS12 chau band@,bandx,bandxs
barbero,barbera,barber@,barberos,barberas,barber@s,pl,tweets,Mucho “me divierte” HDTPM?? 😌 no sean barber@s jajaja,barberx,barberxs
barco,barca,barc@,barcos,barcas,barc@s,sg,tweets,BARC@ 100% (visca barc@),barcx,barcxs
barrendero,barrendera,barrender@,barrenderos,barrenderas,barrender@s,pl,tweets,"@eldiarioes @71Emiliom ...BARRENDER@S Y BASURER@S, ...ETC.",barrenderx,barrenderxs
barriero,barriera,barrier@,barrieros,barrieras,barrier@s,pl,tweets,#FelizFinde Barrier@s! 😘,barrierx,barrierxs
bastardo,bastarda,bastard@,bastardos,bastardas,bastard@s,pl,tweets,Los quiero Bastard@s 🙂❤️ https://t.co/viWZyghx6r,bastardx,bastardxs
basuro,basura,basur@,basuros,basuras,basur@s,sg,tweets,@IvanGaonaa Que haces que no estás revisando la basur@,basurx,basurxs
bbcito,bbcita,bbcit@,bbcitos,bbcitas,bbcit@s,pl,tweets,QUE ONDA BBCIT@S,bbcitx,bbcitxs
beato,beata,beat@,beatos,beatas,beat@s,pl,tweets,"Beat@s de día, gat@s de noche...",beatx,beatxs
bebecito,bebecita,bebecit@,bebecitos,bebecitas,bebecit@s,sg;pl,tweets,Buenos días bebecit@s,bebecitx,bebecitxs
bebeshito,bebeshita,bebeshit@,bebeshitos,bebeshitas,bebeshit@s,pl,tweets,"Les gustaría hiciera un grupo de WhatsApp bebeshit@s? Veamos💋🍒rt,mg!!",bebeshitx,bebeshitxs
bebesito,bebesita,bebesit@,bebesitos,bebesitas,bebesit@s,sg;pl,tweets,Buenos dias bebesit@,bebesitx,bebesitxs
bebito,bebita,bebit@,bebitos,bebitas,bebit@s,sg;pl,tweets,buen día bebit@s,bebitx,bebitxs
becario,becaria,becari@,becarios,becarias,becari@s,sg;pl,tweets,En plan becari@ https://t.co/PbOgpb1mqT,becarix,becarixs
becerro,becerra,becerr@,becerros,becerras,becerr@s,sg;pl,tweets,Becerr@ .l.,becerrx,becerrxs
begoño,begoña,begoñ@,begoños,begoñas,begoñ@s,sg,tweets,@psammodromus Begoñ@ https://t.co/j7DavGkWvg,begoñx,begoñxs
bellaco,bellaca,bellac@,bellacos,bellacas,bellac@s,sg;pl,tweets,mucho bellac@,bellacx,bellacxs
bendito,bendita,bendit@,benditos,benditas,bendit@s,pl,tweets,@ibonpereztv Bendit@s seais todos vosotros....¡¡¡,benditx,benditxs
beneficiado,beneficiada,beneficiad@,beneficiados,beneficiadas,beneficiad@s,sg;pl,tweets,"gasto muchísimo dinero, puedes salir beneficiad@ 😔 https://t.co/xoApkjxVC7",beneficiadx,beneficiadxs
beneficiario,beneficiaria,beneficiari@,beneficiarios,beneficiarias,beneficiari@s,sg;pl,tweets,@LOVREGA Pero a ese no entras porque no tienes tarjeta de beneficiari@ de los programas del bienestar.,beneficiarix,beneficiarixs
bibliotecario,bibliotecaria,bibliotecari@,bibliotecarios,bibliotecarias,bibliotecari@s,sg;pl,tweets,Feliz día Bibliotecari@ !!! https://t.co/zMh48iJz6F,bibliotecarix,bibliotecarixs
bichito,bichita,bichit@,bichitos,bichitas,bichit@s,pl,tweets,#FelizMiércoles Bichit@s!!!!,bichitx,bichitxs
bicho,bicha,bich@,bichos,bichas,bich@s,sg;pl,tweets,Ok pedile un/a bich@ !!,bichx,bichxs
bienvenido,bienvenida,bienvenid@,bienvenidos,bienvenidas,bienvenid@s,sg;pl,tweets,@Divazaislife Bienvenid@❤,bienvenidx,bienvenidxs
bisabuelo,bisabuela,bisabuel@,bisabuelos,bisabuelas,bisabuel@s,pl,tweets,Esta@os bien los miles en plaza de la dignidad desde bisabuel@s a bisniet@s!!! Feliz 2020!!!,bisabuelx,bisabuelxs
bisnieto,bisnieta,bisniet@,bisnietos,bisnietas,bisniet@s,pl,tweets,Esta@os bien los miles en plaza de la dignidad desde bisabuel@s a bisniet@s!!! Feliz 2020!!!,bisnietx,bisnietxs
biólogo,bióloga,biólog@,biólogos,biólogas,biólog@s,pl,tweets,Pa mis panas biólog@s https://t.co/JjhWlsOHem,biólogx,biólogxs
blanco,blanca,blanc@,blancos,blancas,blanc@s,sg;pl,tweets,@alexamro Pero para verse blanc@s,blancx,blancxs
blanquirrojo,blanquirroja,blanquirroj@,blanquirrojos,blanquirrojas,blanquirroj@s,pl,tweets,Blanquirroj@s EX MCMXL https://t.co/DfkQfcUjHi,blanquirrojx,blanquirrojxs
blanquito,blanquita,blanquit@,blanquitos,blanquitas,blanquit@s,sg;pl,tweets,Amor por l@s blanquit@s,blanquitx,blanquitxs
bldo,blda,bld@,bldos,bldas,bld@s,sg,tweets,Che no da bld@,bldx,bldxs
bloggero,bloggera,blogger@,bloggeros,bloggeras,blogger@s,pl,tweets,"Si te perdiste nuestro ‘Blogger@s malagueñ@s de moda’, te contamos todo sobre el evento. ¡Lo pasamos genial! https://t.co/EhwJNcvs3w",bloggerx,bloggerxs
bloguero,bloguera,bloguer@,blogueros,blogueras,bloguer@s,pl,tweets,"Es@s bloguer@s que se definen como ""bloger@s"" 😩",bloguerx,bloguerxs
blueskyero,blueskyera,blueskyer@,blueskyeros,blueskyeras,blueskyer@s,pl,bluesky,"¡Por fin a dormir! Cogeremos fuerzas para dentro de unas horas comenzar el día con gran alegría, vitalidad y energía. Buenas noches blueskyer@s descansad vuestros cuerpitos y vuestras mentes muy plácidamente y soñad cositas muy lindas tanto o más como vosotr@s. Bona Nit A Tothom😴 Good Night 💙🌏🦋🌎🦋🌍💙",blueskyerx,blueskyerxs
blusquito,blusquita,blusquit@,blusquitos,blusquitas,blusquit@s,pl,bluesky,"Toda la razón. Pensé en poner blusquit@s, pero pensé que no se haría el cuestionamiento y dije ""ya lo puse así, pa qué"". Pero toda la razón.",blusquitx,blusquitxs
bobito,bobita,bobit@,bobitos,bobitas,bobit@s,pl,tweets,Bobit@s https://t.co/ndXLue2wM4,bobitx,bobitxs
bobo,boba,bob@,bobos,bobas,bob@s,sg;pl,tweets,Hablando de bob@s...,bobx,bobxs
boco,boca,boc@,bocos,bocas,boc@s,sg,tweets,boc@,bocx,bocxs
bodeguero,bodeguera,bodeguer@,bodegueros,bodegueras,bodeguer@s,pl,tweets,"No puedo asistir a @Fenavin_Oficial Motivos laborales me lo impiden. Saludos todos mis amig@s bodeguer@s, enólog@s. Saludos.",bodeguerx,bodeguerxs
bogotano,bogotana,bogotan@,bogotanos,bogotanas,bogotan@s,pl,tweets,= Bogotan@s https://t.co/OK84jmhEH0,bogotanx,bogotanxs
bolivariano,bolivariana,bolivarian@,bolivarianos,bolivarianas,bolivarian@s,sg;pl,tweets,@aguelluvia Bolivarian@,bolivarianx,bolivarianxs
boliviano,boliviana,bolivian@,bolivianos,bolivianas,bolivian@s,sg;pl,tweets,Grandes BOLIVIAN@S!!!,bolivianx,bolivianxs
bolo,bola,bol@,bolos,bolas,bol@s,sg;pl,tweets,VAMOS los Bol@s....😍,bolx,bolxs
bolsilludo,bolsilluda,bolsillud@,bolsilludos,bolsilludas,bolsillud@s,pl,tweets,CON TODO BOLSILLUD@S!!!! 🔵⚪️🔴 https://t.co/ZoH0AeK36J,bolsilludx,bolsilludxs
boludito,boludita,boludit@,boluditos,boluditas,boludit@s,sg;pl,tweets,Uh re boludit@s che,boluditx,boluditxs
boludo,boluda,bolud@,boludos,boludas,bolud@s,sg;pl,both,Tan bolud@ ibas a ser?,boludx,boludxs
bombero,bombera,bomber@,bomberos,bomberas,bomber@s,sg;pl,tweets,Pregunta del día: ¿Son bomber@s o se sacan fotos nomás?,bomberx,bomberxs
bondadoso,bondadosa,bondados@,bondadosos,bondadosas,bondados@s,sg,tweets,Quiero cortarme la ceja algún bondados@??,bondadosx,bondadosxs
bordador,bordadora,bordador@,bordadores,bordadoras,bordador@s,pl,tweets,Est@s de Pólonia (@tv3cat parecen bordador@s. Porque lo bordan. ¡Eh! #FelizViernes https://t.co/MtMlTXZ8ux,bordadorx,bordadorxs
borracho,borracha,borrach@,borrachos,borrachas,borrach@s,sg;pl,tweets,Si te llama borrach@ coronaste bebé,borrachx,borrachxs
borrego,borrega,borreg@,borregos,borregas,borreg@s,sg;pl,tweets,@CuenteroMuisne Los borreg@s...,borregx,borregxs
bostero,bostera,boster@,bosteros,bosteras,boster@s,sg;pl,tweets,Feliiz día boster@s 💙💛💙,bosterx,bosterxs
brasileño,brasileña,brasileñ@,brasileños,brasileñas,brasileñ@s,pl,tweets,"Bolsonaro ganando. Estaba con brasileñ@s, y parecía que estábamos en un funeral. https://t.co/kN5zGn4cgP",brasileñx,brasileñxs
bravo,brava,brav@,bravos,bravas,brav@s,sg;pl,both,Brav@s y andan con moz@.,bravx,bravxs
brujito,brujita,brujit@,brujitos,brujitas,brujit@s,pl,tweets,Mis brujit@s #HappyHalloween 👻👻,brujitx,brujitxs
brujo,bruja,bruj@,brujos,brujas,bruj@s,sg;pl,tweets,Creen en bruj@s?,brujx,brujxs
bruto,bruta,brut@,brutos,brutas,brut@s,sg;pl,tweets,BRUT@S 😒,brutx,brutxs
buenito,buenita,buenit@,buenitos,buenitas,buenit@s,sg;pl,tweets,Me mandan numeritos? Sean buenit@s,buenitx,buenitxs
buenorro,buenorra,buenorr@,buenorros,buenorras,buenorr@s,sg;pl,tweets,"Buenos días, buenorr@s.",buenorrx,buenorrxs
buenosdiasatodo,buenosdiasatoda,buenosdiasatod@,buenosdiasatodos,buenosdiasatodas,buenosdiasatod@s,pl,tweets,#BuenosDiasATod@s #MorellaSpain #TuFotoDelDia,buenosdiasatodx,buenosdiasatodxs
buhito,buhita,buhit@,buhitos,buhitas,buhit@s,pl,tweets,Buhit@s veo que #MilaFueraDeLaTv está siendo tendencia si lo queréis hacer TT avisar.🤣🤣👍👍 #BuhoComoTu14E,buhitx,buhitxs
bulero,bulera,buler@,buleros,buleras,buler@s,pl,bluesky,😀😀😀 Sos vos quien tiene los ojos tapados en la foto perfil. Y es que no hay más ciego que el que no quiere ver…😀😀😀Adiós buler@s de la información. EL DESPERTAR SOCIAL SE ACERCA,bulerx,bulerxs
bullanguero,bullanguera,bullanguer@,bullangueros,bullangueras,bullanguer@s,pl,tweets,Buen día Bullanguer@s 💙😍 https://t.co/F7WLortTIo,bullanguerx,bullanguerxs
burro,burra,burr@,burros,burras,burr@s,sg;pl,tweets,@ZetaOrlando Burr@s.,burrx,burrxs
bárbaro,bárbara,barbar@,bárbaros,bárbaras,barbar@s,pl,tweets,"@nonaltrump y te van a comprar pañales,leche? Que barbar@s.",barbarx,barbarxs
básico,básica,básic@,básicos,básicas,básic@s,pl,tweets,Sois muy básic@s,básicx,básicxs
bético,bética,bétic@,béticos,béticas,bétic@s,sg;pl,tweets,"¡Feliz 2020, bétic@s! #AñoNuevo2020 https://t.co/NSguI0Q0WI",béticx,béticxs
búho,búha,buh@,búhos,búhas,buh@s,pl,tweets,Tan ready pa mañana buh@s,buhx,buhxs
caballero,caballera,caballer@,caballeros,caballeras,caballer@s,pl,tweets,Mamma mia! A las 18:35 empezamos caballer@s,caballerx,caballerxs
cabrito,cabrita,cabrit@,cabritos,cabritas,cabrit@s,pl,tweets,@cafeconsonrisa @nutbcn @TientoTuAlma Cabrit@s,cabritx,cabritxs
cabro,cabra,cabr@,cabros,cabras,cabr@s,sg;pl,tweets,{ Los quiero cabr@s },cabrx,cabrxs
cabroncito,cabroncita,cabroncit@,cabroncitos,cabroncitas,cabroncit@s,pl,tweets,#FelizAnoNuevo cabroncit@s https://t.co/KNGke4JUwl,cabroncitx,cabroncitxs
cabrón,cabrona,cabron@,cabrones,cabronas,cabron@s,sg;pl,tweets,@HADALQUMICA 😂🤣😂🤣 Q cabron@,cabronx,cabronxs
cacerolo,cacerola,cacerol@,cacerolos,cacerolas,cacerol@s,pl,tweets,Los mismos cacerol@s y cayetan@s #Colon https://t.co/RpK8fBc1ir,cacerolx,cacerolxs
cachondito,cachondita,cachondit@,cachonditos,cachonditas,cachondit@s,pl,tweets,Bonita tarde cachondit@s😈💋 https://t.co/Ngqoemm3HB,cachonditx,cachonditxs
cachondo,cachonda,cachond@,cachondos,cachondas,cachond@s,sg;pl,tweets,@MrKritico Que cachond@ eres 😂,cachondx,cachondxs
cachorrito,cachorrita,cachorrit@,cachorritos,cachorritas,cachorrit@s,sg;pl,tweets,Feliz sábado cachorrit@s💋 https://t.co/0lpu68fRUf,cachorritx,cachorritxs
cachorro,cachorra,cachorr@,cachorros,cachorras,cachorr@s,sg;pl,tweets,@icarusamberg cachorr@,cachorrx,cachorrxs
cachudo,cachuda,cachud@,cachudos,cachudas,cachud@s,sg,tweets,calla cachud@ https://t.co/ChWwfAFiL5,cachudx,cachudxs
caco,caca,cac@,cacos,cacas,cac@s,sg,tweets,@MoskiiLady @jason666sm Son cac@ no aceptan el vuelo.,cacx,cacxs
cado,cada,cad@,cados,cadas,cad@s,sg,tweets,Dio mio hay cad@ un@ hoy en dia,cadx,cadxs
cafetero,cafetera,cafeter@,cafeteros,cafeteras,cafeter@s,pl,tweets,"¡Vamos, Cafeter@s, atención! https://t.co/G9QxpJCNNg",cafeterx,cafeterxs
cagado,cagada,cagad@,cagados,cagadas,cagad@s,sg;pl,tweets,cagad@s http://t.co/G0pPjdc4Wa,cagadx,cagadxs
cago,caga,cag@,cagos,cagas,cag@s,sg,tweets,"@Mzavalagc Hipócritas, santos cag@ diablos.",cagx,cagxs
cajero,cajera,cajer@,cajeros,cajeras,cajer@s,sg;pl,both,Faltan más jueces que hayan trabajado de cajer@s...,cajerx,cajerxs
calderero,calderera,calderer@,caldereros,caldereras,calderer@s,pl,tweets,"¡¡Por fin #Viernes, calderer@s!! ¡Desfase! https://t.co/fc2bx1V4b3",caldererx,caldererxs
calentito,calentita,calentit@,calentitos,calentitas,calentit@s,pl,tweets,"Y si venis, nos acostamos a ver pelis calentit@s 🙏🙏",calentitx,calentitxs
caleño,caleña,caleñ@,caleños,caleñas,caleñ@s,sg;pl,tweets,"@catahprada Y mucho caleñ@s tambien, jajajajaja",caleñx,caleñxs
calladito,calladita,calladit@,calladitos,calladitas,calladit@s,pl,tweets,Calladit@s se ven mejor🤐🤐🤐 https://t.co/grQaPOBXPa,calladitx,calladitxs
calvo,calva,calv@,calvos,calvas,calv@s,pl,tweets,@luzsmellado @lhermoso_ Tod@s Calv@s,calvx,calvxs
camarado,camarada,camarad@,camarados,camaradas,camarad@s,pl,tweets,Saludos camarad@s feliz noche 🌃,camaradx,camaradxs
camarero,camarera,camarer@,camareros,camareras,camarer@s,sg;pl,tweets,1 CAMARER@ https://t.co/SLKO0HoWMn,camarerx,camarerxs
camillero,camillera,camiller@,camilleros,camilleras,camiller@s,pl,tweets,"Por si no lo digo suficiente: gracias a todo el equipo médico, doctor@s, enfermer@s, camiller@s. Estamos en eterna deuda con ustedes.",camillerx,camillerxs
caminaconnosotro,caminaconnosotra,caminaconnosotr@,caminaconnosotros,caminaconnosotras,caminaconnosotr@s,pl,tweets,#semcuenca2019 #caminaconnosotr@s @nolugar.es https://t.co/Az0tfImGZy,caminaconnosotrx,caminaconnosotrxs
camionero,camionera,camioner@,camioneros,camioneras,camioner@s,sg;pl,tweets,Por que dan el pase a cualquier camioner@?,camionerx,camionerxs
campesino,campesina,campesin@,campesinos,campesinas,campesin@s,sg;pl,tweets,Literal que todos los días odio a un campesin@ nuev@,campesinx,campesinxs
campeón,campeona,campeon@,campeones,campeonas,campeon@s,pl,tweets,@Buhita15 Por los peques que son campeon@s,campeonx,campeonxs
canario,canaria,canari@,canarios,canarias,canari@s,sg;pl,tweets,@Vega2Santos Ánimo compañeras !! Y a tod@s l@s canari@s!! 😘,canarix,canarixs
cancelado,cancelada,cancelad@,cancelados,canceladas,cancelad@s,sg,tweets,Estas cancelad@ para mí,canceladx,canceladxs
candidato,candidata,candidat@,candidatos,candidatas,candidat@s,sg;pl,both,Candidat@s para la Direccción https://t.co/me0TSJwtmp,candidatx,candidatxs
canijo,canija,canij@,canijos,canijas,canij@s,pl,tweets,Feliz navidad canij@s,canijx,canijxs
cansino,cansina,cansin@,cansinos,cansinas,cansin@s,pl,tweets,Sois más cansin@s,cansinx,cansinxs
canterano,canterana,canteran@,canteranos,canteranas,canteran@s,pl,tweets,🤗 Feliz sábado de fútbol a nuestros canteran@s💚💛⚽ #unidosporunsueño https://t.co/YVSP2q6teo,canteranx,canteranxs
cantor,cantora,cantor@,cantores,cantoras,cantor@s,pl,tweets,En la peña de cantor@s organizada por @mariaenaddeo en su local de villa crespo del Fpp. Buena musica y buena gente!,cantorx,cantorxs
capitalino,capitalina,capitalin@,capitalinos,capitalinas,capitalin@s,pl,tweets,Recordadme que no vuelva a colarme en una conversación de capitalin@s https://t.co/qJCJDhQm4w,capitalinx,capitalinxs
capitán,capitana,capitan@,capitanes,capitanas,capitan@s,pl,tweets,@AtticusUve @La_SER Renacimiento de l@s Capitan@s a Posteriori.,capitanx,capitanxs
capo,capa,cap@,capos,capas,cap@s,sg;pl,tweets,Uh! Paren cap@s!!!!,capx,capxs
caprichoso,caprichosa,caprichos@,caprichosos,caprichosas,caprichos@s,sg;pl,tweets,Re caprichos@,caprichosx,caprichosxs
capullo,capulla,capull@,capullos,capullas,capull@s,sg;pl,tweets,Cuánt@ capull@ suelt@,capullx,capullxs
carabinero,carabinera,carabiner@,carabineros,carabineras,carabiner@s,sg;pl,tweets,@CarlosA61158702 A todos los carabiner@s!! 🙋‍♂️🙋‍♂️,carabinerx,carabinerxs
carajito,carajita,carajit@,carajitos,carajitas,carajit@s,sg;pl,tweets,Buenos dias carajit@s ✌🏻✌🏻,carajitx,carajitxs
carajo,caraja,caraj@,carajos,carajas,caraj@s,sg;pl,tweets,VIVA PERÓN CARAJ@ 😂😂😂😂😂 https://t.co/b2s77xd97L,carajx,carajxs
caraqueño,caraqueña,caraqueñ@,caraqueños,caraqueñas,caraqueñ@s,pl,tweets,Atención Caraqueñ@s ampliamente recomendados https://t.co/lxU72lUqFZ,caraqueñx,caraqueñxs
carnalito,carnalita,carnalit@,carnalitos,carnalitas,carnalit@s,pl,tweets,Un saludo a todos mis carnalit@s.,carnalitx,carnalitxs
carnavalero,carnavalera,carnavaler@,carnavaleros,carnavaleras,carnavaler@s,pl,tweets,¡FELIZ NAVIDAD CARNAVALER@S! https://t.co/KO7M7HZe9S,carnavalerx,carnavalerxs
caro,cara,car@,caros,caras,car@s,sg,tweets,Que noite do car@/&amp;*,carx,carxs
carpetero,carpetera,carpeter@,carpeteros,carpeteras,carpeter@s,pl,tweets,Esos carpeter@s donde andan xD #chaogianmarco,carpeterx,carpeterxs
carroñero,carroñera,carroñer@,carroñeros,carroñeras,carroñer@s,pl,tweets,"Lanzo una pregunta!! Porque tod@s l@s carroñer@s, se parecen tanto?? https://t.co/o11rf24tKc",carroñerx,carroñerxs
cartagenero,cartagenera,cartagener@,cartageneros,cartageneras,cartagener@s,pl,tweets,@osur_observa cartagener@s?,cartagenerx,cartagenerxs
cartero,cartera,carter@,carteros,carteras,carter@s,pl,tweets,Carter@s ❤️❤️❤️ riders y kellys https://t.co/nbzkswtYPv,carterx,carterxs
casado,casada,casad@,casados,casadas,casad@s,pl,tweets,Mis amig@s estan re casad@s 😥,casadx,casadxs
casero,casera,caser@,caseros,caseras,caser@s,sg;pl,tweets,@arbolsintilde Baratito caser@?,caserx,caserxs
caso,casa,cas@,casos,casas,cas@s,sg,tweets,@ISAGIO Cerca de mi cas@!! 😄,casx,casxs
castellano,castellana,castellan@,castellanos,castellanas,castellan@s,pl,tweets,@pecisti @LaVanguardia Esta llena de castellan@s eso sí,castellanx,castellanxs
castroso,castrosa,castros@,castrosos,castrosas,castros@s,sg,tweets,Que castros@ https://t.co/hNRzxBL6dy,castrosx,castrosxs
catalán,catalana,catalan@,catalanes,catalanas,catalan@s,pl,tweets,"#Diada19 Catalan@s, tened siempre en cuenta ésto... https://t.co/BKNPSd5ejC",catalanx,catalanxs
cateto,cateta,catet@,catetos,catetas,catet@s,sg;pl,tweets,Catet@,catetx,catetxs
caturro,caturra,caturr@,caturros,caturras,caturr@s,pl,tweets,"Buenos días, caturr@s tod@s. #ValparaísoEsWanderers 🇳🇬 https://t.co/GcHkMyGKKt",caturrx,caturrxs
católico,católica,católic@,católicos,católicas,católic@s,sg;pl,tweets,@nasarias1983 100% católic@,católicx,católicxs
caucano,caucana,caucan@,caucanos,caucanas,caucan@s,pl,tweets,Feliz noche a todos los caucan@s que todos tengan un muy buen puente festivo. #caucatodaslasoportunidades,caucanx,caucanxs
cauro,caura,caur@,cauros,cauras,caur@s,pl,tweets,Más Vivaldi caur@s https://t.co/87WhxHT0GS,caurx,caurxs
cayetano,cayetana,cayetan@,cayetanos,cayetanas,cayetan@s,sg;pl,tweets,@KludO_ Un cayetan@ 🧐,cayetanx,cayetanxs
cazador,cazadora,cazador@,cazadores,cazadoras,cazador@s,pl,tweets,Os deseo un buen fin de semana cazador@s. https://t.co/N3cKgXjFfc,cazadorx,cazadorxs
cazurro,cazurra,cazurr@,cazurros,cazurras,cazurr@s,pl,tweets,"@boye_g Chica, da igual, sabe que tod@s l@s que la ven son cazurr@s",cazurrx,cazurrxs
caído,caída,caid@,caídos,caídas,caid@s,pl,tweets,BUENOS DIAS PRINCIPES@S CAID@S 🖤!! Primera capita de acuarela 😊💕 https://t.co/v4aTuqu830,caidx,caidxs
celador,celadora,celador@,celadores,celadoras,celador@s,pl,tweets,"La GAI de Albacete necesita TCAE, enfermer@s y celador@s https://t.co/Rd5jZU6oq4",celadorx,celadorxs
celiaco,celiaca,celíac@,celiacos,celiacas,celíac@s,pl,tweets,Buen día celíac@s! Cuenten... cuál es su plato favorito #GlutenFree? 😋,celíacx,celíacxs
celoso,celosa,celos@,celosos,celosas,celos@s,pl,tweets,¿Son celos@s?,celosx,celosxs
centroamericano,centroamericana,centroamerican@,centroamericanos,centroamericanas,centroamerican@s,pl,tweets,"Y a ver mis apoyadores de no al racismo, se acuerdan cómo se pusieron con los migrantes centroamerican@s, hace poco? O con ese recuerdo se les caen sus máscaras de gente buenita.",centroamericanx,centroamericanxs
cenutrio,cenutria,cenutri@,cenutrios,cenutrias,cenutri@s,pl,tweets,"@AnabelAlonso_of La mayoría si Anabel, luego están el grupo de cenutri@s que se lo pasan todo por el forro ...",cenutrix,cenutrixs
ceporro,ceporra,ceporr@,ceporros,ceporras,ceporr@s,pl,tweets,"@Pablo_vlc_8 Sí, yo me he quedado de piedra ""catalán de Valencia"", es de ceporr@s",ceporrx,ceporrxs
cercano,cercana,cercan@,cercanos,cercanas,cercan@s,pl,tweets,Oficialmente todos mis amig@s cercan@s están casad@s,cercanx,cercanxs
cerdo,cerda,cerd@,cerdos,cerdas,cerd@s,sg;pl,tweets,@Matador08640286 Cerd@s!!,cerdx,cerdxs
cervecero,cervecera,cervecer@,cerveceros,cerveceras,cervecer@s,pl,tweets,Entre cervecer@s nos ayudamos! https://t.co/BmPO0EPDJ6,cervecerx,cervecerxs
chairito,chairita,chairit@,chairitos,chairitas,chairit@s,pl,tweets,Unámonos a la propuesta mis queridos chairit@s https://t.co/vsINCHzBvu,chairitx,chairitxs
chairo,chaira,chair@,chairos,chairas,chair@s,sg;pl,tweets,@Cuquiss7 Por ser chair@,chairx,chairxs
chamaco,chamaca,chamac@,chamacos,chamacas,chamac@s,sg;pl,tweets,@andymontemayorr Ya quiero un chamac@ 🥺,chamacx,chamacxs
chamaquito,chamaquita,chamaquit@,chamaquitos,chamaquitas,chamaquit@s,pl,tweets,Lol chamaquit@s buscando alternativas para consumir alcohol LOL,chamaquitx,chamaquitxs
chamigo,chamiga,chamig@,chamigos,chamigas,chamig@s,sg,tweets,Eeessteeee essss chamig@!!! https://t.co/RIZVRVrQ0W,chamigx,chamigxs
chamito,chamita,chamit@,chamitos,chamitas,chamit@s,sg,tweets,Confirmen si ese/esa chamit@ te trae loc@,chamitx,chamitxs
chamo,chama,cham@,chamos,chamas,cham@s,sg;pl,tweets,"Hola cham@s, buenos días ❤",chamx,chamxs
changuito,changuita,changuit@,changuitos,changuitas,changuit@s,pl,tweets,@komekok0 Changuit@s.,changuitx,changuitxs
charro,charra,charr@,charros,charras,charr@s,pl,tweets,Charr@s😂 https://t.co/2b9DHurfD6,charrx,charrxs
chato,chata,chat@,chatos,chatas,chat@s,sg;pl,tweets,"vocês só querem beefs, chat@s",chatx,chatxs
chaval,chavala,chaval@,chavales,chavalas,chaval@s,sg;pl,tweets,Chaval@s buenos días,chavalx,chavalxs
chavito,chavita,chavit@,chavitos,chavitas,chavit@s,sg;pl,tweets,Buen día chavit@s...,chavitx,chavitxs
chavo,chava,chav@,chavos,chavas,chav@s,sg;pl,tweets,Hola!!!! Buenos días chav@s...,chavx,chavxs
chavorruco,chavorruca,chavorruc@,chavorrucos,chavorrucas,chavorruc@s,pl,tweets,Estoy leyendo a algun@s chavorruc@s en mi TL,chavorrucx,chavorrucxs
chayotero,chayotera,chayoter@,chayoteros,chayoteras,chayoter@s,sg;pl,tweets,@Jorgudos @macdonal5 Chayoter@s.,chayoterx,chayoterxs
chero,chera,cher@,cheros,cheras,cher@s,pl,tweets,Aprender a diferenciar entre l@s cher@s y l@s amig@s...,cherx,cherxs
cheto,cheta,chet@,chetos,chetas,chet@s,sg;pl,tweets,Odio eterno a los chet@s,chetx,chetxs
chiapaneco,chiapaneca,chiapanec@,chiapanecos,chiapanecas,chiapanec@s,pl,tweets,Bailo por todas l@s Chiapanec@s que nos dicen #Chapas y es chiapas https://t.co/CLkNk1eu2b,chiapanecx,chiapanecxs
chibolo,chibola,chibol@,chibolos,chibolas,chibol@s,sg;pl,tweets,nunca mas clases con chibol@s,chibolx,chibolxs
chicho,chicha,chich@,chichos,chichas,chich@s,pl,tweets,Pizzas con los chich@s 🍺,chichx,chichxs
chico,chica,chic@,chicos,chicas,chic@s,sg;pl,both,Muchas gracias chic@s😉😉,chicx,chicxs
chicuelo,chicuela,chicuel@,chicuelos,chicuelas,chicuel@s,pl,tweets,Hay q follar q nos confinan chicuel@s,chicuelx,chicuelxs
chido,chida,chid@,chidos,chidas,chid@s,sg;pl,tweets,@neyraliciapm Eres chid@ &gt;,chidx,chidxs
chiko,chika,chik@,chikos,chikas,chik@s,pl,tweets,No se burlen de river chik@s,chikx,chikxs
chilango,chilanga,chilang@,chilangos,chilangas,chilang@s,sg;pl,tweets,Soy Chilang@ https://t.co/mEg7DgJgei,chilangx,chilangxs
chileno,chilena,chilen@,chilenos,chilenas,chilen@s,sg;pl,tweets,Hoy es un gran día para ser chilen@,chilenx,chilenxs
chingado,chingada,chingad@,chingados,chingadas,chingad@s,sg,tweets,@S_MOONSE #PPACM = puro pinche amor chingad@ madre,chingadx,chingadxs
chingo,chinga,ching@,chingos,chingas,ching@s,sg;pl,tweets,Ching@&amp;&amp;€&amp;@&amp;€@,chingx,chingxs
chingón,chingona,chingon@,chingones,chingonas,chingon@s,sg;pl,tweets,Soy un@ chingon@,chingonx,chingonxs
chinito,chinita,chinit@,chinitos,chinitas,chinit@s,pl,tweets,Lindo miércoles chinit@s ☕,chinitx,chinitxs
chino,china,chin@,chinos,chinas,chin@s,sg;pl,tweets,Que chin@$!%* estamos haciendo?,chinx,chinxs
chio,chia,chi@,chios,chias,chi@s,sg;pl,tweets,Un chi@?% de calor x ki!! :(,chix,chixs
chiquillo,chiquilla,chiquill@,chiquillos,chiquillas,chiquill@s,sg;pl,both,@ppaolamtz Desde chiquill@,chiquillx,chiquillxs
chiquitito,chiquitita,chiquitit@,chiquititos,chiquititas,chiquitit@s,sg,tweets,@Micaela130402 Chiquitit@ de la tiaaa❤😍 lo grabaste?,chiquititx,chiquititxs
chiquito,chiquita,chiquit@,chiquitos,chiquitas,chiquit@s,sg;pl,tweets,Bonito día chiquit@s 🌤️,chiquitx,chiquitxs
chiruso,chirusa,chirus@,chirusos,chirusas,chirus@s,pl,tweets,Domingo! Buenas chirus@s... 🎼👋 https://t.co/M9s88oaLGP,chirusx,chirusxs
chismoso,chismosa,chismos@,chismosos,chismosas,chismos@s,sg;pl,tweets,Como amanecieron chismos@s,chismosx,chismosxs
chivahermano,chivahermana,chivaherman@,chivahermanos,chivahermanas,chivaherman@s,sg;pl,tweets,@goretzkass Yo lo quería hacer chivaherman@ :(,chivahermanx,chivahermanxs
chivato,chivata,chivat@,chivatos,chivatas,chivat@s,pl,tweets,@detxek @AnneGerlari put@s chivat@s que asco les tengo,chivatx,chivatxs
chivo,chiva,chiv@,chivos,chivas,chiv@s,pl,tweets,como les está llenado en su relación bola de chiv@s,chivx,chivxs
choco,choca,choc@,chocos,chocas,choc@s,pl,tweets,Buena Salida Conn Mamá y Los Choc@s💜,chocx,chocxs
cholo,chola,chol@,cholos,cholas,chol@s,sg;pl,tweets,Todos hemos tenido un@ chol@ engrupidor,cholx,cholxs
chongo,chonga,chong@,chongos,chongas,chong@s,sg;pl,tweets,Hermoso día para tener chong@ 🙃,chongx,chongxs
chorizo,choriza,choriz@,chorizos,chorizas,choriz@s,pl,tweets,CHORIZ@S https://t.co/8puYUW3bEc,chorizx,chorizxs
chorro,chorra,chorr@,chorros,chorras,chorr@s,sg;pl,tweets,@CFKArgentina CARCEL A L@S CHORR@S YAAAA,chorrx,chorrxs
choto,chota,chot@,chotos,chotas,chot@s,sg;pl,tweets,@bufalo_more vieja chot@,chotx,chotxs
chucho,chucha,chuch@,chuchos,chuchas,chuch@s,sg,tweets,Por qué chuch@ tengo tantas espinillasssss,chuchx,chuchxs
chueco,chueca,chuec@,chuecos,chuecas,chuec@s,sg,bluesky,"Creo que entre estrés y porque realmente hago las cosas sentad@ en la cama y el escritorio viejo de mi hija queda un poco alto, así que quedo medi@ chuec@, y después me duele la espalda.",chuecx,chuecxs
chulapo,chulapa,chulap@,chulapos,chulapas,chulap@s,pl,tweets,¡¡Feliz Día Chulap@s!! https://t.co/UXARHHyzbf,chulapx,chulapxs
chulo,chula,chul@,chulos,chulas,chul@s,sg;pl,both,Buenos días chul@s !!,chulx,chulxs
chumacho,chumacha,chumach@,chumachos,chumachas,chumach@s,pl,tweets,Chumach@s! Esta semana se viene video nuevo ¿Tenéis ganas? 😏,chumachx,chumachxs
chupo,chupa,chup@,chupos,chupas,chup@s,sg,tweets,"@FabBallarini ""Chup@ que yo te aviso"" 🤦🏻‍♂️",chupx,chupxs
ciberexperto,ciberexperta,ciberexpert@,ciberexpertos,ciberexpertas,ciberexpert@s,sg,tweets,"Ciberexpert@, un nuevo espacio para la educación digital https://t.co/lb8TxhOoRM",ciberexpertx,ciberexpertxs
ciego,ciega,cieg@,ciegos,ciegas,cieg@s,sg;pl,tweets,@nachito_rx Deben ser cieg@s,ciegx,ciegxs
científico,científica,científic@,científicos,científicas,científic@s,sg;pl,both,¡Obtuve Científic@! https://t.co/n4ScbkI0cr,científicx,científicxs
cinéfilo,cinéfila,cinéfil@,cinéfilos,cinéfilas,cinéfil@s,sg;pl,both,"Buenos días, cinéfil@s, y feliz sábado!",cinéfilx,cinéfilxs
cirujano,cirujana,cirujan@,cirujanos,cirujanas,cirujan@s,sg;pl,tweets,Mangas de cirujan@s,cirujanx,cirujanxs
ciudadano,ciudadana,ciudadan@,ciudadanos,ciudadanas,ciudadan@s,sg;pl,both,@pmarsupia Populismo es lo que han hecho con los ciudadan@s los diferentes gobiernos.,ciudadanx,ciudadanxs
ciudadno,ciudadna,ciudadn@,ciudadnos,ciudadnas,ciudadn@s,pl,tweets,"El Madrid que cumple, La España que madruga, L@s ciudadn@s que levantan este país. https://t.co/oYS5clVCre",ciudadnx,ciudadnxs
claudio,claudia,claudi@,claudios,claudias,claudi@s,sg,tweets,@SdrodriguezT Frente claudi@ lopez,claudix,claudixs
cochino,cochina,cochin@,cochinos,cochinas,cochin@s,sg;pl,tweets,@LloraLola Pinchas cochin@s 🐷,cochinx,cochinxs
cocinero,cocinera,cociner@,cocineros,cocineras,cociner@s,sg;pl,both,Se busca cociner@ para área de Chitré Imbox,cocinerx,cocinerxs
coco,coca,coc@,cocos,cocas,coc@s,sg,tweets,"@PODEMOS Lo gastaréis en pvtas y coc@, como el Psoe, al tiempo.",cocx,cocxs
cocodrilo,cocodrila,cocodril@,cocodrilos,cocodrilas,cocodril@s,pl,tweets,@elprogramadear Alimento de cocodril@s.,cocodrilx,cocodrilxs
cojo,coja,coj@,cojos,cojas,coj@s,sg,tweets,Bolso vaya y coj@ 🔴🔵⚪️💪🏽,cojx,cojxs
cojudo,cojuda,cojud@,cojudos,cojudas,cojud@s,sg;pl,tweets,Cojud@ de cojud@s,cojudx,cojudxs
col,cola,col@,coles,colas,col@s,sg,tweets,Coto col@ . 😂,colx,colxs
colaborador,colaboradora,colaborador@,colaboradores,colaboradoras,colaborador@s,pl,tweets,Se busca Colaborador@s para página de memes... Total seriedad (tu crees?),colaboradorx,colaboradorxs
colegiado,colegiada,colegiad@,colegiados,colegiadas,colegiad@s,sg;pl,tweets,@dunyms @xurirux Y porque no lo firma y pone el número de colegiad@ ??,colegiadx,colegiadxs
colego,colega,coleg@,colegos,colegas,coleg@s,pl,tweets,La que tenéis montada coleg@s,colegx,colegxs
colgado,colgada,colgad@,colgados,colgadas,colgad@s,sg;pl,tweets,No existe el ser colgad@,colgadx,colgadxs
collacio,collacia,collaci@,collacios,collacias,collaci@s,pl,tweets,"Feliz dia collaci@s, pero con cuidado que seguimos en pleno 2020 @RealSporting... https://t.co/pym7yLJVEB",collacix,collacixs
colocolino,colocolina,colocolin@,colocolinos,colocolinas,colocolin@s,pl,tweets,Y q sea colocolin@s https://t.co/PJ5DJiYvJS,colocolinx,colocolinxs
colombiano,colombiana,colombian@,colombianos,colombianas,colombian@s,sg;pl,tweets,No pare bolas. Tan Colombian@ eso!!!!,colombianx,colombianxs
colono,colona,colon@,colonos,colonas,colon@s,pl,tweets,"!Feliz Día Colon@s y Andaluces, Viva Andalucía Libre¡ #28F #DiadeAndalucia https://t.co/anzM5H1yv1",colonx,colonxs
comisario,comisaria,comisari@,comisarios,comisarias,comisari@s,pl,tweets,¡Ojalá tod@s l@s comisari@s tengan el mismo grado de compromiso que Antonio Tajani con la construcción de la... http://t.co/dcGvyqWZC5,comisarix,comisarixs
comisionado,comisionada,comisionad@,comisionados,comisionadas,comisionad@s,sg;pl,tweets,Un/a Comisionad@ de memes,comisionadx,comisionadxs
comoañero,comoañera,comoañer@,comoañeros,comoañeras,comoañer@s,pl,tweets,@PSOEAlcobendas ¡Gracias comoañer@s!,comoañerx,comoañerxs
compañerito,compañerita,compañerit@,compañeritos,compañeritas,compañerit@s,sg;pl,tweets,Mi compañerit@ de asiento no llegó 🙌🏻,compañeritx,compañeritxs
compañero,compañera,compañer@,compañeros,compañeras,compañer@s,sg;pl,both,Gracias compañer@s! 😊,compañerx,compañerxs
compaño,compaña,compañ@,compaños,compañas,compañ@s,pl,tweets,Lo bueno de quedarme trabajando de noche son mis compañ@s!,compañx,compañxs
completo,completa,complet@,completos,completas,complet@s,pl,tweets,Muy buenas a tod@s ¡¡¡ complet@s desconocid@s ¡¡¡,completx,completxs
complicado,complicada,complicad@,complicados,complicadas,complicad@s,sg,tweets,"Si es complicad@, escúchal@",complicadx,complicadxs
compo,compa,comp@,compos,compas,comp@s,pl,tweets,@elzorritoo Gracias comp@s igualmente buen find ✌✌💪👏👏✌✌,compx,compxs
compromisario,compromisaria,compromisari@,compromisarios,compromisarias,compromisari@s,pl,tweets,"Hoy viernes 7 de febrero (22:30 h), en la Casa del Fester, se celebra Asamblea Ordinaria de compromisari@s. +Info: http://t.co/TXTGLspZyr",compromisarix,compromisarixs
compñero,compñera,compñer@,compñeros,compñeras,compñer@s,pl,tweets,Los policías de la 692 agredieron a nuestr@s compñer@s #YaMaCanse5 http://t.co/ssJzpYLqBo,compñerx,compñerxs
comunero,comunera,comuner@,comuneros,comuneras,comuner@s,pl,tweets,#aquinoserindenadie dicen l@s comuner@s de toda #Venezuela ell@s son el… https://t.co/N2nk6GH0Cm,comunerx,comunerxs
comunicador,comunicadora,comunicador@,comunicadores,comunicadoras,comunicador@s,pl,both,"Mi alma mater, cumple 30 años de formar comunicador@s, ¡felicidades! https://t.co/5ildTZx2f0",comunicadorx,comunicadorxs
concejal,concejala,concejal@,concejales,concejalas,concejal@s,pl,tweets,Los silencios de l@s concejal@s en el ayuntamiento de #CarmenaDesahucia no tienen precio. #MartaHiguerasDimision,concejalx,concejalxs
concho,concha,conch@,conchos,conchas,conch@s,sg,tweets,La conch@ de la lora extraño mi instagram😭,conchx,conchxs
conchudo,conchuda,conchud@,conchudos,conchudas,conchud@s,sg;pl,tweets,Holaa conchud@s,conchudx,conchudxs
conciudadano,conciudadana,conciudadan@,conciudadanos,conciudadanas,conciudadan@s,pl,tweets,"🤔Palabras de un Presidente, comprometido con sus conciudadan@s 👇 #GraciasAdriánBarbón 💪❤️🌹🍀☘️👇 https://t.co/8IucTzB0xx",conciudadanx,conciudadanxs
condenado,condenada,condenad@,condenados,condenadas,condenad@s,sg;pl,tweets,Condenad@s https://t.co/bwdi3r9XqY,condenadx,condenadxs
conductor,conductora,conductor@,conductores,conductoras,conductor@s,sg;pl,tweets,Tenéis más conductor@s prefes que familiares,conductorx,conductorxs
conecto,conecta,conect@,conectos,conectas,conect@s,sg,tweets,"Resumen jornada técnica ""Conect@ con la Vida"" https://t.co/pIsz176Goy vía @YouTube",conectx,conectxs
conejillo,conejilla,conejill@,conejillos,conejillas,conejill@s,pl,tweets,Vaya día más ñoño tuve hoy. Nanit conejill@s 💕🐰,conejillx,conejillxs
conejito,conejita,conejit@,conejitos,conejitas,conejit@s,pl,tweets,"@DeadRabbitsClub Pero weno, gracias a vosotros conejit@s, que sois mi familia!!",conejitx,conejitxs
conejo,coneja,conej@,conejos,conejas,conej@s,pl,tweets,Buenos días conej@s 💕🐰 https://t.co/jjgUqvPsH2,conejx,conejxs
cono,cona,coñ@,conos,conas,coñ@s,sg,tweets,@DiegoVaIdes Ni ves wey como coñ@ la miras😳🤔🤔🙃,coñx,coñxs
conocido,conocida,conocid@,conocidos,conocidas,conocid@s,sg;pl,tweets,"no tengo amig@s, son conocid@s",conocidx,conocidxs
conpañero,conpañera,conpañer@,conpañeros,conpañeras,conpañer@s,pl,tweets,@CrossPastores Mucho ánimo conpañer@s,conpañerx,conpañerxs
conquistador,conquistadora,conquistador@,conquistadores,conquistadoras,conquistador@s,pl,tweets,"¡¡¡ Dentro de 2 horas comenzamos el debate, conquistador@s!!! https://t.co/0oshAUCmls #conquis",conquistadorx,conquistadorxs
consejero,consejera,consejer@,consejeros,consejeras,consejer@s,sg;pl,tweets,Se necesita algún consejer@ WHO???🧐🤔,consejerx,consejerxs
consentido,consentida,consentid@,consentidos,consentidas,consentid@s,pl,tweets,@HijodeParamo bien consentid@s!!!,consentidx,consentidxs
conservador,conservadora,conservador@,conservadores,conservadoras,conservador@s,pl,tweets,@JulioViggiano De #ladybot a #MOZISMO ah l@s conservador@s... https://t.co/MAojh8cdfi,conservadorx,conservadorxs
consultor,consultora,consultor@,consultores,consultoras,consultor@s,pl,tweets,Natura enseñando a hacer sustentable un negocio con sus consultor@s. #NegociosUMA #CampusUma,consultorx,consultorxs
consumidor,consumidora,consumidor@,consumidores,consumidoras,consumidor@s,pl,tweets,La felicidad de tener un presidente que entiende de usuari@s y consumidor@s 💜 https://t.co/x3jEH8tdJm,consumidorx,consumidorxs
contagiado,contagiada,contagiad@,contagiados,contagiadas,contagiad@s,sg;pl,tweets,730 contagiad@s en 24 hrs. ¡NO JODAN! 🤯🤯.,contagiadx,contagiadxs
contemporáneo,contemporánea,contemporáne@,contemporáneos,contemporáneas,contemporáne@s,pl,tweets,L@s artistas contemporáne@s no confían en el gusto del público.,contemporánex,contemporánexs
contento,contenta,content@,contentos,contentas,content@s,pl,tweets,Content@s? https://t.co/sFOBCDC322,contentx,contentxs
contertulio,contertulia,contertuli@,contertulios,contertulias,contertuli@s,pl,tweets,Buenas noches contertuli@s.... ¿Qué se teje por estos lados?,contertulix,contertulixs
contrario,contraria,contrari@,contrarios,contrarias,contrari@s,pl,tweets,"L@s compañer@s contrari@s al gobierno de coalición, decían que todos los éxitos los capitalizaría el PSOE. Tenían razon, porque de todo lo malo culpamos a UP nosotr@s mism@s.",contrarix,contrarixs
contratado,contratada,contratad@,contratados,contratadas,contratad@s,pl,tweets,"@jgmanzaneque @AlmeidaPP_ Por lo MENOS LES ATENDERÁN ✝️ DE L@S ""CONTRATAD@S "". 👇 https://t.co/6ZhUG24wsu",contratadx,contratadxs
convidado,convidada,convidad@,convidados,convidadas,convidad@s,pl,tweets,Estades tod@s convidad@s &lt;3 http://t.co/1wccbsdjg7,convidadx,convidadxs
coordinador,coordinadora,coordinador@,coordinadores,coordinadoras,coordinador@s,sg;pl,tweets,Reunión coordinador@s locales Thao 2015 http://t.co/f3j28EnKDt,coordinadorx,coordinadorxs
copiloto,copilota,copilot@,copilotos,copilotas,copilot@s,sg,tweets,Copilot@ para este viernes?,copilotx,copilotxs
coqueto,coqueta,coquet@,coquetos,coquetas,coquet@s,sg;pl,tweets,@5plexo Qué coquet@ jajajaja,coquetx,coquetxs
coquimbano,coquimbana,coquimban@,coquimbanos,coquimbanas,coquimban@s,pl,tweets,¿Que nos identifica más como coquimban@s?,coquimbanx,coquimbanxs
cordobés,cordobesa,cordobes@,cordobeses,cordobesas,cordobes@s,pl,tweets,Venga Cordobes@s concurso de cruces de Mayo https://t.co/35BAvBpITR,cordobesx,cordobesxs
coreano,coreana,corean@,coreanos,coreanas,corean@s,sg;pl,tweets,@erikapaulinaLQ Corean@s guap@s.😌,coreanx,coreanxs
cornudo,cornuda,cornud@,cornudos,cornudas,cornud@s,sg;pl,tweets,Cornud@ 🐃🐂,cornudx,cornudxs
corredor,corredora,corredor@,corredores,corredoras,corredor@s,pl,tweets,"Nos ha costado un poco, pero ya está el audio en marcha para animar a nuestr@s corredor@s solidari@s 👏👏",corredorx,corredorxs
correligionario,correligionaria,correligionari@,correligionarios,correligionarias,correligionari@s,pl,tweets,Feliz #DiaDelMilitanteRadical a tod@s l@s correligionari@s les desea #ElProvincia https://t.co/wgHGIMBj8l,correligionarix,correligionarixs
corrupto,corrupta,corrupt@,corruptos,corruptas,corrupt@s,sg;pl,tweets,@rcnradio Un@ corrupt@ menos.,corruptx,corruptxs
cortesano,cortesana,cortesan@,cortesanos,cortesanas,cortesan@s,pl,tweets,@MariTriniHL A la Corte nunca le han faltado cortesan@s.,cortesanx,cortesanxs
cortito,cortita,cortit@,cortitos,cortitas,cortit@s,pl,tweets,Diría lo mismo si fuese al revés Para los cortit@s,cortitx,cortitxs
corto,corta,cort@,cortos,cortas,cort@s,pl,tweets,Presumen que se drogan. Que cort@s de mentes porfavor,cortx,cortxs
costalero,costalera,costaler@,costaleros,costaleras,costaler@s,pl,tweets,Costaler@s 2017!! https://t.co/tbx96llSE1,costalerx,costalerxs
costurero,costurera,costurer@,costureros,costureras,costurer@s,pl,tweets,Costurer@s unemployed?????,costurerx,costurerxs
creador,creadora,creador@,creadores,creadoras,creador@s,sg;pl,tweets,Dios bendiga a el/la creador@ de los chilaquiles verdes,creadorx,creadorxs
creativo,creativa,creativ@,creativos,creativas,creativ@s,sg;pl,tweets,@nickypepperoni Se pusieron creativ@s! Quiero 800!,creativx,creativxs
cretino,cretina,cretin@,cretinos,cretinas,cretin@s,sg;pl,both,@BarbasTuitero 😂🤣😂🤣 Cretin@,cretinx,cretinxs
criado,criada,criad@,criados,criadas,criad@s,sg;pl,tweets,@Karlyncksl Maldit@s criad@s 😆,criadx,criadxs
criminólogo,criminóloga,criminólog@,criminólogos,criminólogas,criminólog@s,pl,tweets,Salte de la carrera y nos haces un favor a l@s criminólog@s https://t.co/whvBJavaK8,criminólogx,criminólogxs
crio,cria,cri@,crios,crias,cri@s,sg;pl,tweets,Parecéis cri@s,crix,crixs
cristiano,cristiana,cristian@,cristianos,cristianas,cristian@s,sg;pl,tweets,@Mayybarrios O porque eres cristian@ 🤔,cristianx,cristianxs
criticón,criticona,criticon@,criticones,criticonas,criticon@s,pl,tweets,L@s tóxic@s criticon@s que creen que los voy a agregar a CF 😂,criticonx,criticonxs
cruzado,cruzada,cruzad@,cruzados,cruzadas,cruzad@s,sg;pl,tweets,Buenos días ✌🏼 en especial a los Cruzad@s ⚪🔵,cruzadx,cruzadxs
crítico,crítica,crític@,críticos,críticas,crític@s,sg;pl,tweets,Ser crític@ ≠ llevar la contraria,críticx,críticxs
crónico,crónica,crónic@,crónicos,crónicas,crónic@s,pl,tweets,@barquitapenas @Carabdechile Mientras tanto. l@s enferm@s crónic@s deben seguir esperando...la muerte.,crónicx,crónicxs
cuarentón,cuarentona,cuarenton@,cuarentones,cuarentonas,cuarenton@s,pl,tweets,"@Fly_dream__ ándale 😏, apúrate aquí hay un chingo de cuarenton@s 😜😉",cuarentonx,cuarentonxs
cubano,cubana,cuban@,cubanos,cubanas,cuban@s,sg;pl,tweets,Dónde están l@s cuban@s? 😂😍🔥🇨🇺 https://t.co/XfXY8j1Aat,cubanx,cubanxs
cuencano,cuencana,cuencan@,cuencanos,cuencanas,cuencan@s,pl,tweets,@LaNeessie_ El de Cuencan@s,cuencanx,cuencanxs
cuento,cuenta,cuent@,cuentos,cuentas,cuent@s,sg,tweets,D@te cuEnt@,cuentx,cuentxs
cuerdo,cuerda,cuerd@,cuerdos,cuerdas,cuerd@s,sg,tweets,@venezolanoenpie @jguaido No muy cuerd@ además,cuerdx,cuerdxs
cuerpo,cuerpa,cuerp@,cuerpos,cuerpas,cuerp@s,sg,tweets,@Sofiarrrt Y nuestro cuerp@ lo sapbe,cuerpx,cuerpxs
cuervo,cuerva,cuerv@,cuervos,cuervas,cuerv@s,sg;pl,tweets,"¡¡ Vamos cuerv@s, cantemos TODOS !! https://t.co/O9jjM9biPc",cuervx,cuervxs
cuico,cuica,cuic@,cuicos,cuicas,cuic@s,sg;pl,tweets,si su perro es comprado es cuic@,cuicx,cuicxs
cuidadano,cuidadana,cuidadan@,cuidadanos,cuidadanas,cuidadan@s,pl,tweets,¡Feliz Año Nuevo 2017 para tod@s l@s cuidadan@s #RD! #DigecogTrabajaEnEquipo . https://t.co/7EElc2FLui,cuidadanx,cuidadanxs
cuidado,cuidada,cuidad@,cuidados,cuidadas,cuidad@s,sg;pl,tweets,Que sano es sentirse cuidad@ y escuchad@ ✌🏼,cuidadx,cuidadxs
cuidador,cuidadora,cuidador@,cuidadores,cuidadoras,cuidador@s,pl,tweets,"Siento dolor, rabia, impotencia y asco hacia es@s cuidador@s https://t.co/pPw7QhLkA8",cuidadorx,cuidadorxs
culero,culera,culer@,culeros,culeras,culer@s,sg;pl,tweets,@beee_k Culer@,culerx,culerxs
culiado,culiada,culiad@,culiados,culiadas,culiad@s,sg;pl,tweets,Respondeme algo culiad@!!,culiadx,culiadxs
culto,culta,cult@,cultos,cultas,cult@s,sg,tweets,@Barbijaputa La prueba de q ser cult@ no esta reñido con ser cuñad@,cultx,cultxs
cultor,cultora,cultor@,cultores,cultoras,cultor@s,pl,tweets,@RMarcoTorres #Aragua territorio Chavista #EnAraguaGanaMarcoTorres con l@s cultor@s sin burocracia poder constituyente,cultorx,cultorxs
cumbio,cumbia,cumbi@,cumbios,cumbias,cumbi@s,pl,tweets,Cumbi@s! Muy pronto videoclip 'La Licuadora' Pendientes! Dir @AkiroPalacio #CumbiaSomosTodos https://t.co/nIxUTusYc6,cumbix,cumbixs
cumpleañero,cumpleañera,cumpleañer@,cumpleañeros,cumpleañeras,cumpleañer@s,sg;pl,tweets,MEME - Cumpleañer@ https://t.co/fgOiQQnGFc,cumpleañerx,cumpleañerxs
curado,curada,curad@,curados,curadas,curad@s,pl,tweets,Confirmen que están curad@s!,curadx,curadxs
curioso,curiosa,curios@,curiosos,curiosas,curios@s,sg;pl,tweets,Pollazo por curios@,curiosx,curiosxs
currito,currita,currit@,curritos,curritas,currit@s,pl,tweets,@diariosevilla Se van a a reunir con parad@s o currit@s,curritx,curritxs
cuñado,cuñada,cuñad@,cuñados,cuñadas,cuñad@s,sg;pl,tweets,Cuñad@ https://t.co/8RwzmyUzK3,cuñadx,cuñadxs
cántabro,cántabra,cántabr@,cántabros,cántabras,cántabr@s,pl,tweets,💢ACAB💢 All Cántabr@s Are Beatiful,cántabrx,cántabrxs
cínico,cínica,cínic@,cínicos,cínicas,cínic@s,sg;pl,tweets,Qué cínic@s resultaron no?,cínicx,cínicxs
cómico,cómica,cómic@,cómicos,cómicas,cómic@s,pl,tweets,¡Qué alegría poder escuchar a l@s cómic@s! https://t.co/g9D2kNSNuA,cómicx,cómicxs
damnificado,damnificada,damnificad@,damnificados,damnificadas,damnificad@s,pl,tweets,Centros de acopio para damnificad@s por #Sismomexico en #Oaxaca y #Chiapas https://t.co/Ckrj3ox05x,damnificadx,damnificadxs
decano,decana,decan@,decanos,decanas,decan@s,pl,tweets,Comunicado decan@s de todos los centros de @CanalUGR La @fcd_ugr apoya la convivencia pacífica y el respeto https://t.co/8d59aOvexY,decanx,decanxs
decepcionado,decepcionada,decepcionad@,decepcionados,decepcionadas,decepcionad@s,sg,tweets,Vivir sorprendid@ y no decepcionad@...,decepcionadx,decepcionadxs
defensor,defensora,defensor@,defensores,defensoras,defensor@s,sg;pl,tweets,EL PUEBLO DEL CHACO BUSCA SU DEFENSOR@ https://t.co/CYzXCJoxKR,defensorx,defensorxs
degenerado,degenerada,degenerad@,degenerados,degeneradas,degenerad@s,sg;pl,tweets,algun degenerad@ para un lol,degeneradx,degeneradxs
dejo,deja,dej@,dejos,dejas,dej@s,sg,tweets,@angie_tmurillo Lo dej@ hablando sol@!!!,dejx,dejxs
delegado,delegada,delegad@,delegados,delegadas,delegad@s,sg;pl,tweets,@jennyjarapulga Estás delegad@,delegadx,delegadxs
delicado,delicada,delicad@,delicados,delicadas,delicad@s,pl,tweets,Delicad@s por todas partes.,delicadx,delicadxs
delo,dela,del@,delos,delas,del@s,sg,tweets,mt bom ter tt pvd e fica la falando del@,delx,delxs
demagogo,demagoga,demagog@,demagogos,demagogas,demagog@s,pl,tweets,@CarmeBarcelo Claro que si...si es al revés le pedís cárcel....demagog@s,demagogx,demagogxs
demo,dema,dem@,demos,demas,dem@s,pl,tweets,@fflyynga Y si tú eres la fea...¿como coño son l@s dem@s????,demx,demxs
deprimido,deprimida,deprimid@,deprimidos,deprimidas,deprimid@s,pl,tweets,Si estais deprimid@s pensad en la feria y os entrará un subidon de alegría :)),deprimidx,deprimidxs
derechancro,derechancra,derechancr@,derechancros,derechancras,derechancr@s,pl,tweets,"Y hoy, como amanecieron mis Derechancr@s, en “modo” de qué van a chingar hoy? https://t.co/9Qzf6CJSAu",derechancrx,derechancrxs
derechango,derechanga,derechang@,derechangos,derechangas,derechang@s,pl,tweets,Y así l@s Derechang@s todos los días! https://t.co/vhcEv1F2NO,derechangx,derechangxs
derecho,derecha,derech@,derechos,derechas,derech@s,pl,tweets,@monasterRo Derech@s,derechx,derechxs
dermatólogo,dermatóloga,dermatólog@,dermatólogos,dermatólogas,dermatólog@s,sg,tweets,"Aló, dermatólog@?",dermatólogx,dermatólogxs
desagradecido,desagradecida,desagradecid@,desagradecidos,desagradecidas,desagradecid@s,sg;pl,tweets,Desagradecid@,desagradecidx,desagradecidxs
desahuciado,desahuciada,desahuciad@,desahuciados,desahuciadas,desahuciad@s,pl,tweets,@abc_es La Asamblea del #hotelmadrid ha decidido que al menos 2 plantas del hotel servirán para alojar a desahuciad@s,desahuciadx,desahuciadxs
desalmado,desalmada,desalmad@,desalmados,desalmadas,desalmad@s,sg;pl,tweets,@VersusBee Quién es el o la desalmad@,desalmadx,desalmadxs
desaparecido,desaparecida,desaparecid@,desaparecidos,desaparecidas,desaparecid@s,pl,both,Lista de pres@s y desaparecid@s en #Nicaragua. #CNI #CIG #22Aniversario https://t.co/Ygc0NqsrdA,desaparecidx,desaparecidxs
desarrollador,desarrolladora,desarrollador@,desarrolladores,desarrolladoras,desarrollador@s,sg;pl,tweets,¿L@s desarrollador@s deben conocer conceptos básicos de UI?,desarrolladorx,desarrolladorxs
descarado,descarada,descarad@,descarados,descaradas,descarad@s,sg;pl,tweets,@diablasomedi y yo descarad@,descaradx,descaradxs
descerebrado,descerebrada,descerebrad@,descerebrados,descerebradas,descerebrad@s,sg;pl,tweets,@hormiwi Preso por descerebrad@,descerebradx,descerebradxs
desconocido,desconocida,desconocid@,desconocidos,desconocidas,desconocid@s,sg;pl,both,"Desconocid@ no lo voy a coger, de nada",desconocidx,desconocidxs
desecho,desecha,desech@,desechos,desechas,desech@s,pl,tweets,""" DeSeCh@s Y HuMaN@S "": La lucha de Norma Plá https://t.co/854dVTweRx",desechx,desechxs
desempleado,desempleada,desemplead@,desempleados,desempleadas,desemplead@s,sg;pl,tweets,Ser fitness es mi profesión y ahorita estoy desemplead@,desempleadx,desempleadxs
desempledo,desempleda,desempled@,desempledos,desempledas,desempled@s,pl,tweets,"Cuarto debate #FracasoSistemaGlobal Jueves 30, a las 18h., Grupos participantes: Marea Básica - ATD Cuarto Mundo - Coordinadora de Desempled@s y Precari@s de Madrid - Plataforma de Inmigrantes de Madrid. Enlace al debate: https://t.co/6R0YzpfZhh https://t.co/6AbeXeZeP6",desempledx,desempledxs
desequilibrado,desequilibrada,desequilibrad@,desequilibrados,desequilibradas,desequilibrad@s,pl,tweets,TikTok pues la casa de l@s desequilibrad@s https://t.co/1HwC7jW22J,desequilibradx,desequilibradxs
desesperado,desesperada,desesperad@,desesperados,desesperadas,desesperad@s,pl,tweets,@michujohnson Real que al instante jajajaja desesperad@s,desesperadx,desesperadxs
desgraciado,desgraciada,desgraciad@,desgraciados,desgraciadas,desgraciad@s,sg;pl,tweets,Sois un@s desgraciad@s,desgraciadx,desgraciadxs
deso,desa,des@,desos,desas,des@s,sg,tweets,Lo importante no es que des si no como lo des@,desx,desxs
desocupado,desocupada,desocupad@,desocupados,desocupadas,desocupad@s,sg;pl,tweets,@DicelisPipe Desocupad@s 😎,desocupadx,desocupadxs
despechado,despechada,despechad@,despechados,despechadas,despechad@s,pl,tweets,"Tanta qls despechad@s wn, dejen de dar pena ctm",despechadx,despechadxs
despedido,despedida,despedid@,despedidos,despedidas,despedid@s,pl,tweets,👏👏👏👏👏👏Por los sanitarios y profesionales despedid@s después de estar en primera línea...,despedidx,despedidxs
despistado,despistada,despistad@,despistados,despistadas,despistad@s,sg;pl,tweets,@Gille_RM Jajaja malos tiempos para l@s despistad@s 😉,despistadx,despistadxs
desplazado,desplazada,desplazad@,desplazados,desplazadas,desplazad@s,pl,tweets,Ahora imagínense a l@s pres@s en cárceles o los desplazad@s forzoz@s! https://t.co/us41VayFM7,desplazadx,desplazadxs
desquiciado,desquiciada,desquiciad@,desquiciados,desquiciadas,desquiciad@s,pl,tweets,Si les gusta el otoño y el invierno son un@s desquiciad@s. Que frío del orto.,desquiciadx,desquiciadxs
destinatario,destinataria,destinatari@,destinatarios,destinatarias,destinatari@s,pl,tweets,"@bysTaXx @Rubiu5 Y esto es lo que ocurre realmente con los bancos de alimento, que nunca llegan a sus destinatari@s familias sin recursos. Así que corre y llena estanterías.",destinatarix,destinatarixs
desubicado,desubicada,desubicad@,desubicados,desubicadas,desubicad@s,sg,tweets,Cada desubicad@ que hay 🤦‍♂️,desubicadx,desubicadxs
desvelado,desvelada,desvelad@,desvelados,desveladas,desvelad@s,pl,tweets,Desvelad@s:,desveladx,desveladxs
detenido,detenida,detenid@,detenidos,detenidas,detenid@s,sg;pl,tweets,"No te procupes por ser lent@, preocúpate por estar detenid@.",detenidx,detenidxs
devoto,devota,devot@,devotos,devotas,devot@s,pl,tweets,Yo sé de muy devot@s cristian@s https://t.co/DOW7O9WYnv,devotx,devotxs
diablillo,diablilla,diablill@,diablillos,diablillas,diablill@s,pl,tweets,BUENOS DÍAS DIABLILL@S,diablillx,diablillxs
diablo,diabla,diabl@,diablos,diablas,diabl@s,sg;pl,tweets,Esta pal modo humo y diabl@ ?,diablx,diablxs
dinamizador,dinamizadora,dinamizador@,dinamizadores,dinamizadoras,dinamizador@s,pl,tweets,Formación reglada + espacio tic xa dinamizador@s! atentos a @comunidadtc #innovacionsocial #telecentros http://t.co/XA1E4cww,dinamizadorx,dinamizadorxs
diosecito,diosecita,diosecit@,diosecitos,diosecitas,diosecit@s,pl,tweets,#ConLaCuestaDeEnero Entrando de lleno a los apoyos y también l@s Diosecit@s Mític@s para nuestros amigos de #MaffiaTeam @Kate_Baker8 @ShigeharuShirai @DonLuckyLucian0 #TeamDioses_Míticos #TwitterosAliados,diosecitx,diosecitxs
dioso,diosa,dios@,diosos,diosas,dios@s,sg;pl,tweets,dios@ tu me escuchas?,diosx,diosxs
diplomático,diplomática,diplomátic@,diplomáticos,diplomáticas,diplomátic@s,sg;pl,tweets,@Yord41 Tuitazo!!!!! Clarísimo q hay diplomátic@s de peso!!!! https://t.co/KZfuEvZPe4,diplomáticx,diplomáticxs
diputado,diputada,diputad@,diputados,diputadas,diputad@s,sg;pl,both,@lalicuadora004 no da lo mismo cualquier diputad@,diputadx,diputadxs
diputao,diputaa,diputa@,diputaos,diputaas,diputa@s,pl,tweets,@PDC_Chile tiene el deber de efectuar PRIMARIAS para elegir candidat@s a Diputa@s y Cores. Directiva Regional PDC Los Lagos https://t.co/4xWQooOC4V,diputax,diputaxs
directivo,directiva,directiv@,directivos,directivas,directiv@s,sg;pl,tweets,El directiv@ 👩‍💻👨‍💻del #Bienestar aterriza en las #empresas 🏢españolas https://t.co/07JtFvsGfd,directivx,directivxs
directo,directa,direct@,directos,directas,direct@s,pl,tweets,Por qué no pueden ser direct@s,directx,directxs
director,directora,director@,directores,directoras,director@s,sg;pl,tweets,@EstaEsLaVia Lx director@,directorx,directorxs
discapacitado,discapacitada,discapacitad@,discapacitados,discapacitadas,discapacitad@s,pl,tweets,"Nunca escuché, en una campaña política, hablar sobre l@s discapacitad@s mentales y motores.",discapacitadx,discapacitadxs
diseñador,diseñadora,diseñador@,diseñadores,diseñadoras,diseñador@s,sg;pl,tweets,Diseñador@ grafic@s https://t.co/JFqRjSQqAN,diseñadorx,diseñadorxs
distraído,distraída,distraid@,distraídos,distraídas,distraid@s,sg,tweets,Foto distraid@ 💕💕 — No tengo https://t.co/MFGsSKFoW5,distraidx,distraidxs
divo,diva,div@,divos,divas,div@s,sg;pl,tweets,@SaezLalo @Cata_dw Div@s....next,divx,divxs
divorciado,divorciada,divorciad@,divorciados,divorciadas,divorciad@s,sg;pl,tweets,No hay divorciad@ feliz....,divorciadx,divorciadxs
divulgador,divulgadora,divulgador@,divulgadores,divulgadoras,divulgador@s,pl,both,"@ElCubildePeter @DotCSV @El_Pakozoico Sinceramente, últimamente piensi que twich os puede beneficiar mucho más a l@s divulgador@s.",divulgadorx,divulgadorxs
doctor,doctora,doctor@,doctores,doctoras,doctor@s,sg;pl,tweets,Busco doctor@ urgente...,doctorx,doctorxs
doctorando,doctoranda,doctorand@,doctorandos,doctorandas,doctorand@s,pl,tweets,Doctorand@s y jóvenes investigador@s de Canarias. Concurso de Divulgación Científica #CienciaULL👇😉 https://t.co/2ACex2ZriC,doctorandx,doctorandxs
dolido,dolida,dolid@,dolidos,dolidas,dolid@s,pl,tweets,Re dolid@s corta,dolidx,dolidxs
dominguero,dominguera,dominguer@,domingueros,domingueras,dominguer@s,pl,tweets,"Buenos días, dominguer@s.",dominguerx,dominguerxs
dominicano,dominicana,dominican@,dominicanos,dominicanas,dominican@s,sg;pl,tweets,Voy a sacar todos los dominican@s de mi perfil!,dominicanx,dominicanxs
dormido,dormida,dormid@,dormidos,dormidas,dormid@s,sg,tweets,Rt si estás dormid@,dormidx,dormidxs
dramático,dramática,dramátic@,dramáticos,dramáticas,dramátic@s,pl,tweets,Algun@s sois muy dramátic@s 😒🎭,dramáticx,dramáticxs
drogadicto,drogadicta,drogadict@,drogadictos,drogadictas,drogadict@s,sg;pl,tweets,"No bebé, no eres espiritual, eres drogadict@",drogadictx,drogadictxs
droxiomaniaco,droxiomaniaca,droxiomaniac@,droxiomaniacos,droxiomaniacas,droxiomaniac@s,pl,tweets,#alwaysarctic 100x100 DroxioManiac@s 👌 https://t.co/xEhvc7aET3,droxiomaniacx,droxiomaniacxs
dueño,dueña,dueñ@,dueños,dueñas,dueñ@s,sg;pl,tweets,Dueñ@ de ti mism@ https://t.co/D4r8s9SdE5,dueñx,dueñxs
duro,dura,dur@,duros,duras,dur@s,pl,tweets,Dur@s,durx,durxs
díadelniño,díadelniña,díadelniñ@,díadelniños,díadelniñas,díadelniñ@s,sg,tweets,#DíadelNiñ@ &amp; lecturas https://t.co/vqaJul5dX6,díadelniñx,díadelniñxs
ebrio,ebria,ebri@,ebrios,ebrias,ebri@s,pl,tweets,Ebri@s 😂,ebrix,ebrixs
ecuatoriano,ecuatoriana,ecuatorian@,ecuatorianos,ecuatorianas,ecuatorian@s,sg;pl,tweets,¿Eres de los ecuatorian@s que dice: el/la man?,ecuatorianx,ecuatorianxs
editor,editora,editor@,editores,editoras,editor@s,pl,tweets,@Barbijaputa Había que correr a guantazos a l@s editor@s de este libro.,editorx,editorxs
educador,educadora,educador@,educadores,educadoras,educador@s,pl,tweets,@ZulayRL gracias por reconocer la labor de l@s educador@s. Por una educación de calidad para tod@s,educadorx,educadorxs
efectivo,efectiva,efectiv@,efectivos,efectivas,efectiv@s,pl,tweets,Expresamos nuestro repudio y preocupación sobre la manifestación de algun@s efectiv@s efectiv@s armad@s de la policía bonaerense. https://t.co/kMwPNMLrUb,efectivx,efectivxs
egocéntrico,egocéntrica,egocéntric@,egocéntricos,egocéntricas,egocéntric@s,sg,tweets,Egocéntric@ 🤷🏻‍♀️ https://t.co/YQph2JByP9,egocéntricx,egocéntricxs
egresado,egresada,egresad@,egresados,egresadas,egresad@s,sg;pl,tweets,Les mandamos un egresad@ al md🤔🔥 https://t.co/qv7LIejKcQ,egresadx,egresadxs
ejecutivo,ejecutiva,ejecutiv@,ejecutivos,ejecutivas,ejecutiv@s,sg;pl,tweets,@katongl Redada de ejecutiv@s de cuenta.,ejecutivx,ejecutivxs
elector,electora,elector@,electores,electoras,elector@s,pl,tweets,@jsgumucio @azzul2006 El tema es si votan por él. Ahí ya la responsabilidad es de l@s elector@s.,electorx,electorxs
elegido,elegida,elegid@,elegidos,elegidas,elegid@s,sg;pl,tweets,Buenas tardes a tod@s l@s elegid@s...💚 https://t.co/K41RqoVNK7,elegidx,elegidxs
eliminado,eliminada,eliminad@,eliminados,eliminadas,eliminad@s,sg,tweets,Eliminad@ 😁,eliminadx,eliminadxs
embajador,embajadora,embajador@,embajadores,embajadoras,embajador@s,sg;pl,tweets,"Buenos días Embajador@, hoy juega Millonarios 💙",embajadorx,embajadorxs
embustero,embustera,embuster@,embusteros,embusteras,embuster@s,pl,tweets,Embuster@s,embusterx,embusterxs
empadronado,empadronada,empadronad@,empadronados,empadronadas,empadronad@s,pl,tweets,Modern@s que se creen guap@s y deberían estar empadronad@s en Mordor.,empadronadx,empadronadxs
empleado,empleada,emplead@,empleados,empleadas,emplead@s,sg;pl,both,@triini_ Emplead@ pública virtual,empleadx,empleadxs
empleador,empleadora,empleador@,empleadores,empleadoras,empleador@s,pl,tweets,El PRD dice #TerrorismoFiscalNo y sí a la prórroga y condonación de impuestos a l@s empleador@s de México. https://t.co/BiDOeGxS4i,empleadorx,empleadorxs
empleo,emplea,emple@,empleos,empleas,emple@s,sg,tweets,"El taller 'Emple@ Manzanares III', en marcha - https://t.co/GucFbe1n1E",emplex,emplexs
empoderado,empoderada,empoderad@,empoderados,empoderadas,empoderad@s,sg,tweets,Yo me siento empoderad@ cuando..,empoderadx,empoderadxs
emprendedor,emprendedora,emprendedor@,emprendedores,emprendedoras,emprendedor@s,sg;pl,tweets,"estoy mamada de la palabra ""emprendedor@""",emprendedorx,emprendedorxs
empresario,empresaria,empresari@,empresarios,empresarias,empresari@s,sg;pl,tweets,Que bellas Los Empresari@s de La Moda 🤗🤗🤗 https://t.co/4YBUuHzftp,empresarix,empresarixs
empático,empática,empátic@,empáticos,empáticas,empátic@s,sg;pl,tweets,Antes de juzgar sé empátic@,empáticx,empáticxs
enamorado,enamorada,enamorad@,enamorados,enamoradas,enamorad@s,pl,both,Feliz dia comercial de los enamorad@s,enamoradx,enamoradxs
enano,enana,enan@,enanos,enanas,enan@s,sg;pl,tweets,Che que feo ser enan@,enanx,enanxs
encapuchado,encapuchada,encapuchad@,encapuchados,encapuchadas,encapuchad@s,pl,tweets,@MigeGs58 Eran encapuchad@s .,encapuchadx,encapuchadxs
encargado,encargada,encargad@,encargados,encargadas,encargad@s,sg;pl,tweets,"Ni pareces encargad@, jajajaja.",encargadx,encargadxs
enchufado,enchufada,enchufad@,enchufados,enchufadas,enchufad@s,sg;pl,tweets,Vegan@ y enchufad@ https://t.co/uBliBrdYPs,enchufadx,enchufadxs
endeudado,endeudada,endeudad@,endeudados,endeudadas,endeudad@s,sg;pl,tweets,Estoy endeudad@ Una playera que diga.,endeudadx,endeudadxs
enemigo,enemiga,enemig@,enemigos,enemigas,enemig@s,sg;pl,tweets,Tú eres tu peor enemig@,enemigx,enemigxs
energúmeno,energúmena,energúmen@,energúmenos,energúmenas,energúmen@s,pl,tweets,@juliojcthc Jodid@s energúmen@s...,energúmenx,energúmenxs
enfermero,enfermera,enfermer@,enfermeros,enfermeras,enfermer@s,sg;pl,both,@crequetong Enfermer@s,enfermerx,enfermerxs
enfermito,enfermita,enfermit@,enfermitos,enfermitas,enfermit@s,sg;pl,tweets,Enfermit@s del fútbol...,enfermitx,enfermitxs
enfermo,enferma,enferm@,enfermos,enfermas,enferm@s,sg;pl,tweets,FAV si también estás enferm@ :(,enfermx,enfermxs
engendro,engendra,engendr@,engendros,engendras,engendr@s,pl,tweets,Arriba engendr@s del mal. A trabajar,engendrx,engendrxs
entendido,entendida,entendid@,entendidos,entendidas,entendid@s,pl,tweets,Para entendid@s🤣🤣🤣🤣 https://t.co/Yj5vVBJ08q,entendidx,entendidxs
enterado,enterada,enterad@,enterados,enteradas,enterad@s,sg,tweets,Qué raro que no estés enterad@,enteradx,enteradxs
entrenador,entrenadora,entrenador@,entrenadores,entrenadoras,entrenador@s,sg;pl,tweets,Para tod@s l@s entrenador@s que empiezan!!! https://t.co/marXedILfr,entrenadorx,entrenadorxs
entretenido,entretenida,entretenid@,entretenidos,entretenidas,entretenid@s,sg,tweets,@jorge46952277 @jguaido Sigue entretenid@ con tus soci@s...,entretenidx,entretenidxs
entrevistado,entrevistada,entrevistad@,entrevistados,entrevistadas,entrevistad@s,sg;pl,tweets,@JoseanPastor @mikihoyos Y entrevistad@s...,entrevistadx,entrevistadxs
envidioso,envidiosa,envidios@,envidiosos,envidiosas,envidios@s,sg;pl,tweets,Ser envidios@ es naco.,envidiosx,envidiosxs
epidemiólogo,epidemióloga,epidemiólog@,epidemiólogos,epidemiólogas,epidemiólog@s,pl,tweets,L@s epidemiólog@s de tuiter me las tienen al plato.,epidemiólogx,epidemiólogxs
erdo,erda,erd@,erdos,erdas,erd@s,sg,tweets,P0ta m¡erd@,erdx,erdxs
esclavo,esclava,esclav@,esclavos,esclavas,esclav@s,sg;pl,both,Esclav@ va pa ambos lado,esclavx,esclavxs
escritor,escritora,escritor@,escritores,escritoras,escritor@s,sg;pl,both,@kahache7 Escritor@ en potencia.,escritorx,escritorxs
escuálido,escuálida,escualid@,escuálidos,escuálidas,escualid@s,sg;pl,tweets,#VenezuelaCalleEsLibertad escualid@s paracos,escualidx,escualidxs
escéptico,escéptica,escéptic@,escépticos,escépticas,escéptic@s,pl,bluesky,"Para l@s escéptic@s: En una guerra resulta muy duro seguir con vida, sobre todo cuando eres un/a menor. _URL_-de-…",escépticx,escépticxs
espartano,espartana,espartan@,espartanos,espartanas,espartan@s,pl,tweets,"¡Buenos días!, ¿cómo están mis Espartan@s?",espartanx,espartanxs
español,española,español@,españoles,españolas,español@s,sg;pl,both,"Eres español@? bañate ya, porque si porque hueles mal maldita ses",españolx,españolxs
españolazo,españolaza,españolaz@,españolazos,españolazas,españolaz@s,pl,tweets,"Buenos días, ESPAÑOLAZ@S https://t.co/tkCBdJsO2p",españolazx,españolazxs
españolito,españolita,españolit@,españolitos,españolitas,españolit@s,pl,tweets,"SACAD LAS BANDERAS, ESPAÑOLIT@S!! https://t.co/cuh9NjjkF8",españolitx,españolitxs
espectador,espectadora,espectador@,espectadores,espectadoras,espectador@s,pl,tweets,Espectador@s de lujo 😻😻😻 https://t.co/h6vP4zwjrD,espectadorx,espectadorxs
esperancito,esperancita,esperancit@,esperancitos,esperancitas,esperancit@s,sg;pl,tweets,Cuaretena = Esperancit@,esperancitx,esperancitxs
esposo,esposa,espos@,esposos,esposas,espos@s,sg;pl,tweets,@spritehsk Espos@s 🙂✌🏻,esposx,esposxs
esterilizado,esterilizada,esterilizad@,esterilizados,esterilizadas,esterilizad@s,pl,tweets,Perrit@s hermos@s buscan hogar TEMPORAL o ADOPTIVO URGENTE!! Están esterilizad@s y desparasitad@s. Para más... http://t.co/0aK63k7qXS,esterilizadx,esterilizadxs
estibador,estibadora,estibador@,estibadores,estibadoras,estibador@s,pl,tweets,"Telemarketing, estibador@s, Kellys, carter@s, trabajador@s de limpieza, docentes interin@s, golpeemos y unifiquemos luchas #27MTomaMadrid",estibadorx,estibadorxs
estimado,estimada,estimad@,estimados,estimadas,estimad@s,sg;pl,tweets,"@Educacion_Ec @nando3118 Estimad@, se realizará el seguimiento respectivo, saludos.",estimadx,estimadxs
estopero,estopera,estoper@,estoperos,estoperas,estoper@s,pl,tweets,1M de estoper@s! FUEGOOO 🔥🔥🔥 https://t.co/lARUVCvOT6,estoperx,estoperxs
estúpido,estúpida,estupid@,estúpidos,estúpidas,estupid@s,sg;pl,tweets,Y mazo estupid@s 😅,estupidx,estupidxs
etiquetalo,etiquetala,etiquetal@,etiquetalos,etiquetalas,etiquetal@s,sg,tweets,@urqui8 etiquetal@,etiquetalx,etiquetalxs
etiqueto,etiqueta,etiquet@,etiquetos,etiquetas,etiquet@s,sg,tweets,@thenewrockstarr @AngelG1094 Quien l@ etiquet@ pues 😠,etiquetx,etiquetxs
etiquétalo,etiquétala,etiquétal@,etiquétalos,etiquétalas,etiquétal@s,sg,tweets,@juliaacevesg Etiquétal@,etiquétalx,etiquétalxs
eurodiputado,eurodiputada,eurodiputad@,eurodiputados,eurodiputadas,eurodiputad@s,pl,tweets,#NaWeb A delegación de eurodiputad@s esixe que o Parlamento Europeo apoie a devolución de Meirás https://t.co/mM3EYHA3V2,eurodiputadx,eurodiputadxs
europeo,europea,europe@,europeos,europeas,europe@s,pl,tweets,Voluntari@s europe@s en Leganés @psmadrid http://t.co/cdL7zuPLEx,europex,europexs
exalumno,exalumna,exalumn@,exalumnos,exalumnas,exalumn@s,pl,tweets,Lo contento que me foi quan m'escunzo por Zaragoza con exalumn@s de Monzón!!,exalumnx,exalumnxs
excompañero,excompañera,excompañer@,excompañeros,excompañeras,excompañer@s,pl,bluesky,"No hay mejor manera de empezar la mañana que con ""Cafés la Incidencia"" 🤣🤣 Solo lo entenderán l@s excompañer@s de Truyol y todos aquell@s de atención al cliente",excompañerx,excompañerxs
exguerrillero,exguerrillera,exguerriller@,exguerrilleros,exguerrilleras,exguerriller@s,pl,tweets,#ENVIVO Siga la transmisión en vivo del lanzamiento de la #FeriaPorLaPazYLaReconciliación y el gran desfile de prendas hechas por exguerriller@s. 👉🏼https://t.co/REcsXDmPau https://t.co/nP60tCdfD7,exguerrillerx,exguerrillerxs
exiliado,exiliada,exiliad@,exiliados,exiliadas,exiliad@s,pl,tweets,"Voy a crear un md con Exiliad@s, Fav &amp; RT si quieres que te meta&lt;3 (tampoco meteré a 3000000 :v)",exiliadx,exiliadxs
exitoso,exitosa,exitos@,exitosos,exitosas,exitos@s,sg,tweets,@alejodorowsky Soy un ave exitos@,exitosx,exitosxs
exnovio,exnovia,exnovi@,exnovios,exnovias,exnovi@s,sg;pl,tweets,@MaribellReyna Exnovi@s les dicen !!,exnovix,exnovixs
expedientado,expedientada,expedientad@,expedientados,expedientadas,expedientad@s,pl,tweets,@eliassrmo @Tampm_Picassent @PSOE @ahorapodemos ¿Eso lo dirás por los compañer@s expedientad@s?,expedientadx,expedientadxs
experto,experta,expert@,expertos,expertas,expert@s,sg;pl,both,@antonlosada 👏👏👏👏L@s expert@s en epidemias Antón 😅😅,expertx,expertxs
expositor,expositora,expositor@,expositores,expositoras,expositor@s,pl,tweets,"Primer Seminario del Circulo +Personas de Corparaucanía, fue una gran jornada con excelentes expositor@s https://t.co/xqbcu9QhJD",expositorx,expositorxs
expulsado,expulsada,expulsad@,expulsados,expulsadas,expulsad@s,sg,tweets,Vota por tu expulsad@ #SVGala3,expulsadx,expulsadxs
extranjero,extranjera,extranjer@,extranjeros,extranjeras,extranjer@s,sg;pl,tweets,Usted es extranjer@ o intranjer@?,extranjerx,extranjerxs
extraordinario,extraordinaria,extraordinari@,extraordinarios,extraordinarias,extraordinari@s,pl,tweets,Extraordinari@s !!! Los felicitamos y esperamos el próximo año ! #IcemanTriathlon https://t.co/YDRh28cIUW,extraordinarix,extraordinarixs
extraño,extraña,extrañ@,extraños,extrañas,extrañ@s,sg;pl,tweets,"""Hola extrañ@"" ♥",extrañx,extrañxs
extremeño,extremeña,extremeñ@,extremeños,extremeñas,extremeñ@s,pl,tweets,@CarmenMenayo l@s extremeñ@s estamos contigo,extremeñx,extremeñxs
fachito,fachita,fachit@,fachitos,fachitas,fachit@s,pl,tweets,L@s FACHIT@S andan con un ardor anal por la defensa de Leo Caprile a los estudiantes 😬🤣🤣🤣🤣,fachitx,fachitxs
facho,facha,fach@,fachos,fachas,fach@s,sg;pl,tweets,Tik tok se llenos de fach@s,fachx,fachxs
facilitador,facilitadora,facilitador@,facilitadores,facilitadoras,facilitador@s,pl,tweets,#19AñosDeSocialismoPuro Nuestros facilitador@s son nuestro principal recurso VIDEO ----&gt; https://t.co/FxmN70fuhW,facilitadorx,facilitadorxs
factor,factora,factor@,factores,factoras,factor@s,sg,tweets,LANZAMIENTO DE FACTOR@ REVISTA DE ACCIÓN LACANIANA DE LA NEL https://t.co/K2ZM50bbYy,factorx,factorxs
facultativo,facultativa,facultativ@,facultativos,facultativas,facultativ@s,pl,tweets,@ColmedAtacama y demás facultativ@s en el centro neurálgico de la capital regional. 💪💪💪 #MásRecursosMejorSalud #ColmedMovilizado https://t.co/vDiTp699P2,facultativx,facultativxs
fallecido,fallecida,fallecid@,fallecidos,fallecidas,fallecid@s,sg,tweets,@RMirandaB Que ganas de usar el vídeo de un fallecid@...,fallecidx,fallecidxs
fallero,fallera,faller@,falleros,falleras,faller@s,pl,tweets,A todos l@s faller@s: #SiMeVesNoLoTires :-) Por unas fallas felices para todos! https://t.co/LnyYzw3fH7,fallerx,fallerxs
falso,falsa,fals@,falsos,falsas,fals@s,sg;pl,tweets,Tan fals@,falsx,falsxs
falto,falta,falt@,faltos,faltas,falt@s,pl,tweets,Pinches falt@s de atención pendej@s https://t.co/iu7TDiVg33,faltx,faltxs
famosillo,famosilla,famosill@,famosillos,famosillas,famosill@s,pl,tweets,"@marr_andrea87 Es fácil , no seguir div@s ni famosill@s.",famosillx,famosillxs
famoso,famosa,famos@,famosos,famosas,famos@s,sg;pl,both,@EstefiSeijuro Vamos a ser famos@s!,famosx,famosxs
fantástico,fantástica,fantástic@,fantásticos,fantásticas,fantástic@s,pl,tweets,@BibliotecaUPCT ¡Sois fantástic@s! Gracias. ❤️📚,fantásticx,fantásticxs
fanático,fanática,fanátic@,fanáticos,fanáticas,fanátic@s,sg;pl,tweets,Sos fanátic@ de #100DiasParaEnamorarse?,fanáticx,fanáticxs
farandulero,farandulera,faranduler@,faranduleros,faranduleras,faranduler@s,pl,tweets,@EcuadorPlay Faranduler@s,farandulerx,farandulerxs
farmacéutico,farmacéutica,farmacéutic@,farmacéuticos,farmacéuticas,farmacéutic@s,sg;pl,tweets,Gracias farmacéutic@s https://t.co/gLAFUs44nJ,farmacéuticx,farmacéuticxs
favor,favora,favor@,favores,favoras,favor@s,sg,tweets,@ZorayaDiaz1 Por favor@,favorx,favorxs
favorito,favorita,favorit@,favoritos,favoritas,favorit@s,pl,tweets,Mis favorit@s son los tulipán y las orquídeas⚘,favoritx,favoritxs
federado,federada,federad@,federados,federadas,federad@s,pl,tweets,"@darozena @carlitosh93 Todos l@s federad@s de paleta goma del C.D.Hernani, me refiero.",federadx,federadxs
feito,feita,feit@,feitos,feitas,feit@s,pl,tweets,Por foto todo es bonito de frente son feit@s😂😂🤔,feitx,feitxs
feministo,feminista,feminist@,feministos,feministas,feminist@s,pl,tweets,Argentina : directoras feminist@s y progénero 🙄👇 https://t.co/IwEyfUyeOV,feministx,feministxs
fenómeno,fenómena,fenomen@,fenómenos,fenómenas,fenomen@s,pl,tweets,Encuesta sería fenomen@s que me compro,fenomenx,fenomenxs
fiestero,fiestera,fiester@,fiesteros,fiesteras,fiester@s,pl,tweets,No tengo amigo@s fiester@s eso pasa 😌,fiesterx,fiesterxs
fijo,fija,fij@,fijos,fijas,fij@s,sg;pl,tweets,Necesito un/a segunder@ fij@ para el verano,fijx,fijxs
filósofo,filósofa,filósof@,filósofos,filósofas,filósof@s,pl,tweets,Que filósof@s están todos,filósofx,filósofxs
flaco,flaca,flac@,flacos,flacas,flac@s,sg;pl,tweets,@charl_39 Y más flac@s...,flacx,flacxs
flamenco,flamenca,flamenc@,flamencos,flamencas,flamenc@s,pl,tweets,¡¡Feliz Navidad flamenc@s!!,flamencx,flamencxs
flaquito,flaquita,flaquit@,flaquitos,flaquitas,flaquit@s,sg,tweets,"Cuando ya tienes confianza con tu flaquit@, aveces se vuelve un “pata” más",flaquitx,flaquitxs
flipado,flipada,flipad@,flipados,flipadas,flipad@s,sg;pl,tweets,"De flipad@s va la cosa, pa tu casa.",flipadx,flipadxs
flojo,floja,floj@,flojos,flojas,floj@s,sg;pl,tweets,¡ARRIBA FLOJ@S!,flojx,flojxs
florindo,florinda,florind@,florindos,florindas,florind@s,pl,tweets,TOMA TU 👉SI .. FLORIND@S .. 👇👇👇👇👇👇 https://t.co/91YKxPcm6T,florindx,florindxs
follamigo,follamiga,follamig@,follamigos,follamigas,follamig@s,sg;pl,tweets,Un/a follamig@ necesitamos todos,follamigx,follamigxs
formador,formadora,formador@,formadores,formadoras,formador@s,pl,tweets,"@barnacitizen @MariquillaVC @lore_mhdr @futbolinvisiBet Entrenador@ y formador@s,perdón",formadorx,formadorxs
forro,forra,forr@,forros,forras,forr@s,sg;pl,tweets,@sugus37 Forr@,forrx,forrxs
forzado,forzada,forzad@,forzados,forzadas,forzad@s,pl,tweets,Trío de forzad@s..,forzadx,forzadxs
fotógrafo,fotógrafa,fotógraf@,fotógrafos,fotógrafas,fotógraf@s,sg;pl,tweets,Necesito un amig@ fotógraf@,fotógrafx,fotógrafxs
fracasado,fracasada,fracasad@,fracasados,fracasadas,fracasad@s,sg;pl,tweets,Fracasad@s https://t.co/6QsGAwKVKo,fracasadx,fracasadxs
francisco,francisca,francisc@,franciscos,franciscas,francisc@s,pl,tweets,Felicidades a tod@s l@s Francisc@s ❤ https://t.co/szibXwzxdF,franciscx,franciscxs
francés,francesa,frances@,franceses,francesas,frances@s,pl,tweets,@almuariza @Maxferibar Pueden l@s frances@s entrar en España?,francesx,francesxs
fresco,fresca,fresc@,frescos,frescas,fresc@s,pl,tweets,@Vicvedi Fresc@s y care rajas!,frescx,frescxs
fuco,fuca,fuc@,fucos,fucas,fuc@s,sg,tweets,I’m so fuc@&amp;$! greatful,fucx,fucxs
fuenlabreño,fuenlabreña,fuenlabreñ@,fuenlabreños,fuenlabreñas,fuenlabreñ@s,pl,tweets,"Prometer el cargo de alcalde de #Fuenlabrada, mi ciudad, es un momento muy especial que conjuga emotividad y responsabilidad. Gracias Fuenlabreñ@s por vuestra confianza y apoyo. https://t.co/fyrQM3x6ay",fuenlabreñx,fuenlabreñxs
fulanito,fulanita,fulanit@,fulanitos,fulanitas,fulanit@s,sg,tweets,- soy fulanit@... ¿Trabajas por canje? - ¡bloquead@!,fulanitx,fulanitxs
fulano,fulana,fulan@,fulanos,fulanas,fulan@s,sg;pl,tweets,Fulan@ se unió a Telegram 🤣🤣🤣🤣🤣🤣🤣🤣🤣🤣🤣,fulanx,fulanxs
fumador,fumadora,fumador@,fumadores,fumadoras,fumador@s,pl,tweets,Atención fumador@s.... https://t.co/1vixKF6eGS,fumadorx,fumadorxs
funcionar,funcionara,funcionar@,funcionares,funcionaras,funcionar@s,pl,tweets,Funcionar@s AGE 👇🏼 https://t.co/XIToikE9xK,funcionarx,funcionarxs
funcionario,funcionaria,funcionari@,funcionarios,funcionarias,funcionari@s,sg;pl,tweets,Según el CIS de Tezanos no hay ningún funcionari@ agredido en #Sosprisiones,funcionarix,funcionarixs
fundador,fundadora,fundador@,fundadores,fundadoras,fundador@s,pl,tweets,"#AniversarioRadioChinelo Mañana celebramos 5 años, Mesa de diálogo con l@s fundador@s de la radio a las 13:15 #RadioChinelo5",fundadorx,fundadorxs
fusilado,fusilada,fusilad@,fusilados,fusiladas,fusilad@s,pl,tweets,"Hola @Intereconomia: ¿Cuál legado honra? El de una España llena d fosas con fusilad@s q ahí siguen en pleno 2015,¿no? http://t.co/hUC03q2Jcd",fusiladx,fusiladxs
fusilador,fusiladora,fusilador@,fusiladores,fusiladoras,fusilador@s,pl,bluesky,Cuando se pide un deseo hay que ser muy explícito. Digamos que poco se fusila si somos nosotr@s los fusilador@s. 😉,fusiladorx,fusiladorxs
futbolero,futbolera,futboler@,futboleros,futboleras,futboler@s,sg;pl,tweets,Cual es Futboler@s ?,futbolerx,futbolerxs
futuro,futura,futur@,futuros,futuras,futur@s,sg;pl,tweets,Mis futur@s bebés. https://t.co/0WoEHliOGI,futurx,futurxs
gacho,gacha,gach@,gachos,gachas,gach@s,pl,tweets,No sean gach@s manejen bien 😣,gachx,gachxs
gaditano,gaditana,gaditan@,gaditanos,gaditanas,gaditan@s,pl,tweets,Mucha suerte a l@s jóvenes gaditan@s que hoy comienzan la #evau2020!!,gaditanx,gaditanxs
gafo,gafa,gaf@,gafos,gafas,gaf@s,sg;pl,tweets,Chao gaf@,gafx,gafxs
galardonado,galardonada,galardonad@,galardonados,galardonadas,galardonad@s,pl,tweets,Los niños y niñas galardonad@s de nuestros talleres con sus creaciones.,galardonadx,galardonadxs
gallego,gallega,galleg@,gallegos,gallegas,galleg@s,sg;pl,both,Fav si eres galleg@ y quieres grupo,gallegx,gallegxs
gamberro,gamberra,gamberr@,gamberros,gamberras,gamberr@s,pl,tweets,Buenas noches gamberr@s,gamberrx,gamberrxs
ganadero,ganadera,ganader@,ganaderos,ganaderas,ganader@s,sg;pl,tweets,Feliz día a l@s tuiter@s ganader@s #DiaNacionalDelGanadero,ganaderx,ganaderxs
ganado,ganada,ganad@,ganados,ganadas,ganad@s,sg,tweets,Solo espero que le o la ganad@ disfrute al 💯 #BTSEnExa,ganadx,ganadxs
ganador,ganadora,ganador@,ganadores,ganadoras,ganador@s,sg;pl,tweets,Quién es vuestr@ ganador@? #MasterChef,ganadorx,ganadorxs
garoto,garota,garot@,garotos,garotas,garot@s,pl,tweets,@Lgn8412 de pana. Ahorita deben estar jartando miche y con garot@s,garotx,garotxs
garrulo,garrula,garrul@,garrulos,garrulas,garrul@s,pl,tweets,@paubarbut07 Garrul@s y g@rrulos. https://t.co/MOR2L60NS8,garrulx,garrulxs
gasolero,gasolera,gasoler@,gasoleros,gasoleras,gasoler@s,pl,tweets,"🗣 Ser del 'Gasolero' es muy diferente ⛽ ¡Buen comienzo de semana, Gasoler@s! 💙 https://t.co/u3pnytCsDi",gasolerx,gasolerxs
gatero,gatera,gater@,gateros,gateras,gater@s,pl,tweets,Se nota que odio la modita de gater@s?,gaterx,gaterxs
gatito,gatita,gatit@,gatitos,gatitas,gatit@s,sg;pl,tweets,@iMissLaia El gatit@ más precioso ever,gatitx,gatitxs
gato,gata,gat@,gatos,gatas,gat@s,sg;pl,tweets,Feliz dia gat@s 😽,gatx,gatxs
gatuno,gatuna,gatun@,gatunos,gatunas,gatun@s,pl,tweets,PARA ES@S GATUN@S: https://t.co/YGN91wcivu,gatunx,gatunxs
gemelo,gemela,gemel@,gemelos,gemelas,gemel@s,sg;pl,tweets,Aquí hay alguien que sea gemel@?,gemelx,gemelxs
genio,genia,geni@,genios,genias,geni@s,sg;pl,tweets,Geni@ https://t.co/WhmUXpVE3q,genix,genixs
gentuzo,gentuza,gentuz@,gentuzos,gentuzas,gentuz@s,sg,tweets,@pilarmosquera44 Queeee??? En serio??? K gentuz@ en serio,gentuzx,gentuzxs
georgiano,georgiana,georgian@,georgianos,georgianas,georgian@s,sg,bluesky,"Hoy hemos salido por Düsseldorf un grupo compuesto por 8 Español@s, 1 Griego, 3 Portugues@s, 3 Italian@s, 3 Ruman@s, 1 argentino, 1 brasileño, y 1 Georgian@. No se sabe si vamos de fiesta, o a robar un banco.",georgianx,georgianxs
gerrero,gerrera,gerrer@,gerreros,gerreras,gerrer@s,pl,tweets,Somos ángeles con una sola ala y necesitamos abrazarnos para poder volar. Nunca lo olvidéis compañer@s Gerrer@s 💪❤,gerrerx,gerrerxs
gerundio,gerundia,gerundi@,gerundios,gerundias,gerundi@s,pl,tweets,¡Buenos días Gerundi@s! En muchas ocasiones nosotros mismos somos juzgados o desahuciados en nuestra vida... https://t.co/cyLqXIgTiY,gerundix,gerundixs
gestor,gestora,gestor@,gestores,gestoras,gestor@s,pl,tweets,@nhenriquezbt Te dejo esto. Permisos para Gestor@s de acciones solidarias . https://t.co/uvFtSKVsiD,gestorx,gestorxs
gil,gila,gil@,giles,gilas,gil@s,sg;pl,tweets,Cuesta $0 no ser gil@,gilx,gilxs
ginecólogo,ginecóloga,ginecólog@,ginecólogos,ginecólogas,ginecólog@s,sg;pl,tweets,Oigan Ginecólog@s buenos en Chihuahua?,ginecólogx,ginecólogxs
gitano,gitana,gitan@,gitanos,gitanas,gitan@s,sg;pl,tweets,@SamySpain A cualquiera menos a l@ gitan@ maléfica!,gitanx,gitanxs
globoludo,globoluda,globolud@,globoludos,globoludas,globolud@s,pl,tweets,"@apomia4 Pobre... No sabe lo que dice, repite...como todo globolud@s.",globoludx,globoludxs
gobernado,gobernada,gobernad@,gobernados,gobernadas,gobernad@s,pl,tweets,Que desesperante es vivir gobernad@s por Piñera.,gobernadx,gobernadxs
gobernador,gobernadora,gobernador@,gobernadores,gobernadoras,gobernador@s,sg;pl,tweets,@AlexdeTj Nada pasa en un estado sin conocimiento y consentimiento de su gobernador@ .,gobernadorx,gobernadorxs
gobierno,gobierna,gobiern@,gobiernos,gobiernas,gobiern@s,sg,tweets,"@arturogaseoso Jajajajaja jajajajaja, que chispa tiene, pero ¿que le pasa a las mujeres de este gobiern@?",gobiernx,gobiernxs
goleador,goleadora,goleador@,goleadores,goleadoras,goleador@s,pl,tweets,Buenos días goleador@s ❤️🏆,goleadorx,goleadorxs
golfo,golfa,golf@,golfos,golfas,golf@s,sg;pl,tweets,Buenas noches golf@s!!,golfx,golfxs
golondrino,golondrina,golondrin@,golondrinos,golondrinas,golondrin@s,pl,tweets,@Kargamez Golondrin@s de mierda,golondrinx,golondrinxs
golosito,golosita,golosit@,golositos,golositas,golosit@s,pl,tweets,Excelente Viernes Golosit@s 💋,golositx,golositxs
goloso,golosa,golos@,golosos,golosas,golos@s,sg,tweets,@en_trusa jajajaja!!! Golos@,golosx,golosxs
gomero,gomera,gomer@,gomeros,gomeras,gomer@s,pl,tweets,Cuidado.. Gomer@s.. https://t.co/p1DY9oZdzh,gomerx,gomerxs
gonoo,gonoa,gono@,gonoos,gonoas,gono@s,sg,tweets,"Tengo el corazón a mil, que gono@#$%😒",gonox,gonoxs
gonorreo,gonorrea,gonorre@,gonorreos,gonorreas,gonorre@s,sg,tweets,@josevigm le falto el gonorre@ jajaja,gonorrex,gonorrexs
gordito,gordita,gordit@,gorditos,gorditas,gordit@s,sg;pl,tweets,El León como gordit@ en tobogán,gorditx,gorditxs
gordo,gorda,gord@,gordos,gordas,gord@s,sg;pl,tweets,GORD@: Forever Balón.,gordx,gordxs
gorreado,gorreada,gorread@,gorreados,gorreadas,gorread@s,sg;pl,tweets,@jere_lama O gorread@s te faltó 🤔😂,gorreadx,gorreadxs
graciasatodo,graciasatoda,graciasatod@,graciasatodos,graciasatodas,graciasatod@s,pl,tweets,#GRACIASaTOD@S https://t.co/sC7JAz0mq7,graciasatodx,graciasatodxs
graciaso,graciasa,gracias@,graciasos,graciasas,gracias@s,sg,tweets,@apoyocanino gracias@,graciasx,graciasxs
gracioso,graciosa,gracios@,graciosos,graciosas,gracios@s,sg;pl,tweets,Ahrreeee gracios@ -.-,graciosx,graciosxs
gradecido,gradecida,gradecid@,gradecidos,gradecidas,gradecid@s,sg,tweets,"#ARIES es gradecid@, nunca olvidará lo que has hecho por él, aunque pasen años, si después lo necesitas tú, estará el primero...",gradecidx,gradecidxs
graduado,graduada,graduad@,graduados,graduadas,graduad@s,sg;pl,tweets,Muchas felicidades a tod@s l@s graduad@s https://t.co/92b9yrzQms,graduadx,graduadxs
granadino,granadina,granadin@,granadinos,granadinas,granadin@s,pl,tweets,El ganador/a del SORTEO será comunicado el Lunes día 13 y contactado vía DM. ¡Animaros granadin@s! #Granada (2/2),granadinx,granadinxs
greto,greta,gret@,gretos,gretas,gret@s,sg,tweets,@_GRET4 Muchas graciass Gret@ ¡ 🙋🏾‍♀️😃😉😘😘😘🤗👈🏽,gretx,gretxs
grillo,grilla,grill@,grillos,grillas,grill@s,pl,tweets,Llueven y aparecen los grill@s !!,grillx,grillxs
gringo,gringa,gring@,gringos,gringas,gring@s,pl,tweets,@ShawnMendes 💕👀🙌 gring@s traduzcan 😎👽😂,gringx,gringxs
gráfico,gráfica,gráfic@,gráficos,gráficas,gráfic@s,sg,tweets,"@LaPatyChamoy @TheObs3rver El 5 está demasiado cerca de la S. Ays, el/la diseñador-a gráfic@ ... 😣",gráficx,gráficxs
guacho,guacha,guach@,guachos,guachas,guach@s,sg;pl,tweets,Alto día guach@,guachx,guachxs
guampudo,guampuda,guampud@,guampudos,guampudas,guampud@s,sg,tweets,Quédate en tu casa pedazo de guampud@.,guampudx,guampudxs
guapetón,guapetona,guapeton@,guapetones,guapetonas,guapeton@s,pl,tweets,Buenos días guapeton@s🤗,guapetonx,guapetonxs
guapito,guapita,guapit@,guapitos,guapitas,guapit@s,pl,tweets,Días guapit@s besitos tronaos en sus frentecitas 😘,guapitx,guapitxs
guapo,guapa,guap@,guapos,guapas,guap@s,pl,tweets,Hola guap@s,guapx,guapxs
guardián,guardiana,guardian@,guardianes,guardianas,guardian@s,pl,tweets,"Gracias, por tanto y tanto... Cuidaos, guardian@s del bosque y de tod@s nosotr@s https://t.co/4KrqRaH4XQ",guardianx,guardianxs
guaro,guara,guar@,guaros,guaras,guar@s,pl,tweets,@trafficLARA Epa guar@s vengan al Cardenalito !!!,guarx,guarxs
guarrillo,guarrilla,guarrill@,guarrillos,guarrillas,guarrill@s,pl,tweets,@EvoletLangley Heidi y los 7 guarrill@s,guarrillx,guarrillxs
guarro,guarra,guarr@,guarros,guarras,guarr@s,sg;pl,tweets,@informacion_es Guarr@s,guarrx,guarrxs
guatemalteco,guatemalteca,guatemaltec@,guatemaltecos,guatemaltecas,guatemaltec@s,sg;pl,tweets,Candidat@ guatemaltec@ antes de Photoshop https://t.co/JOOp9hUcAs,guatemaltecx,guatemaltecxs
guerreo,guerrea,guerre@,guerreos,guerreas,guerre@s,pl,tweets,Efectivamente guerre@s!,guerrex,guerrexs
guerrero,guerrera,guerrer@,guerreros,guerreras,guerrer@s,sg;pl,tweets,Felíz día guerrer@s... https://t.co/i4LgqkAdlc,guerrerx,guerrerxs
guerrillero,guerrillera,guerriller@,guerrilleros,guerrilleras,guerriller@s,pl,tweets,@paulino2601 @IvanCepedaCast Gracias a Díos. L@s bendigo a tod@s l@s guerriller@s.,guerrillerx,guerrillerxs
guiso,guisa,guis@,guisos,guisas,guis@s,pl,tweets,Guis@s https://t.co/6GNw7zSCf1,guisx,guisxs
gupo,gupa,gup@,gupos,gupas,gup@s,pl,tweets,@LUSMERINO Oleee esooosss gup@s 😍,gupx,gupxs
güero,güera,güer@,güeros,güeras,güer@s,sg,tweets,Ser güer@ no te da la felicidad.,güerx,güerxs
haberlo,haberla,haberl@,haberlos,haberlas,haberl@s,pl,tweets,@almasumis @sirenia_del_mar Haberl@s hayl@s,haberlx,haberlxs
haceno,hacena,hacen@,hacenos,hacenas,hacen@s,sg,tweets,@SaldaZo Señores su App está dando un servicio que es un fraude para nosotros los usuarios. Comprense otro servidor porque la App no se abre. Ustedes que hacen@. @TransferBanamex me supongo que al @SATMX LE INTERESARÁ ESTE FRAUDE AL CONSUMIDOR.,hacenx,hacenxs
haitiano,haitiana,haitian@,haitianos,haitianas,haitian@s,pl,tweets,Que paradójico. Decían que l@s haitian@s traían enfermedades y al final han sido l@s chilen@s que viajaron a Europa y asia,haitianx,haitianxs
hamburguesero,hamburguesera,hamburgueser@,hamburgueseros,hamburgueseras,hamburgueser@s,pl,tweets,Hola hamburgueser@s! https://t.co/HS2lEsUs3e,hamburgueserx,hamburgueserxs
hamstercito,hamstercita,hamstercit@,hamstercitos,hamstercitas,hamstercit@s,pl,tweets,Gracias por el apoyo hamstercit@s!!,hamstercitx,hamstercitxs
harto,harta,hart@,hartos,hartas,hart@s,pl,tweets,De príncipes azules ya estamos hart@s!!! #CambiemosElCuento https://t.co/bVeUgWJUgl,hartx,hartxs
hawkeriano,hawkeriana,hawkerian@,hawkerianos,hawkerianas,hawkerian@s,pl,tweets,"Hawkerian@s, tengo algo muuuy top que contaros hoy.",hawkerianx,hawkerianxs
hecho,hecha,hech@,hechos,hechas,hech@s,pl,tweets,@PatriciaReyesCs Valientes montapollos estáis hech@s,hechx,hechxs
hemano,hemana,heman@,hemanos,hemanas,heman@s,pl,tweets,"Mamá, heman@s, tí@s y prim@s 😢 https://t.co/wFY1LnAV7U",hemanx,hemanxs
herculano,herculana,herculan@,herculanos,herculanas,herculan@s,pl,tweets,Feliz Domingo Herculan@s https://t.co/VDNlfiiJAL,herculanx,herculanxs
heredero,heredera,hereder@,herederos,herederas,hereder@s,sg;pl,tweets,Hereder@ en los Williams,herederx,herederxs
herido,herida,herid@,heridos,heridas,herid@s,pl,tweets,...y siguen sembrando dolor en #Turku #Finlandia habrá que sacar fuerzas aunque estemos recién herid@s 😔,heridx,heridxs
hermanito,hermanita,hermanit@,hermanitos,hermanitas,hermanit@s,sg;pl,tweets,Hermanit@,hermanitx,hermanitxs
hermano,hermana,herman@,hermanos,hermanas,herman@s,sg;pl,both,"Herman@s, en manos de quien estamos...",hermanx,hermanxs
hijito,hijita,hijit@,hijitos,hijitas,hijit@s,sg;pl,tweets,Hijit@ revoltoso😍,hijitx,hijitxs
hijo,hija,hij@,hijos,hijas,hij@s,sg;pl,both,que lindo sería tener un hij@😻,hijx,hijxs
hispano,hispana,hispan@,hispanos,hispanas,hispan@s,pl,tweets,¿¡Que tal eh!? Hispan@s y Mujeres https://t.co/WEUuDKYYq0,hispanx,hispanxs
historiador,historiadora,historiador@,historiadores,historiadoras,historiador@s,pl,tweets,@ChorizosP @Rosas_Siempre Tod@s son historiador@s.,historiadorx,historiadorxs
histérico,histérica,histeric@,histéricos,histéricas,histeric@s,sg;pl,tweets,Sos histeric@? https://t.co/FzHOAa1h2Y,histericx,histericxs
homenajeado,homenajeada,homenajead@,homenajeados,homenajeadas,homenajead@s,pl,tweets,Muchas felicidades a los homenajead@s. #homenajeCSIC https://t.co/WsqxWjkVeM,homenajeadx,homenajeadxs
homofobico,homofobica,homofobic@,homofobicos,homofobicas,homofobic@s,sg,tweets,ser homofobic@ en pleno 2019 ¿??????,homofobicx,homofobicxs
homofobo,homofoba,homofob@,homofobos,homofobas,homofob@s,pl,tweets,Discutir con tranfob@s y homofob@s da cansancio,homofobx,homofobxs
homofóbico,homofóbica,homofóbic@,homofóbicos,homofóbicas,homofóbic@s,sg,tweets,Lo Apruebo no te quita lo homofóbic@,homofóbicx,homofóbicxs
homófobo,homófoba,homófob@,homófobos,homófobas,homófob@s,pl,tweets,"¿Votas a VOX y vienes a calentarme la olla? Block! No acepto machist@s, misóginos, homófob@s, racistas, ni fascistas.",homófobx,homófobxs
hondureño,hondureña,hondureñ@,hondureños,hondureñas,hondureñ@s,pl,tweets,@CNNEE Excelente emprendimiento en hora buena hermanos Hondureñ@s,hondureñx,hondureñxs
honrado,honrada,honrad@,honrados,honradas,honrad@s,pl,tweets,@cintiabolio Insisto. Honrad@s nosotr@s que podemos verte y leerte. 💜✌🏼💚😈,honradx,honradxs
hortelano,hortelana,hortelan@,hortelanos,hortelanas,hortelan@s,pl,tweets,.@radio3_rne Convocamos a l@s hortelan@s de las palabras y las simientes. #AbrirLoMiradoRadio3 https://t.co/fuJAKjGWJQ,hortelanx,hortelanxs
hostelero,hostelera,hosteler@,hosteleros,hosteleras,hosteler@s,pl,tweets,"Feliz Santa Marta, patrona de cociner@s, hosteler@s, hospeder@s, del hogar...",hostelerx,hostelerxs
hoyo,hoya,hoy@,hoyos,hoyas,hoy@s,sg,tweets,DALE QUE ES HOY@,hoyx,hoyxs
hpto,hpta,hpt@,hptos,hptas,hpt@s,sg;pl,tweets,@SaprissaOficial Tomen Hpt@S 🎉🎉🎉🎉🎉🎉🎉🎉🎉🎉,hptx,hptxs
hueco,hueca,huec@,huecos,huecas,huec@s,sg;pl,tweets,Sigan alimentando sus egos con likes manga de huec@s.,huecx,huecxs
huellero,huellera,hueller@,huelleros,huelleras,hueller@s,pl,tweets,"Buenas tardes amig@s hueller@s, Hoy tocó volver con Luffy al traumatólogo y bueno, finalmente es inevitable tener que operarle de ambas caderas. Le cuesta andar, cojea y se queja, asi que el próximo jueves 6 pasará… https://t.co/x6A4h7raaB",huellerx,huellerxs
hueo,huea,hue@,hueos,hueas,hue@s,sg,tweets,@andresamengual Históricamente lo han hecho.🤣 Quiénes son los hue@#%&amp;?,huex,huexs
huevo,hueva,huev@,huevos,huevas,huev@s,sg;pl,tweets,en casa esta de huev@,huevx,huevxs
humano,humana,human@,humanos,humanas,human@s,sg;pl,tweets,Human@s! http://t.co/yC6hyaZMvU,humanx,humanxs
huérfano,huérfana,huérfan@,huérfanos,huérfanas,huérfan@s,pl,tweets,Dos huérfan@s más por #TerrorismoMachista. https://t.co/lVidzyd8bP,huérfanx,huérfanxs
ilicitano,ilicitana,ilicitan@,ilicitanos,ilicitanas,ilicitan@s,pl,tweets,Ilicitan@s ; hoy comienzan nuestras fiestas!!! 2012 ;),ilicitanx,ilicitanxs
iluminado,iluminada,iluminad@,iluminados,iluminadas,iluminad@s,sg;pl,tweets,Enamorad@ o iluminad@ 🤔🤔,iluminadx,iluminadxs
iluso,ilusa,ilus@,ilusos,ilusas,ilus@s,sg;pl,tweets,Ilus@s,ilusx,ilusxs
ilustrador,ilustradora,ilustrador@,ilustradores,ilustradoras,ilustrador@s,pl,both,#TrabajoSíHay Buscamos SEO en @RadNalCo e ilustrador@s. ¿Alguna recomendación?,ilustradorx,ilustradorxs
imputado,imputada,imputad@,imputados,imputadas,imputad@s,pl,tweets,AYUDA ¿Cuánt@s imputad@s tiene la UDI NAZI RETRO FACHA OPUS E INTOLERANTE?,imputadx,imputadxs
inadaptado,inadaptada,inadaptad@,inadaptados,inadaptadas,inadaptad@s,pl,tweets,"ya se que estoy más gordita, pero NO LES PEDÍ SU OPINIÓN inadaptad@s",inadaptadx,inadaptadxs
incauto,incauta,incaut@,incautos,incautas,incaut@s,pl,both,"@finacapacete 😂😂😂Muy buenos días Fina,claro hay que intentar aterrorizar a l@s incaut@s con el cuento chino .",incautx,incautxs
incomodo,incomoda,incomod@,incomodos,incomodas,incomod@s,sg,tweets,Uno de los peores feelings es sentirse incomod@,incomodx,incomodxs
incredulo,incredula,incredul@,incredulos,incredulas,incredul@s,pl,tweets,Che cuando les llegue el iphone q se ganaron tambien suban una foto con el celu en la mano incredul@s jaja,incredulx,incredulxs
incrédulo,incrédula,incrédul@,incrédulos,incrédulas,incrédul@s,pl,tweets,Incrédul@s do carallo. https://t.co/t4ByqMaU4M,incrédulx,incrédulxs
inculto,inculta,incult@,incultos,incultas,incult@s,sg;pl,tweets,Incult@s 😪 https://t.co/HjnXEC53Kl,incultx,incultxs
indefinido,indefinida,indefinid@,indefinidos,indefinidas,indefinid@s,pl,tweets,"#LeAtiendePrecariedad Porque necesitamos más indefinid@s, mejores condiciones, mejores salarios",indefinidx,indefinidxs
indicado,indicada,indicad@,indicados,indicadas,indicad@s,sg,tweets,@elkevinjaimes 🤧 ya llegará el/la indicad@,indicadx,indicadxs
indio,india,indi@,indios,indias,indi@s,sg;pl,tweets,O “indi@“ https://t.co/NKP9i3tvO7,indix,indixs
individuo,individua,individu@,individuos,individuas,individu@s,sg;pl,tweets,J.j. es un dictador cuando se apasiona con algún individu@#pilladara,individux,individuxs
inepto,inepta,inept@,ineptos,ineptas,inept@s,sg;pl,tweets,Adi@s inept@! https://t.co/c1M9nbcxnk,ineptx,ineptxs
infectado,infectada,infectad@,infectados,infectadas,infectad@s,pl,tweets,Cuant@s de nosotr@s estamos infectad@s y no lo sabemos por falta de un test ?,infectadx,infectadxs
infiltrado,infiltrada,infiltrad@,infiltrados,infiltradas,infiltrad@s,sg;pl,tweets,@janethdiaaz Hay un infiltrad@,infiltradx,infiltradxs
infoo,infoa,info@,infoos,infoas,info@s,sg,tweets,@asociapodcast Mail enviado a info@.. y premios@... Muchas gracias!,infox,infoxs
informático,informática,informátic@,informáticos,informáticas,informátic@s,sg;pl,tweets,Informátic@ de confianza #instalandointranet,informáticx,informáticxs
ingeniero,ingeniera,ingenier@,ingenieros,ingenieras,ingenier@s,sg;pl,tweets,@Joako00 Fet@ ingenier@ put@ 😊💅,ingenierx,ingenierxs
ingenuo,ingenua,ingenu@,ingenuos,ingenuas,ingenu@s,sg;pl,tweets,@_infoLibre Que ingenu@s!!!,ingenux,ingenuxs
ingrato,ingrata,ingrat@,ingratos,ingratas,ingrat@s,sg;pl,tweets,Ingrat@s no son mis amig@s.,ingratx,ingratxs
inmaduro,inmadura,inmadur@,inmaduros,inmaduras,inmadur@s,sg;pl,tweets,q inmadur@s xfa,inmadurx,inmadurxs
innovador,innovadora,innovador@,innovadores,innovadoras,innovador@s,pl,tweets,@SoVaMFiC @DocTiVi Se buscan médic@s innovador@s en la @SoVaMFiC Razón info@doctivi.com https://t.co/Jqwn8Ow6ZL,innovadorx,innovadorxs
inquilino,inquilina,inquilin@,inquilinos,inquilinas,inquilin@s,pl,tweets,@Grace29450091 @s En TOTAL COORDINACIÓN en EDIFICIO Y DEMÁS INQUILIN@S https://t.co/WexbnjC147,inquilinx,inquilinxs
inscrito,inscrita,inscrit@,inscritos,inscritas,inscrit@s,pl,tweets,@bechoch @ECarcasa Y los inscrit@s quieren q siga en el cargo,inscritx,inscritxs
insensato,insensata,insensat@,insensatos,insensatas,insensat@s,sg;pl,tweets,@justtosmileyou Insensat@s!!!,insensatx,insensatxs
insolidario,insolidaria,insolidari@,insolidarios,insolidarias,insolidari@s,pl,tweets,@a_p_fernandez En ello están a pesar de que hay vecin@s insolidari@s..,insolidarix,insolidarixs
instructor,instructora,instructor@,instructores,instructoras,instructor@s,pl,tweets,"Feliz Día Maestr@s, Profesor@s, Educador@s, Instructor@s y Mentor@s 👏👏👏",instructorx,instructorxs
intensito,intensita,intensit@,intensitos,intensitas,intensit@s,pl,tweets,Stop médic@s intensit@s,intensitx,intensitxs
interino,interina,interin@,interinos,interinas,interin@s,pl,tweets,"INTERIN@S CLM: Llamamiento telemático LENGUA, FÍSICA Y QUÍMICA, INGLÉS Y MATEMÁTICAS https://t.co/PBVLnT8YWC",interinx,interinxs
intermediario,intermediaria,intermediari@,intermediarios,intermediarias,intermediari@s,pl,tweets,@gabrielboric Firma la acusación. Nueva Constitución para Chile Sin intermediari@s.,intermediarix,intermediarixs
interno,interna,intern@,internos,internas,intern@s,sg;pl,tweets,EMPLEAD@ DE HOGAR INTERN@ https://t.co/Eqd8tibOrM,internx,internxs
intersado,intersada,intersad@,intersados,intersadas,intersad@s,sg;pl,tweets,"¿Algún intersad@, que tenga xbox o ps3 y me invite a jugar, en ser mi mejor amig@?",intersadx,intersadxs
interventor,interventora,interventor@,interventores,interventoras,interventor@s,pl,tweets,L@s interventor@s están para ayudarte. En caso de cualquier duda pregúntales. http://t.co/K7EXy7EAtE,interventorx,interventorxs
investigador,investigadora,investigador@,investigadores,investigadoras,investigador@s,sg;pl,tweets,¿Quieres ser un investigador@ por el agua? Explora RM te invita a un ciclo de talleres para proyecto de investigación https://t.co/OM0WlvVWBf,investigadorx,investigadorxs
invitado,invitada,invitad@,invitados,invitadas,invitad@s,sg;pl,both,¡ESTÁS INVITAD@! https://t.co/tmbOrogsPB,invitadx,invitadxs
invitao,invitaa,invita@,invitaos,invitaas,invita@s,pl,tweets,@OjedaaEmi tardeee ya tengo invita@s. 😂😂,invitax,invitaxs
invito,invita,invit@,invitos,invitas,invit@s,sg,tweets,"Pff quien entienda mi humor, lo invit@ a comer🤣🤣",invitx,invitxs
irrespetuoso,irrespetuosa,irrespetuos@,irrespetuosos,irrespetuosas,irrespetuos@s,sg;pl,tweets,Terrible de irrespetuos@ 😬😬 https://t.co/cBY5PNJmKw,irrespetuosx,irrespetuosxs
italiano,italiana,italian@,italianos,italianas,italian@s,pl,both,Italian@s * https://t.co/wT6T4OvVZO,italianx,italianxs
jabato,jabata,jabat@,jabatos,jabatas,jabat@s,pl,tweets,¡Buenas noticias jabat@s! Vuelve el rugby a Cuenca https://t.co/ArdlhmOvDD https://t.co/JjdO3yRI3e,jabatx,jabatxs
jan,jaña,jañ@,jañes,jañas,jañ@s,sg,tweets,NUNCA se cambia un amigo por el/la jañ@,jañx,jañxs
jardinero,jardinera,jardiner@,jardineros,jardineras,jardiner@s,sg;pl,tweets,"Buen lunes, cambio de profesión, me hago Jardiner@ de los K",jardinerx,jardinerxs
jerezano,jerezana,jerezan@,jerezanos,jerezanas,jerezan@s,pl,tweets,Que yo me entere ¿Que 9 jerezan@s vienen hoy a campobasso? =),jerezanx,jerezanxs
jevo,jeva,jev@,jevos,jevas,jev@s,sg;pl,tweets,Necesito un jev@ en mi vidaaaaaa,jevx,jevxs
jodido,jodida,jodid@,jodidos,jodidas,jodid@s,pl,tweets,@juliojcthc Jodid@s energúmen@s...,jodidx,jodidxs
jodio,jodia,jodi@,jodios,jodias,jodi@s,sg;pl,tweets,Jodi@ satélite,jodix,jodixs
jodo,joda,jod@,jodos,jodas,jod@s,sg;pl,tweets,@elperiodico No jod@s,jodx,jodxs
jornalero,jornalera,jornaler@,jornaleros,jornaleras,jornaler@s,pl,tweets,"Jornaler@s agrícolas: abusos, brechas y omisiones. Por: @Rimisp ► https://t.co/U81brXqp1X",jornalerx,jornalerxs
jotero,jotera,joter@,joteros,joteras,joter@s,pl,tweets,Jotas y Joter@s: Elena Izco https://t.co/AfjK3pj137,joterx,joterxs
joto,jota,jot@,jotos,jotas,jot@s,pl,tweets,Happy pride jot@s &lt;3,jotx,jotxs
joven,jóvena,jóven@,jóvenes,jóvenas,jóven@s,pl,tweets,#SemifinalLaAcademia arriba Dennis los jóven@s nicaragüense té apoyamos,jóvenx,jóvenxs
jovencito,jovencita,jovencit@,jovencitos,jovencitas,jovencit@s,pl,tweets,@DrinkingRunners Que jovencit@s 💚,jovencitx,jovencitxs
jovenzuelo,jovenzuela,jovenzuel@,jovenzuelos,jovenzuelas,jovenzuel@s,pl,tweets,Buenas noches jovenzuel@s que paseis bien la fiesta!,jovenzuelx,jovenzuelxs
juanito,juanita,juanit@,juanitos,juanitas,juanit@s,pl,tweets,"Juanes,Juanas, Juanit@s y Juanaz@s....Felicidades",juanitx,juanitxs
jubilado,jubilada,jubilad@,jubilados,jubiladas,jubilad@s,sg;pl,both,@Maritza_PrVz Disfruta cual jubilad@ https://t.co/IjclSxP2eP,jubiladx,jubiladxs
juez,jueza,juez@,juezes,juezas,juez@s,sg;pl,tweets,"@gallifantes Un sicari@ español@ con toga, es un sicar@, no un@ juez@.",juezx,juezxs
jugador,jugadora,jugador@,jugadores,jugadoras,jugador@s,sg;pl,both,@juandl84 Buen jugador@,jugadorx,jugadorxs
juliantino,juliantina,juliantin@,juliantinos,juliantinas,juliantin@s,sg;pl,tweets,@calleypocheoffi REACCIONANDO A JULIANTIN@! ❤ https://t.co/79HazalHDD,juliantinx,juliantinxs
junglero,junglera,jungler@,jungleros,jungleras,jungler@s,pl,tweets,#R4GToPaMi y pa mis jungler@s!!!!,junglerx,junglerxs
juntito,juntita,juntit@,juntitos,juntitas,juntit@s,pl,tweets,"Fav, si eres lo mío y vamos a estar juntit@s 😂😂💞",juntitx,juntitxs
jusapolero,jusapolera,jusapoler@,jusapoleros,jusapoleras,jusapoler@s,pl,tweets,"3.500 jusapoler@s en #7aAlicante por la #EquiparacionYa de la @policia y @guardiacivil, gracias a tod@s https://t.co/RFSuTIla0h",jusapolerx,jusapolerxs
justiciero,justiciera,justicier@,justicieros,justicieras,justicier@s,pl,tweets,Ser justicier@s en estos tiempos es de gran valor.,justicierx,justicierxs
juzgado,juzgada,juzgad@,juzgados,juzgadas,juzgad@s,pl,tweets,"@UnLibraClemente En este país l@s jueces no son juzgad@s, suficiente para se crean dioses...",juzgadx,juzgadxs
karolisto,karolista,karolist@,karolistos,karolistas,karolist@s,sg;pl,tweets,@karolsevilla Stalkeando karolist@s,karolistx,karolistxs
kerido,kerida,kerid@,keridos,keridas,kerid@s,pl,tweets,"Esto d la dieta no sera facil, con mis kerid@s amig@s pasandome la comida x enfrente!! #Fail",keridx,keridxs
killo,killa,kill@,killos,killas,kill@s,pl,tweets,Miércoles....A los bs días kill@s,killx,killxs
kinesiólogo,kinesióloga,kinesiólog@,kinesiólogos,kinesiólogas,kinesiólog@s,pl,tweets,Muy feliz día a tod@s nuestros amig@s kinesiólog@s. #GymBuenaOnda👍 en MegaForce GymCenter https://t.co/M8hNpktySv,kinesiólogx,kinesiólogxs
kompañero,kompañera,kompañer@,kompañeros,kompañeras,kompañer@s,pl,tweets,Buen día Kompañer@s. Difundamos para que tenga efectividad. https://t.co/ZKNk9uARxD,kompañerx,kompañerxs
lacayo,lacaya,lacay@,lacayos,lacayas,lacay@s,pl,tweets,@LuisFigo Pero sí LACAY@S CORRUPPTOS 🐷,lacayx,lacayxs
ladrón,ladrona,ladron@,ladrones,ladronas,ladron@s,pl,tweets,Votar a ladron@s es ser cómplice.,ladronx,ladronxs
lagarto,lagarta,lagart@,lagartos,lagartas,lagart@s,pl,tweets,"ya me copiaron el tomate un té, q lagart@s son lpm",lagartx,lagartxs
lagunero,lagunera,laguner@,laguneros,laguneras,laguner@s,pl,tweets,@marianalbagm Yo también. Extraño en demasía a mis Laguner@s,lagunerx,lagunerxs
laico,laica,laic@,laicos,laicas,laic@s,pl,tweets,Mañana se podrá seguir el I Encuentro de Laic@s en misión compartida con el hashtag #JuntosSomosMas Todos los participantes tuiteando!!,laicx,laicxs
lalito,lalita,lalit@,lalitos,lalitas,lalit@s,pl,tweets,Por que alguno lalit@s le echan mierda a Emília ? 🤔,lalitx,lalitxs
latino,latina,latin@,latinos,latinas,latin@s,sg;pl,tweets,RT IF YOU’RE A PROUD LATIN@,latinx,latinxs
latinoamericano,latinoamericana,latinoamerican@,latinoamericanos,latinoamericanas,latinoamerican@s,pl,tweets,Por más 1-2 (y si se puede 3) de latinoamerican@s en #Rio2016 😉 https://t.co/FeGNni2nRA,latinoamericanx,latinoamericanxs
lector,lectora,lector@,lectores,lectoras,lector@s,sg;pl,tweets,@marydes12 seamos como chávez grandes lector@s #UnMinutoParaElLibro,lectorx,lectorxs
legislador,legisladora,legislador@,legisladores,legisladoras,legislador@s,pl,tweets,"XXX CONFERENCIA DE LEGISLADOR@S FRONTERIZ@S, ESTADO ANFITRIÓN :COAHUILA.",legisladorx,legisladorxs
lelo,lela,lel@,lelos,lelas,lel@s,pl,tweets,@salvameoficial Hacían vidas.. conjuntamente y para-lel@s https://t.co/ErVYE6APqc,lelx,lelxs
lento,lenta,lent@,lentos,lentas,lent@s,pl,tweets,"Como me estresa que sean lent@s meu, bahh",lentx,lentxs
leonés,leonesa,leones@,leoneses,leonesas,leones@s,pl,tweets,Feliz día del libro a todos los leones@s #LeonSinCastilla https://t.co/SgplReZww9,leonesx,leonesxs
leproso,leprosa,lepros@,leprosos,leprosas,lepros@s,pl,tweets,Buen día Lepros@s,leprosx,leprosxs
lerdo,lerda,lerd@,lerdos,lerdas,lerd@s,sg;pl,tweets,@LaMarcelarienne Lerd@,lerdx,lerdxs
lesionado,lesionada,lesionad@,lesionados,lesionadas,lesionad@s,pl,tweets,Mucha suerte a l@s guerrer@s y a recuperarse Marina(CFA) y el resto de l@s lesionad@s,lesionadx,lesionadxs
letrado,letrada,letrad@,letrados,letradas,letrad@s,sg;pl,tweets,¡Letrad@! ¡Postula a delegado de Letradas! https://t.co/5x8GJM34Md https://t.co/a8g3krYV0g,letradx,letradxs
león,leona,leon@,leones,leonas,leon@s,pl,tweets,"Que ganas de ver jugar a las leon@s, necesito",leonx,leonxs
liberado,liberada,liberad@,liberados,liberadas,liberad@s,pl,tweets,¿ALGUIEN ME PUEDE DECIR CUÁNT@S LIBERAD@S TIENE CADA SINDICATO DE #SOSPRISIONES?,liberadx,liberadxs
libertario,libertaria,libertari@,libertarios,libertarias,libertari@s,pl,tweets,@IgorAhedo Y algunos libertari@s de toda la vida estamos descubriendo nuestra vena estalinista (y no es bonita ni cómoda de mirar).,libertarix,libertarixs
libertino,libertina,libertin@,libertinos,libertinas,libertin@s,pl,tweets,Booooon día libertin@s ♠️ @CHICASDELPISITO @EroAwardBoys @evitadelunabcn @ConradSonX @Yelenavera1 @AmandaMayoX @ https://t.co/KWa1cQ1KQM,libertinx,libertinxs
librero,librera,librer@,libreros,libreras,librer@s,sg;pl,tweets,de Paco Hernández de profesión librer@ https://t.co/oAy2nlOHtO,librerx,librerxs
licenciado,licenciada,licenciad@,licenciados,licenciadas,licenciad@s,sg;pl,tweets,@cuquita_eguez Licenciad@...?,licenciadx,licenciadxs
limoncito,limoncita,limoncit@,limoncitos,limoncitas,limoncit@s,pl,tweets,😏😏😏😏😏 es así o no Limoncit@s? 🤭 https://t.co/Y3sW0kvZJl,limoncitx,limoncitxs
limpiador,limpiadora,limpiador@,limpiadores,limpiadoras,limpiador@s,pl,tweets,"@ElAbu__ 😂😂😂😂solo te quedan l@s limpiador@s de T5 , bien por ti 👏👏👏",limpiadorx,limpiadorxs
lino,lina,lin@,linos,linas,lin@s,pl,tweets,Buenas nocheees 😘 que descansen lin@s ❤️,linx,linxs
listillo,listilla,listill@,listillos,listillas,listill@s,sg;pl,tweets,@Srcheeto Muchos listill@s siguen sin enterarse,listillx,listillxs
listisimo,listisima,listisim@,listisimos,listisimas,listisim@s,pl,tweets,#Faltan2Dias #Princesa VIDEO @RioRomamx FT @CNCOmusic estamos listisim@s 😍 https://t.co/zIzfT98KqP,listisimx,listisimxs
listo,lista,list@,listos,listas,list@s,pl,tweets,"@montsecm0607 Prepad@s, list@s yyyyyyyy ya😁🤗que nerviossssss🤪😬",listx,listxs
llegado,llegada,llegad@,llegados,llegadas,llegad@s,pl,tweets,Recién llegad@s a Sevilla!!!! #cnt #wp http://t.co/dv9QdcaZAF,llegadx,llegadxs
lleno,llena,llen@,llenos,llenas,llen@s,sg,tweets,Llen@ de fals@s Ja! 🤢,llenx,llenxs
llorón,llorona,lloron@,llorones,lloronas,lloron@s,pl,tweets,Pues lloron@s tod@s!!! 😭😭😭🤡🤡🤡,lloronx,lloronxs
lobito,lobita,lobit@,lobitos,lobitas,lobit@s,pl,tweets,Buenos días Lobit@s ¡¡ Que levanten la mano los que RECUERDEN las fechas de cumpleaños de:,lobitx,lobitxs
lobo,loba,lob@,lobos,lobas,lob@s,sg;pl,tweets,Much@ 🐑 con piel de lob@,lobx,lobxs
locatario,locataria,locatari@,locatarios,locatarias,locatari@s,pl,tweets,"La Sra. Himelda es una de las 270 locatari@s del Mercado Izcalli, está dispuesta a que #CaminemosJuntos por #Neza. http://t.co/S1qzhbdM0D",locatarix,locatarixs
loco,loca,loc@,locos,locas,loc@s,sg;pl,tweets,Loc@* https://t.co/0aMPVNEkQf,locx,locxs
locutor,locutora,locutor@,locutores,locutoras,locutor@s,pl,tweets,Felicidades a tod@s l@s locutor@s en su día !!!!,locutorx,locutorxs
lokito,lokita,lokit@,lokitos,lokitas,lokit@s,sg,bluesky,AQUÍ ESTOY PARA LO QUE HAGA FALTA! Y SI ERES UN LOKIT@… PARA LO QUE NECESITES!!!,lokitx,lokitxs
loko,loka,lok@,lokos,lokas,lok@s,sg;pl,tweets,Como llueve lok@😧,lokx,lokxs
loquillo,loquilla,loquill@,loquillos,loquillas,loquill@s,pl,tweets,Loquill@s https://t.co/OQnjhHbYml,loquillx,loquillxs
loquito,loquita,loquit@,loquitos,loquitas,loquit@s,sg;pl,tweets,Loquit@s 🤣,loquitx,loquitxs
loro,lora,lor@,loros,loras,lor@s,sg;pl,tweets,Ni cabida con los lor@s,lorx,lorxs
lorquino,lorquina,lorquin@,lorquinos,lorquinas,lorquin@s,pl,tweets,Un abrazo a todos los lorquin@s desde los #CaballosdelVino La peña Al-Bino no os olvida http://t.co/TGa2yJM6,lorquinx,lorquinxs
los,losa,los@,loses,losas,los@s,sg,tweets,@unhelado Bibam los@ nobios,losx,losxs
lpmo,lpma,lpm@,lpmos,lpmas,lpm@s,sg,tweets,GANARON LPM@,lpmx,lpmxs
lucerino,lucerina,lucerin@,lucerinos,lucerinas,lucerin@s,sg;pl,tweets,Lucerin@s be like: https://t.co/8M0Kpdcr1N,lucerinx,lucerinxs
luchador,luchadora,luchador@,luchadores,luchadoras,luchador@s,pl,tweets,"Buenos días, luchador@s !!! http://t.co/hHFxQ7Gm7z",luchadorx,luchadorxs
líder,lidera,lider@,lideres,lideras,lider@s,pl,tweets,@sjfb99 Lider@s por favor.,liderx,liderxs
líneo,línea,line@,líneos,líneas,line@s,sg,tweets,@macitae16 Bikin line@ wkwk,linex,linexs
macho,macha,mach@,machos,machas,mach@s,sg,tweets,Mach@ el perrit@ https://t.co/7YWAD3UCSe,machx,machxs
mado,mada,mad@,mados,madas,mad@s,sg,tweets,@lopezdoriga Tu vas y chingas a tu mad@#$,madx,madxs
madrileño,madrileña,madrileñ@,madrileños,madrileñas,madrileñ@s,sg;pl,both,Madrileñ@ sin cartilla. https://t.co/xoFpXoKa7j,madrileñx,madrileñxs
madrugador,madrugadora,madrugador@,madrugadores,madrugadoras,madrugador@s,pl,tweets,"Buenos días, madrugador@s .",madrugadorx,madrugadorxs
madurito,madurita,madurit@,maduritos,maduritas,madurit@s,pl,tweets,A los que les gustan los madurit@s siii https://t.co/tlPG1kXS4e,maduritx,maduritxs
maduro,madura,madur@,maduros,maduras,madur@s,sg,tweets,No te creas más Madur@ solo por ser mayor Mmgvo,madurx,madurxs
maesto,maesta,maest@,maestos,maestas,maest@s,pl,tweets,Felicidades a todos mis amig@s maest@s ... Ojalá nunca les toque un alumno como yo 😬,maestx,maestxs
maestro,maestra,maestr@,maestros,maestras,maestr@s,sg;pl,both,@lolacienfuegos Maestr@ del tw.,maestrx,maestrxs
mafioso,mafiosa,mafios@,mafiosos,mafiosas,mafios@s,pl,tweets,@EnydaGhoul @sucxbus @KaithorWoW hay que trabajar enjia. necesitamos más sectari@s y mafios@s,mafiosx,mafiosxs
magistrado,magistrada,magistrad@,magistrados,magistradas,magistrad@s,sg;pl,tweets,Recomendada esta columna de @ehoyosce sobre la elección del próxim@ magistrad@ de la @CConstitucional https://t.co/ld2B8jXB0F,magistradx,magistradxs
mago,maga,mag@,magos,magas,mag@s,sg;pl,tweets,SIEMPRE GRACIAS MIS MAG@S 🤘🥳🤘 https://t.co/Xi4tgkCEGL,magx,magxs
maigo,maiga,maig@,maigos,maigas,maig@s,pl,tweets,Maig@s https://t.co/QpVTJJnSlY,maigx,maigxs
maipucino,maipucina,maipucin@,maipucinos,maipucinas,maipucin@s,pl,tweets,"Maipucin@s, háganos un favor y no voten por ella🙏🙏 https://t.co/z8HXa8quiE",maipucinx,maipucinxs
majo,maja,maj@,majos,majas,maj@s,sg;pl,tweets,Buenos días maj@s,majx,majxs
malagradecido,malagradecida,malagradecid@,malagradecidos,malagradecidas,malagradecid@s,sg;pl,tweets,Nada peor que un malagradecid@,malagradecidx,malagradecidxs
malagueño,malagueña,malagueñ@,malagueños,malagueñas,malagueñ@s,sg;pl,tweets,Un abrazo a todos l@s malagueñ@s. Ánimo y cuidaros todos. Sois la hostia.,malagueñx,malagueñxs
malandro,malandra,malandr@,malandros,malandras,malandr@s,sg;pl,tweets,@DelmiroDeBarrio Pur@s Malandr@s,malandrx,malandrxs
maldito,maldita,maldit@,malditos,malditas,maldit@s,pl,tweets,Maldit@s https://t.co/OGwyYHYHmk,malditx,malditxs
maleducado,maleducada,maleducad@,maleducados,maleducadas,maleducad@s,sg;pl,tweets,Sos muy maleducad@..,maleducadx,maleducadxs
malito,malita,malit@,malitos,malitas,malit@s,pl,tweets,@MycaGS Malit@s,malitx,malitxs
malnacido,malnacida,malnacid@,malnacidos,malnacidas,malnacid@s,sg;pl,tweets,@ivielira @yorch_one Otro malnacid@!,malnacidx,malnacidxs
malo,mala,mal@,malos,malas,mal@s,sg,tweets,Después uno es el mal@.,malx,malxs
malparido,malparida,malparid@,malparidos,malparidas,malparid@s,sg;pl,tweets,@essantofan ¡Malparid@s! 😡😠😖,malparidx,malparidxs
malpensado,malpensada,malpensad@,malpensados,malpensadas,malpensad@s,pl,tweets,- PTM - Portugal The Man. Malpensad@s.,malpensadx,malpensadxs
maltratador,maltratadora,maltratador@,maltratadores,maltratadoras,maltratador@s,pl,tweets,"y maltratan l@s maltratador@s, exactamente. https://t.co/PsWgoXFFsz",maltratadorx,maltratadorxs
malulero,malulera,maluler@,maluleros,maluleras,maluler@s,pl,tweets,Buenísimas noches y felicidades maluler@s.,malulerx,malulerxs
malvado,malvada,malvad@,malvados,malvadas,malvad@s,pl,tweets,Buenos Diias Malvad@s! Jijiji,malvadx,malvadxs
mamabicho,mamabicha,mamabich@,mamabichos,mamabichas,mamabich@s,sg,tweets,Mamate un bicho mamabich@,mamabichx,mamabichxs
mamado,mamada,mamad@,mamados,mamadas,mamad@s,sg;pl,tweets,@ferbelaunzaran Ya la mamad@,mamadx,mamadxs
mamador,mamadora,mamador@,mamadores,mamadoras,mamador@s,sg;pl,tweets,Más mamador@ no se puede,mamadorx,mamadorxs
mamaguevo,mamagueva,mamaguev@,mamaguevos,mamaguevas,mamaguev@s,sg,tweets,Mamaguev@ https://t.co/M12lSENS0f,mamaguevx,mamaguevxs
mamarracho,mamarracha,mamarrach@,mamarrachos,mamarrachas,mamarrach@s,sg;pl,tweets,Mamarrach@s.,mamarrachx,mamarrachxs
mamerto,mamerta,mamert@,mamertos,mamertas,mamert@s,sg;pl,tweets,@ArgiroCasta58 MAMERT@S PEREZOS@S,mamertx,mamertxs
mamón,mamona,mamon@,mamones,mamonas,mamon@s,sg;pl,tweets,eso mamon@!,mamonx,mamonxs
manchego,manchega,mancheg@,manchegos,manchegas,mancheg@s,pl,tweets,Felices Pascuas Mancheg@s!!,manchegx,manchegxs
mandalo,mandala,mandal@,mandalos,mandalas,mandal@s,sg,tweets,@CesyHv mandal@ a la gaver!!,mandalx,mandalxs
mandatario,mandataria,mandatari@,mandatarios,mandatarias,mandatari@s,sg,tweets,"@abc_es El + grande ""pinoc$o"" de l@s actuales mandatari@$ de este pais, detras de èl el resto...o sea en plural = ""pinoc$os"".!!",mandatarix,mandatarixs
manipulador,manipuladora,manipulador@,manipuladores,manipuladoras,manipulador@s,pl,tweets,@lahippii @ghoficial Ellos mismo se quedan retratados 🤷🏼‍♀️ son tan manipulador@s,manipuladorx,manipuladorxs
manisero,manisera,maniser@,maniseros,maniseras,maniser@s,pl,tweets,Muy buenos días Maniser@s. Feliz [do youbi] pequeñ@s saltamontes.🇯🇵😍 https://t.co/ZTwtup6ahP,maniserx,maniserxs
manito,manita,manit@,manitos,manitas,manit@s,sg;pl,tweets,Manit@ PALTEAS.,manitx,manitxs
maniático,maniática,maniatic@,maniáticos,maniáticas,maniatic@s,pl,bluesky,"Bienvenid@s maniatic@s de los libros, hoy hace 126 años del nacimiento de C. S. Lewis (_PHONE_) poeta y académico irlandés, nos inspiró con mundos mágicos en Las Crónicas de Narnia y profundas reflexiones en Mero Cristianismo. #libros #efeméridesliterarias",maniaticx,maniaticxs
mano,mana,man@,manos,manas,man@s,sg;pl,tweets,@PARKFTMIMI Hello man@!,manx,manxs
manolero,manolera,manoler@,manoleros,manoleras,manoler@s,sg;pl,tweets,@manologarcia_c Grande Maestro. ..❤❤❤❤ una manoler@ andaluza !!!!,manolerx,manolerxs
mantenido,mantenida,mantenid@,mantenidos,mantenidas,mantenid@s,sg,tweets,Ser mantenid@ es muy duro💔,mantenidx,mantenidxs
manudo,manuda,manud@,manudos,manudas,manud@s,pl,tweets,Manud@s sigan a @ADEUCEMAlajuela ❤🖤👌🏻,manudx,manudxs
maníaco,maníaca,maniac@,maníacos,maníacas,maniac@s,pl,tweets,Buenas noches maniac@s...,maniacx,maniacxs
maquillador,maquilladora,maquillador@,maquilladores,maquilladoras,maquillador@s,pl,tweets,si se hacen llamar maquillador@s mínimo aprendan a aplicar sombras por favor 😭,maquilladorx,maquilladorxs
maracucho,maracucha,maracuch@,maracuchos,maracuchas,maracuch@s,pl,tweets,Odio a los maracuch@s hoy.,maracuchx,maracuchxs
marcelo,marcela,marcel@,marcelos,marcelas,marcel@s,sg,tweets,@SimnTolomeo2 ¿Y Marcel@ Ebrard queda fuera?,marcelx,marcelxs
marditico,marditica,marditic@,marditicos,marditicas,marditic@s,pl,tweets,☺Cita y responde Marditic@s☺ ¿Nike o Adidas?,marditicx,marditicxs
mardito,mardita,mardit@,marditos,marditas,mardit@s,sg,tweets,Mardit@ https://t.co/lTrGeApkfx,marditx,marditxs
marico,marica,maric@,maricos,maricas,maric@s,sg;pl,tweets,@Gateau2008 Es un maric@,maricx,maricxs
marido,marida,marid@,maridos,maridas,marid@s,sg,tweets,@BVBrandt_ La MARID@ !!!!!,maridx,maridxs
marinero,marinera,mariner@,marineros,marineras,mariner@s,pl,tweets,Buenos días..... mariner@s. https://t.co/9alZoPnJBU,marinerx,marinerxs
marino,marina,marin@,marinos,marinas,marin@s,pl,tweets,"Os esperamos a partir de mañana en #pieldeatun #cadiz. Una treintena de investigador@s marin@s nos ofrecen ciencia de primer nivel, con @univcadiz y @Divulga_UCA https://t.co/SSi4vIO5xY",marinx,marinxs
mario,maria,mari@,marios,marias,mari@s,sg,tweets,@harryelsocio Mari@,marix,marixs
marketero,marketera,marketer@,marketeros,marketeras,marketer@s,sg;pl,tweets,Bona nit marketer@s!!! #MasterMarketingUdL https://t.co/qWV4rWO2JD,marketerx,marketerxs
marqués,marquesa,marques@,marqueses,marquesas,marques@s,pl,bluesky,"Si Esperanza Aguirre pudo hacerlo y no le pasó nada… ¿porque no van a poder hacerlo los demás, aunque no sean marques@s ni del PP?",marquesx,marquesxs
marrano,marrana,marran@,marranos,marranas,marran@s,sg;pl,tweets,@MuySuFrida Marran@s y su chiquero?,marranx,marranxs
marujo,maruja,maruj@,marujos,marujas,maruj@s,pl,tweets,@Supervivientes Cómo maruj@s,marujx,marujxs
mas,masa,mas@,mases,masas,mas@s,sg,tweets,No aprendo mas@,masx,masxs
matemático,matemática,matemátic@,matemáticos,matemáticas,matemátic@s,sg;pl,tweets,"No pido matemátic@s, donde estáis?! 🤦‍♂️ https://t.co/L0P6rsr0z3",matemáticx,matemáticxs
mayorcito,mayorcita,mayorcit@,mayorcitos,mayorcitas,mayorcit@s,pl,tweets,conmigo las tonterias las justas. que ya somos mayorcit@s,mayorcitx,mayorcitxs
mechón,mechona,mechon@,mechones,mechonas,mechon@s,pl,tweets,¡Mechon@s! Hasta hoy pueden subir la foto para su TUI 📸 https://t.co/Qp4V3t5hdE,mechonx,mechonxs
meco,meca,mec@,mecos,mecas,mec@s,sg;pl,tweets,@LoreGrilloJ 90% put@$ y mec@$,mecx,mecxs
mediador,mediadora,mediador@,mediadores,mediadoras,mediador@s,pl,tweets,"5 años con la Gymakana Mediador@s educativ@s, estamos preparados y listos https://t.co/DbwBUl7i4Q",mediadorx,mediadorxs
medio,media,medi@,medios,medias,medi@s,sg,tweets,"_ Yo soy tu media naranja _ No, eres medi@ pendej@",medix,medixs
mellizo,melliza,melliz@,mellizos,mellizas,melliz@s,pl,tweets,@mariana1llopis Como l@s melliz@s y l@s gemel@s!!!!,mellizx,mellizxs
memo,mema,mem@,memos,memas,mem@s,pl,tweets,@ales_rm @uwumecha A mi me toca mucho los cojones toda esta panda de mem@s,memx,memxs
mención,menciona,mencion@,menciones,mencionas,mencion@s,sg,tweets,Mencion@ a tu amig@ para que te resuelva esta duda 😀 https://t.co/KLpquWG0yn,mencionx,mencionxs
mendocino,mendocina,mendocin@,mendocinos,mendocinas,mendocin@s,pl,tweets,Situación sentimental: Dejando de seguir mendocin@s.,mendocinx,mendocinxs
menso,mensa,mens@,mensos,mensas,mens@s,sg;pl,tweets,"""tas mens@"" xd",mensx,mensxs
mentecato,mentecata,mentecat@,mentecatos,mentecatas,mentecat@s,pl,tweets,"@71Anubis @pnique También hay mentecates, mentecat@s y mentecatxs.",mentecatx,mentecatxs
mentiroso,mentirosa,mentiros@,mentirosos,mentirosas,mentiros@s,sg;pl,tweets,Jajaja si eres bien mentiros@,mentirosx,mentirosxs
mentor,mentora,mentor@,mentores,mentoras,mentor@s,pl,tweets,"Feliz Día Maestr@s, Profesor@s, Educador@s, Instructor@s y Mentor@s 👏👏👏",mentorx,mentorxs
menudo,menuda,menud@,menudos,menudas,menud@s,sg;pl,tweets,Menud@ conveniencias,menudx,menudxs
mercenario,mercenaria,mercenari@,mercenarios,mercenarias,mercenari@s,pl,tweets,@Agus_Martinez58 Yo los llamaría mercenari@s.,mercenarix,mercenarixs
mermo,merma,merm@,mermos,mermas,merm@s,sg,tweets,La Web de verificación de la merm@ https://t.co/MdcG4ZQQ9r,mermx,mermxs
mesero,mesera,meser@,meseros,meseras,meser@s,sg;pl,tweets,TRABAJO: MESER@ AREA GUAYNABO !,meserx,meserxs
mesmo,mesma,mesm@,mesmos,mesmas,mesm@s,pl,tweets,74/365. “A valentía máis grande está en ser nós mesm@s: orixinais e únic@s” #BoaNoite https://t.co/XAQvWM81C1,mesmx,mesmxs
mestizo,mestiza,mestiz@,mestizos,mestizas,mestiz@s,pl,tweets,Y ustedes cuándo se dieron cuenta de que eran mestiz@s?,mestizx,mestizxs
metalero,metalera,metaler@,metaleros,metaleras,metaler@s,pl,tweets,¡Stream on metaler@s! Seguimos quemando el ladder y jugando las top tier. Recordad que a las 19:00 migramos a @streamlootsES para seguir dando caña ¡Pasad a saludar! https://t.co/xkHYGlVm4E https://t.co/pqMMSFWhFT,metalerx,metalerxs
metido,metida,metid@,metidos,metidas,metid@s,pl,tweets,Que bronca los metid@s,metidx,metidxs
mexicano,mexicana,mexican@,mexicanos,mexicanas,mexican@s,sg;pl,tweets,La neta que orgullo ser mexican@ ♥️🇲🇽,mexicanx,mexicanxs
micho,micha,mich@,michos,michas,mich@s,pl,tweets,@automx03 Mich@s con insomnio,michx,michxs
microempresario,microempresaria,microempresari@,microempresarios,microempresarias,microempresari@s,pl,tweets,Felices los microempresari@s beneficiarios del Programa FNDR de Apoyo a la Mipe @gob_sanantonio @SeremiEconomia http://t.co/uPe8L0JStL,microempresarix,microempresarixs
miedo,mieda,mied@,miedos,miedas,mied@s,sg,tweets,"@diegoleuco @alferdez Que pena, La prosa es una lastima, los versos una mied@.",miedx,miedxs
miembro,miembra,miembr@,miembros,miembras,miembr@s,sg;pl,tweets,"@jemayfe Y dicen que es “miembr@“ de club sofista, Bildelberg.",miembrx,miembrxs
mieo,miea,mie@,mieos,mieas,mie@s,sg,tweets,@AFP Pedofilo de mie@&amp;€da,miex,miexs
mier,miera,mier@,mieres,mieras,mier@s,sg,tweets,Noche de mier@#_,mierx,mierxs
migo,miga,mig@,migos,migas,mig@s,pl,tweets,Menos mal que les llama “mis mig@s” #fail,migx,migxs
mijeño,mijeña,mijeñ@,mijeños,mijeñas,mijeñ@s,pl,bluesky,"👎 ANA MATA Y SUS SOCIOS GASTAN CERCA DE 300.000 EUROS SIN CONTRATO Y SIN PRESUPUESTO Ayer, en el pleno del Ayuntamiento de #Mijas, dieron luz verde al pago de estas facturas que la propia Intervención define como ""ajeno a la legalidad"". Dinero de todos los mijeñ@s repartido arbitrariamente.",mijeñx,mijeñxs
mijito,mijita,mijit@,mijitos,mijitas,mijit@s,sg;pl,tweets,@ANadiekjah Gracias Mijit@ Ric@,mijitx,mijitxs
mijo,mija,mij@,mijos,mijas,mij@s,sg;pl,tweets,Soslikes mij@!!,mijx,mijxs
milenario,milenaria,milenari@,milenarios,milenarias,milenari@s,pl,tweets,"#MilenioLive Vamossss, empezamos, Milenari@s. https://t.co/zwH6YbPxX0",milenarix,milenarixs
miliciano,miliciana,milician@,milicianos,milicianas,milician@s,pl,tweets,@ADI411CATIA Orgulloso de mis Milician@s #LealesSiempreTraidoresNunca,milicianx,milicianxs
millonario,millonaria,millonari@,millonarios,millonarias,millonari@s,sg;pl,tweets,"Si tenes salud, sos millonari@!!!",millonarix,millonarixs
minero,minera,miner@,mineros,mineras,miner@s,pl,tweets,AsÍ viven l@s miner@s de ORO https://t.co/NSggxOpLs2,minerx,minerxs
minino,minina,minin@,mininos,mininas,minin@s,sg,tweets,Un día menos para que me den a minin@ ☺️,mininx,mininxs
ministro,ministra,ministr@,ministros,ministras,ministr@s,sg;pl,both,Donde vas sin ministr@s... https://t.co/SyrFQVy7qM,ministrx,ministrxs
mis,misa,mis@,mises,misas,mis@s,sg,tweets,Se tu mis@ y déjate de ser como quieren que seas anda,misx,misxs
misionero,misionera,misioner@,misioneros,misioneras,misioner@s,pl,tweets,⚠️ Atención misioner@s varad@s en Buenos Aires ⚠️ 👇 https://t.co/DJWWgLyUZf,misionerx,misionerxs
misniño,misniña,misniñ@,misniños,misniñas,misniñ@s,pl,tweets,@aloap33 @nanita_12_niram @MartaaNB @SergioUP19 @JesusPJ_ Como os quiero misniñ@s!!,misniñx,misniñxs
misógino,misógina,misógin@,misóginos,misóginas,misógin@s,pl,tweets,"Nos socializan para ser misógin@s, racistas, clasistas y no está bien.",misóginx,misóginxs
mmgvo,mmgva,mmgv@,mmgvos,mmgvas,mmgv@s,sg;pl,tweets,Hola mmgv@s👌.,mmgvx,mmgvxs
mochilero,mochilera,mochiler@,mochileros,mochileras,mochiler@s,pl,both,Arriba mochiler@s‼️🤟 https://t.co/3jRxuchISB,mochilerx,mochilerxs
mocoso,mocosa,mocos@,mocosos,mocosas,mocos@s,pl,tweets,BN #Mocos@s,mocosx,mocosxs
modelito,modelita,modelit@,modelitos,modelitas,modelit@s,pl,tweets,Se Requieren Modelit@s para Desfile Benéfico Pedrito Quintanilla,modelitx,modelitxs
modelo,modela,model@,modelos,modelas,model@s,sg;pl,tweets,Necesito un/una model@ para hacerle fotos 🥺,modelx,modelxs
moderador,moderadora,moderador@,moderadores,moderadoras,moderador@s,pl,tweets,"@laSextaTV L@s moderador@s, pésimos, solo hablan los fachorros y a Iglesias lo cortan",moderadorx,moderadorxs
moderno,moderna,modern@,modernos,modernas,modern@s,sg,tweets,Odio eterno al pij@ modern@ https://t.co/3cnJJaFbMT,modernx,modernxs
mogólico,mogólica,mogolic@,mogólicos,mogólicas,mogolic@s,sg;pl,tweets,@watafactt Mogolic@,mogolicx,mogolicxs
mojigato,mojigata,mojigat@,mojigatos,mojigatas,mojigat@s,pl,tweets,Barranquilla esta llena de mojigat@s,mojigatx,mojigatxs
molesto,molesta,molest@,molestos,molestas,molest@s,sg,tweets,TE AMO JAJA ASI ESTES MOLEST@ jaja,molestx,molestxs
mondo,monda,mond@,mondos,mondas,mond@s,sg,tweets,#Ajax pero que mond@....,mondx,mondxs
mongol,mongola,mongol@,mongoles,mongolas,mongol@s,sg;pl,tweets,@Ivaningrado Cuadrilla de mongol@s,mongolx,mongolxs
mongólico,mongólica,mongolic@,mongólicos,mongólicas,mongolic@s,sg,tweets,@EGiovv100 Guampa tem us pai d mongolic@ que boto isso,mongolicx,mongolicxs
monito,monita,monit@,monitos,monitas,monit@s,pl,tweets,Buenos días monit@s loc@s uwu 💕 https://t.co/KNYAZG5Qgk,monitx,monitxs
monitor,monitora,monitor@,monitores,monitoras,monitor@s,sg;pl,tweets,me pido dormir con un@ monitor@.,monitorx,monitorxs
mono,mona,mon@,monos,monas,mon@s,sg;pl,tweets,Mon@ pu sa mère,monx,monxs
monstruo,monstrua,monstru@,monstruos,monstruas,monstru@s,pl,tweets,HABLANDO DE MONSTRU@S !!! https://t.co/ovDmErfZqb,monstrux,monstruxs
montillano,montillana,montillan@,montillanos,montillanas,montillan@s,pl,tweets,Ciudadan@s Montillan@s: COMUNICADO PSOE-A DE MONTILLA http://t.co/5wlBvcw4gX,montillanx,montillanxs
monárquico,monárquica,monárquic@,monárquicos,monárquicas,monárquic@s,pl,tweets,"Humillar al rey dicen los monárquic@s, os parece poco la humillación que el emérito hace a los español@s!!!",monárquicx,monárquicxs
morado,morada,morad@,morados,moradas,morad@s,pl,tweets,"Ya pueden aflojar el ano, morad@s.",moradx,moradxs
morbosillo,morbosilla,morbosill@,morbosillos,morbosillas,morbosill@s,pl,tweets,Buenos días morbosill@s 😏 Habéis desayunado ❓😋😈 https://t.co/XSIdOjm53j,morbosillx,morbosillxs
morboso,morbosa,morbos@,morbosos,morbosas,morbos@s,pl,tweets,"Buen día, morbos@s.",morbosx,morbosxs
morenito,morenita,morenit@,morenitos,morenitas,morenit@s,sg,tweets,Con colochitos y morenit@🥺 https://t.co/jdI3ktsf0B,morenitx,morenitxs
moreno,morena,moren@,morenos,morenas,moren@s,sg;pl,tweets,RT: moren@s FAV: rubi@s,morenx,morenxs
morocho,morocha,moroch@,morochos,morochas,moroch@s,sg,tweets,"@Lore_Cavs Estaría bueno ser moroch@ 24/7, no? Jajajaja",morochx,morochxs
morrito,morrita,morrit@,morritos,morritas,morrit@s,sg;pl,both,Quiero morrit@. Bye,morritx,morritxs
morro,morra,morr@,morros,morras,morr@s,sg;pl,tweets,Hola morr@s!!!,morrx,morrxs
mostoleño,mostoleña,mostoleñ@,mostoleños,mostoleñas,mostoleñ@s,pl,tweets,Felicidades a todos l@s mostoleñ@s en este día tan especial para nuestra ciudad. #Mostoles https://t.co/kau4ueMAaO,mostoleñx,mostoleñxs
motero,motera,moter@,moteros,moteras,moter@s,sg;pl,tweets,Moter@s en la matinal de Deus Motor MC https://t.co/AkpMpvHdQg,moterx,moterxs
motivado,motivada,motivad@,motivados,motivadas,motivad@s,sg,tweets,"Y tu, ¿Estas Motivad@? https://t.co/xf7M06b4Sm",motivadx,motivadxs
mozo,moza,moz@,mozos,mozas,moz@s,sg;pl,both,Brav@s y andan con moz@.,mozx,mozxs
muchachito,muchachita,muchachit@,muchachitos,muchachitas,muchachit@s,sg;pl,tweets,¡Buenas muchachit@s!,muchachitx,muchachitxs
muchacho,muchacha,muchach@,muchachos,muchachas,muchach@s,sg;pl,tweets,Tu si eres jalabolas muchach@,muchachx,muchachxs
muchaco,muchaca,muchac@,muchacos,muchacas,muchac@s,pl,tweets,Hoy es viernes muchac@s,muchacx,muchacxs
muco,muca,muc@,mucos,mucas,muc@s,pl,tweets,@BlancaXuxe Muchos? O querías decir muc@s?😜😜😜✌,mucx,mucxs
mudo,muda,mud@,mudos,mudas,mud@s,sg;pl,tweets,@GiselleMedd Hola mud@,mudx,mudxs
muerto,muerta,muert@,muertos,muertas,muert@s,sg;pl,tweets,No estás muert@.,muertx,muertxs
mugroso,mugrosa,mugros@,mugrosos,mugrosas,mugros@s,sg,tweets,@yeidckol @lopezobrador_ Pinche mugros@,mugrosx,mugrosxs
mundo,munda,mund@,mundos,mundas,mund@s,sg,tweets,"@Bruja ""Todes @l Mund@""",mundx,mundxs
munido,munida,munid@,munidos,munidas,munid@s,pl,tweets,@MunidasGonzalo Esas son nuestras Munid@s,munidx,munidxs
murcianico,murcianica,murcianic@,murcianicos,murcianicas,murcianic@s,pl,tweets,Feliz #DiaDeLaRegionDeMurcia a tod@s los murcianic@s!,murcianicx,murcianicxs
murciano,murciana,murcian@,murcianos,murcianas,murcian@s,sg;pl,tweets,¡¡¡ MURCIAN@S !!! https://t.co/6Kvv3duhx3,murcianx,murcianxs
musho,musha,mush@,mushos,mushas,mush@s,sg,tweets,"Ante todo, ""mush@ karma"": ""Me gusta"" https://t.co/JAawOgWaLX",mushx,mushxs
mustio,mustia,musti@,mustios,mustias,musti@s,pl,tweets,@LoquitoBlack Solo de musti@s..,mustix,mustixs
muyayo,muyaya,muyay@,muyayos,muyayas,muyay@s,pl,tweets,Como en uhc muyay@s xD https://t.co/GVPh1RII5C,muyayx,muyayxs
muñeco,muñeca,muñec@,muñecos,muñecas,muñec@s,sg;pl,both,Buenas noches muñec@s!!,muñecx,muñecxs
muñequito,muñequita,muñequit@,muñequitos,muñequitas,muñequit@s,pl,tweets,Los amo mis muñequit@s,muñequitx,muñequitxs
médico,médica,medic@,médicos,médicas,medic@s,sg;pl,both,Hola! ¿Algún médic@ o infermer@ por aquí? RT por favor. MD,medicx,medicxs
mín,mina,min@,mines,minas,min@s,sg,tweets,@el_pais Min@,minx,minxs
músico,música,músic@,músicos,músicas,músic@s,sg;pl,tweets,@angelmartin_nc Tod@s somos un poco músic@s!!!,músicx,músicxs
nabo,naba,nab@,nabos,nabas,nab@s,sg,tweets,@infobae ..el nab@ del siglo...,nabx,nabxs
naco,naca,nac@,nacos,nacas,nac@s,sg;pl,tweets,Que Nac@s,nacx,nacxs
nadador,nadadora,nadador@,nadadores,nadadoras,nadador@s,pl,tweets,CARTA A LOS NADADOR@S ESPAÑOLES https://t.co/YsVWlDpSlP vía @wordpressdotcom,nadadorx,nadadorxs
nado,nada,nad@,nados,nadas,nad@s,sg,tweets,@MirasDaiana no pasa nad@!💪,nadx,nadxs
nalgo,nalga,nalg@,nalgos,nalgas,nalg@s,pl,tweets,Cuando te miro // Las nalg@s. https://t.co/CsuZHSiguw,nalgx,nalgxs
nanito,nanita,nanit@,nanitos,nanitas,nanit@s,pl,tweets,Buenos días mis Nanit@s! Feliz miércoles 😉👍🏻😘🤗❤️,nanitx,nanitxs
narrador,narradora,narrador@,narradores,narradoras,narrador@s,pl,tweets,¡Hoy cuenta la RED ecuatoriana de narrador@s!!!!!!! https://t.co/wSYl0flMvs,narradorx,narradorxs
nativo,nativa,nativ@,nativos,nativas,nativ@s,pl,tweets,¿Existen los nativ@s digitales? ¿Segur@? Escucha este #podcast: https://t.co/oz3Vq9NBbO https://t.co/T7nAtYHg6r,nativx,nativxs
navarro,navarra,navarr@,navarros,navarras,navarr@s,pl,tweets,@albertocatalanh Lo de la mayoría de navarr@s? Si usted lo dice... https://t.co/gn6f1hPpPf,navarrx,navarrxs
navero,navera,naver@,naveros,naveras,naver@s,pl,tweets,Puro espectáculo en el Pabellón Guerrer@s Naver@s. https://t.co/6v9QeLxsN0,naverx,naverxs
nazareno,nazarena,nazaren@,nazarenos,nazarenas,nazaren@s,pl,tweets,"Viva a Nazaré, os e as nazaren@s a terra mais linda do mundo. https://t.co/HMHLxoE4Di",nazarenx,nazarenxs
ndejo,ndeja,ndej@,ndejos,ndejas,ndej@s,sg,tweets,@LOVREGA @Irma_Sandoval Por p€ndej@. Los pendej0$ me aterran.,ndejx,ndejxs
necesitado,necesitada,necesitad@,necesitados,necesitadas,necesitad@s,sg,tweets,Tinder = Necesitad@,necesitadx,necesitadxs
necio,necia,neci@,necios,necias,neci@s,sg;pl,tweets,NECI@S,necix,necixs
negrito,negrita,negrit@,negritos,negritas,negrit@s,sg;pl,tweets,@ImKevinm_ @alodoxico Amo esa negrit@,negritx,negritxs
negro,negra,negr@,negros,negras,negr@s,sg;pl,tweets,@negroblaanco2 Cosa de negr@,negrx,negrxs
nen,nena,nen@,nenes,nenas,nen@s,sg;pl,tweets,@NachoAr34865567 nen@,nenx,nenxs
nenito,nenita,nenit@,nenitos,nenitas,nenit@s,pl,tweets,"este año conocí buenísima raza, graciaaas x estar aquí nenit@s",nenitx,nenitxs
neumólogo,neumóloga,neumólog@,neumólogos,neumólogas,neumólog@s,pl,tweets,Qué bonito ver el compromiso de nuestr@ neumólog@s con la #fisioterapiarespiratoria esperamos más videos! #YoApoyoALaFisioRespi @separfisio @SeparRespira animaros! No es nuestra lucha es la de tod@s!,neumólogx,neumólogxs
neuquino,neuquina,neuquin@,neuquinos,neuquinas,neuquin@s,pl,tweets,#BuenLunes neuquin@s!! Que tengan una excelente semana!! #BuenaSemanaNeuquen 👍 https://t.co/LWJDPsJ3Nm,neuquinx,neuquinxs
neurólogo,neuróloga,neurólog@,neurólogos,neurólogas,neurólog@s,sg,tweets,Seguimos buscando neurólog@... 👇 https://t.co/pCwYYlm2AD,neurólogx,neurólogxs
nietito,nietita,nietit@,nietitos,nietitas,nietit@s,pl,tweets,Listo Nietit@s amad@s.,nietitx,nietitxs
nieto,nieta,niet@,nietos,nietas,niet@s,sg;pl,tweets,@montanertwiter Tu niet@!!!,nietx,nietxs
niñato,niñata,niñat@,niñatos,niñatas,niñat@s,sg;pl,tweets,@Locura__ Están los niñat@s votando a saco xD,niñatx,niñatxs
niñero,niñera,niñer@,niñeros,niñeras,niñer@s,sg;pl,tweets,Necesito niñer@ para Puffita. /c mata,niñerx,niñerxs
niñito,niñita,niñit@,niñitos,niñitas,niñit@s,sg;pl,tweets,Y q proponen los niñit@s??? #NoMasPSU,niñitx,niñitxs
niño,niña,niñ@,niños,niñas,niñ@s,sg;pl,both,Feliz día del niñ@ !!!!!,niñx,niñxs
niñosaurio,niñosauria,niñosauri@,niñosaurios,niñosaurias,niñosauri@s,pl,tweets,"Buen día Mundo!!! A darle con todo, que estos niñosauri@s no se… https://t.co/DqTm8NZ7Er",niñosaurix,niñosaurixs
nobio,nobia,nobi@,nobios,nobias,nobi@s,sg,tweets,Kieres ser mi nobi@¿,nobix,nobixs
noctámbulo,noctámbula,noctámbul@,noctámbulos,noctámbulas,noctámbul@s,pl,tweets,A esta hora solo noctámbul@s !,noctámbulx,noctámbulxs
nodotro,nodotra,nodotr@,nodotros,nodotras,nodotr@s,pl,tweets,@PilyBarba @Ligotti @DeLovecraft Y nodotr@s a ti!! 💛,nodotrx,nodotrxs
noestansolo,noestansola,noestansol@,noestansolos,noestansolas,noestansol@s,pl,tweets,Si en esta cuarentena tú o algún familiar está sufriendo violencia o abuso doméstico recuerda que #NoEstanSol@s. Si necesitas ayuda #AcercateaTuConsulado y/o a las autoridades locales. Consulado General de México en Boston ☎️ 617 - 645 - 6673 https://t.co/6HV0TuWFxr,noestansolx,noestansolxs
nominado,nominada,nominad@,nominados,nominadas,nominad@s,sg;pl,tweets,que perro oso estar nominad@ en eso de mezontle awards,nominadx,nominadxs
norteño,norteña,norteñ@,norteños,norteñas,norteñ@s,pl,tweets,@Koke72927715 De l@s Norteñ@s :)),norteñx,norteñxs
nos,nosa,nos@,noses,nosas,nos@s,pl,tweets,Hoxe a candidatura do PSdeG-PSOE de Arteixo baixamos a FEIRA a presentar a nosa candidatura aos nos@s veciñ@s.,nosx,nosxs
nosostro,nosostra,nosostr@,nosostros,nosostras,nosostr@s,pl,tweets,¿Multiplicas con nosostr@s? https://t.co/fXx2CxItj3,nosostrx,nosostrxs
nosotroo,nosotroa,nosotro@,nosotroos,nosotroas,nosotro@s,pl,tweets,"No busquemos mejores amigos, primero aprendamos nosotro@s a serlo. 💫",nosotrox,nosotroxs
nostálgico,nostálgica,nostálgic@,nostálgicos,nostálgicas,nostálgic@s,pl,tweets,Feliz fin de semana a todos es@s nostálgic@s... https://t.co/BW6D8QfPFg,nostálgicx,nostálgicxs
notario,notaria,notari@,notarios,notarias,notari@s,pl,tweets,"Oies, Morena, y los notari@s, pa' cuándo? Aml❤ver for now!!!",notarix,notarixs
novato,novata,novat@,novatos,novatas,novat@s,pl,tweets,"Ojjj, novat@s 😍",novatx,novatxs
novelero,novelera,noveler@,noveleros,noveleras,noveler@s,pl,tweets,Me dan ternurita l@s noveler@s !!!!!,novelerx,novelerxs
noviecito,noviecita,noviecit@,noviecitos,noviecitas,noviecit@s,sg,tweets,@CheckHDP El noviecit@ de Pedro konDUCKta jajajaja,noviecitx,noviecitxs
novio,novia,novi@,novios,novias,novi@s,sg;pl,tweets,Busco novi@ para @VictorSirr,novix,novixs
novo,nova,nov@,novos,novas,nov@s,sg,tweets,Cuando estas soltera @Jesstz3 y tod@s tus amig@s de nov@ https://t.co/JZdZVMRL9X,novx,novxs
ntro,ntra,ntr@,ntros,ntras,ntr@s,pl,tweets,@TuPalabraSr @TatiAssnn menos evitar que mandemos msj a ntr@s ex.. cuando llegamos borrachos.,ntrx,ntrxs
nuetro,nuetra,nuetr@,nuetros,nuetras,nuetr@s,pl,tweets,@adddu_ Nosotros amamos a nuetr@s seguidor@s. ¡Saludos!,nuetrx,nuetrxs
numantino,numantina,numantin@,numantinos,numantinas,numantin@s,pl,tweets,Buenas noches numantin@s ;) http://t.co/uxd3KuNIXf,numantinx,numantinxs
nustro,nustra,nustr@,nustros,nustras,nustr@s,pl,tweets,Nustr@s alumn@s celebrando navidad 👏🏻👏🏻👏🏻 https://t.co/jPTFhclobS,nustrx,nustrxs
nutriologo,nutriologa,nutriolog@,nutriologos,nutriologas,nutriolog@s,sg,tweets,Recomiéndeme algún nutriolog@ plis,nutriologx,nutriologxs
nutriólogo,nutrióloga,nutriólog@,nutriólogos,nutriólogas,nutriólog@s,sg;pl,tweets,"Sé Nutriólog@ decían, no llevarás matemáticas decían 😰💔",nutriólogx,nutriólogxs
oaxaqueño,oaxaqueña,oaxaqueñ@,oaxaqueños,oaxaqueñas,oaxaqueñ@s,pl,tweets,¿Qué onda con esa gente que se expresa muy mal de los oaxaqueñ@s?,oaxaqueñx,oaxaqueñxs
obispo,obispa,obisp@,obispos,obispas,obisp@s,pl,tweets,"@CarmenCarpente @LauraFreixas @MyR40375822 Porque son obisp@s, q imponen su moral al resto d la humanidad.",obispx,obispxs
objetivo,objetiva,objetiv@,objetivos,objetivas,objetiv@s,sg;pl,tweets,@vmm7773 Siendo objetiv@s esto no lo puede entender nadie!!!!,objetivx,objetivxs
obrero,obrera,obrer@,obreros,obreras,obrer@s,sg;pl,both,@merlinrecargado el día a día del obrer@ ....,obrerx,obrerxs
observador,observadora,observador@,observadores,observadoras,observador@s,pl,tweets,No seamos solo observador@s. del entumecimiento de conciencias actuemos junt@s #YaEstuvo https://t.co/EafL11ZnWn,observadorx,observadorxs
odio,odia,odi@,odios,odias,odi@s,sg,tweets,@guadasoler Son las/los que mas odi@ 😠,odix,odixs
odontologo,odontologa,odontolog@,odontologos,odontologas,odontolog@s,sg;pl,tweets,G. Necesito un odontolog@ 😅,odontologx,odontologxs
odontólogo,odontóloga,odontólog@,odontólogos,odontólogas,odontólog@s,sg;pl,tweets,Odontólog@ que me recomienden 🥺,odontólogx,odontólogxs
ofendidito,ofendidita,ofendidit@,ofendiditos,ofendiditas,ofendidit@s,sg;pl,tweets,podeis daros x ofendidit@s,ofendiditx,ofendiditxs
ofendido,ofendida,ofendid@,ofendidos,ofendidas,ofendid@s,sg;pl,tweets,@pinche_gela Ofendid@s de ocasión...,ofendidx,ofendidxs
operador,operadora,operador@,operadores,operadoras,operador@s,sg;pl,tweets,Los juguetes de Operador@s de Cámara... https://t.co/PFAdRXYCIf,operadorx,operadorxs
operario,operaria,operari@,operarios,operarias,operari@s,sg;pl,tweets,OPERARI@ CADENA PRODUCCIÓN PLÁSTICOS https://t.co/gVG0yAfM0S,operarix,operarixs
opinologo,opinologa,opinolog@,opinologos,opinologas,opinolog@s,pl,tweets,Opinolog@s a la orden,opinologx,opinologxs
opinólogo,opinóloga,opinólog@,opinólogos,opinólogas,opinólog@s,pl,tweets,Buen día mis opinólog@s pandémicos adorados. 😘,opinólogx,opinólogxs
opositor,opositora,opositor@,opositores,opositoras,opositor@s,pl,tweets,CCOO ha estado esta mañana apoyando a los opositor@s de #Enfermería https://t.co/fiO5nMZAK4,opositorx,opositorxs
oprimido,oprimida,oprimid@,oprimidos,oprimidas,oprimid@s,pl,tweets,Haber digan algo oprimid@s jajaja https://t.co/d5X5A785Zp,oprimidx,oprimidxs
ordinario,ordinaria,ordinari@,ordinarios,ordinarias,ordinari@s,sg,tweets,Nunca ames a alguien que te haga sentir ordinari@,ordinarix,ordinarixs
organizado,organizada,organizad@,organizados,organizadas,organizad@s,pl,tweets,Organizad@s somos más fuertes! https://t.co/1mpO0irzd3,organizadx,organizadxs
organizador,organizadora,organizador@,organizadores,organizadoras,organizador@s,pl,tweets,Se presenta la @policiademadrid de @AlmeidaPP_ para identificar a l@s organizador@s 🙄 https://t.co/3bTaaNCy0A,organizadorx,organizadorxs
orgullo,orgulla,orgull@,orgullos,orgullas,orgull@s,pl,tweets,@IdentidadLibreb @Unilibrebog Orgull@s?,orgullx,orgullxs
orientador,orientadora,orientador@,orientadores,orientadoras,orientador@s,pl,tweets,La maravilla de orientador@s que se olvidan de alumnos because para qué.,orientadorx,orientadorxs
ovejito,ovejita,ovejit@,ovejitos,ovejitas,ovejit@s,pl,tweets,Voy a dormir un poquito. Recuerden que las quiero ovejit@s.,ovejitx,ovejitxs
paceño,paceña,paceñ@,paceños,paceñas,paceñ@s,pl,tweets,@CQLimbert Decepcionado de l@s paceñ@s apoyando al narcoterrorista Evo Morales.,paceñx,paceñxs
paco,paca,pac@,pacos,pacas,pac@s,sg;pl,tweets,"@pacohernandezc Gracias, Pac@!! \o/",pacx,pacxs
padrino,padrina,padrin@,padrinos,padrinas,padrin@s,sg;pl,tweets,Hoy la haremos de padrin@s! 😱😱💕👌🏻🧒🏻 #Graduacion6toDePrimaria,padrinx,padrinxs
paisano,paisana,paisan@,paisanos,paisanas,paisan@s,sg;pl,tweets,Pase! Adelante paisan@... que le gusta!? Todo barato... 🕯🤞🏻🙏🏻,paisanx,paisanxs
pajarillo,pajarilla,pajarill@,pajarillos,pajarillas,pajarill@s,pl,tweets,"Buenos días, pajarill@s. https://t.co/9NCdJMM7U5",pajarillx,pajarillxs
pajarito,pajarita,pajarit@,pajaritos,pajaritas,pajarit@s,pl,tweets,Buenos días Pajarit@s!!!,pajaritx,pajaritxs
pajero,pajera,pajer@,pajeros,pajeras,pajer@s,sg;pl,tweets,Stalkeame esta pajer@,pajerx,pajerxs
pajo,paja,paj@,pajos,pajas,paj@s,sg,tweets,Es un paj@#$$,pajx,pajxs
pajuo,pajua,paju@,pajuos,pajuas,paju@s,sg;pl,tweets,@Omaaaaaaar Paju@ 🤣,pajux,pajuxs
palentino,palentina,palentin@,palentinos,palentinas,palentin@s,pl,tweets,"Acumulando deportes, acumulando experiencias y apoyando a l@s palentin@s. 📸cbalonmanopf https://t.co/hy49dq7qqi",palentinx,palentinxs
palestino,palestina,palestin@,palestinos,palestinas,palestin@s,pl,tweets,@sosrefugiados Dios protege a nuestr@s herman@s palestin@s.,palestinx,palestinxs
paleto,paleta,palet@,paletos,paletas,palet@s,pl,tweets,@el_pais ¡Panda de palet@s!,paletx,paletxs
palmero,palmera,palmer@,palmeros,palmeras,palmer@s,sg;pl,tweets,Que bonit@s palmer@s ...,palmerx,palmerxs
palomo,paloma,palom@,palomos,palomas,palom@s,pl,tweets,Todo listo para la Celebración de l@s palom@s 2017 https://t.co/EbivJ7O19G,palomx,palomxs
panaceo,panacea,panace@,panaceos,panaceas,panace@s,sg,tweets,"En el último número de ""Panace@"": «El arte de sanar en la Andalucía islámica», de Camilo Álvarez de Morales. https://t.co/yjlTCdxma7",panacex,panacexs
panadero,panadera,panader@,panaderos,panaderas,panader@s,sg;pl,tweets,Panader@ que gane 2 millones vive del roscón o de pan frances.,panaderx,panaderxs
panameño,panameña,panameñ@,panameños,panameñas,panameñ@s,sg;pl,tweets,L@S PANAMEÑ@S SON IGNORANTES WAO😠🤬,panameñx,panameñxs
pandejo,pandeja,pandej@,pandejos,pandejas,pandej@s,pl,tweets,Así de PANdej@s se ven! https://t.co/TawWSv0CnE,pandejx,pandejxs
pandillero,pandillera,pandiller@,pandilleros,pandilleras,pandiller@s,pl,tweets,"Bunki vengandose, de los pandiller@s #GHVIP26S 😂",pandillerx,pandillerxs
pano,pana,pan@,panos,panas,pan@s,pl,tweets,Me tocab l@s pan@s falso yo lose,panx,panxs
papo,papa,pap@,papos,papas,pap@s,sg;pl,tweets,Disfrutame pap@s https://t.co/onbtTvDeEh,papx,papxs
parado,parada,parad@,parados,paradas,parad@s,sg;pl,tweets,Ni l@s parad@s. Yo. https://t.co/sIWBTtON6j,paradx,paradxs
paraguayo,paraguaya,paraguay@,paraguayos,paraguayas,paraguay@s,sg;pl,tweets,Paraguay@s https://t.co/EFFuqkYWhA,paraguayx,paraguayxs
paramédico,paramédica,paramédic@,paramédicos,paramédicas,paramédic@s,pl,tweets,@nullrend o paramédic@s :s,paramédicx,paramédicxs
parcero,parcera,parcer@,parceros,parceras,parcer@s,sg;pl,tweets,Feliz año parcer@s,parcerx,parcerxs
parejo,pareja,parej@,parejos,parejas,parej@s,sg,tweets,Si tuvieran parej@ pasarían la cuarentena con el?,parejx,parejxs
parido,parida,parid@,paridos,paridas,parid@s,sg;pl,tweets,@ElGolGarracol Parid@s!,paridx,paridxs
parlamentario,parlamentaria,parlamentari@,parlamentarios,parlamentarias,parlamentari@s,sg;pl,tweets,Busque a su parlamentari@.... a note. https://t.co/VePGy8J3DQ,parlamentarix,parlamentarixs
parroquiano,parroquiana,parroquian@,parroquianos,parroquianas,parroquian@s,pl,tweets,"@MIsabel_2020 @suker778 Buenos días, parroquian@s.",parroquianx,parroquianxs
partidario,partidaria,partidari@,partidarios,partidarias,partidari@s,pl,tweets,"Resumiendo: L@s partidari@s de la ""vía Serbia"" se escandalizan de referirse a la ""vía eslovena"".",partidarix,partidarixs
parásito,parásita,parásit@,parásitos,parásitas,parásit@s,pl,tweets,@adnradiochile No le den Tribuna a es@s Parásit@s...Corta !!!,parásitx,parásitxs
pasajero,pasajera,pasajer@,pasajeros,pasajeras,pasajer@s,sg;pl,tweets,@joalyrozs Pasajer@ 🙊,pasajerx,pasajerxs
pasionario,pasionaria,pasionari@,pasionarios,pasionarias,pasionari@s,pl,tweets,El ciclo 'Pasionari@s' comenzará el día 24 con Caco Senante y Vicente Borland https://t.co/uyykNjeyAb https://t.co/zvUxlLJK6d,pasionarix,pasionarixs
pasivo,pasiva,pasiv@,pasivos,pasivas,pasiv@s,sg;pl,tweets,@imtortaa Pasiv@ o activ@,pasivx,pasivxs
paso,pasa,pas@,pasos,pasas,pas@s,sg,tweets,@oricalderonn q t pas@,pasx,pasxs
pastelero,pastelera,pasteler@,pasteleros,pasteleras,pasteler@s,sg,tweets,Se busca pasteler@ para que me haga brownies porque traigo un cansancio que parecen dos. 😭,pastelerx,pastelerxs
pastor,pastora,pastor@,pastores,pastoras,pastor@s,pl,tweets,Como estan l@s pastor@s en fb atr... dsp los ves en la esquina o moviendo el culo en el baile puro chucu 0p,pastorx,pastorxs
patinador,patinadora,patinador@,patinadores,patinadoras,patinador@s,pl,tweets,¡Y ahí va el equipo de patinador@s! #correporSiria https://t.co/mVcigp73HJ,patinadorx,patinadorxs
patipelado,patipelada,patipelad@,patipelados,patipeladas,patipelad@s,pl,tweets,@patyrovira @alb0black Y los tres patipelad@s,patipeladx,patipeladxs
patito,patita,patit@,patitos,patitas,patit@s,pl,bluesky,Buenos días Patit@s vamos con el Viernes,patitx,patitxs
pato,pata,pat@,patos,patas,pat@s,pl,tweets,@putottrashh pat@s?😎😎😶😏,patx,patxs
patojo,patoja,patoj@,patojos,patojas,patoj@s,pl,tweets,Ojo patoj@s... https://t.co/O7g6XtWcHh,patojx,patojxs
pavo,pava,pav@,pavos,pavas,pav@s,sg;pl,tweets,Y tú quién eres pav@,pavx,pavxs
payaso,payasa,payas@,payasos,payasas,payas@s,sg;pl,tweets,Son mas payas@,payasx,payasxs
pecador,pecadora,pecador@,pecadores,pecadoras,pecador@s,pl,tweets,#Pecador@s https://t.co/iUcV4Y52KK,pecadorx,pecadorxs
pedalero,pedalera,pedaler@,pedaleros,pedaleras,pedaler@s,pl,tweets,Atencion pedaler@s.. https://t.co/LqMhSZqt5j,pedalerx,pedalerxs
pedejo,pedeja,pedej@,pedejos,pedejas,pedej@s,pl,tweets,pedej@s 🙄🙄🙄🙄🙄 https://t.co/oyY51Z3fmA,pedejx,pedejxs
pedo,peda,ped@,pedos,pedas,ped@s,sg;pl,tweets,Estando ped@ nada cuenta?,pedx,pedxs
pedorro,pedorra,pedorr@,pedorros,pedorras,pedorr@s,sg,tweets,@Jary_99 Generación pedorr@ ALV todos los cristalinos,pedorrx,pedorrxs
pelado,pelada,pelad@,pelados,peladas,pelad@s,sg;pl,both,Pelad@s de ahora. 😖,peladx,peladxs
pelaito,pelaita,pelait@,pelaitos,pelaitas,pelait@s,pl,tweets,Damn odio a l@s pelait@s,pelaitx,pelaitxs
peliculero,peliculera,peliculer@,peliculeros,peliculeras,peliculer@s,pl,tweets,Slm l@s peliculer@s 🤣,peliculerx,peliculerxs
pelirrojo,pelirroja,pelirroj@,pelirrojos,pelirrojas,pelirroj@s,pl,tweets,@BOX_PANGEA Pelirroj@s tod@s,pelirrojx,pelirrojxs
pelo,pela,pel@,pelos,pelas,pel@s,sg,tweets,@nadita79 @Floxie10 Q gente pel@#$&amp;@,pelx,pelxs
peloto,pelota,pelot@,pelotos,pelotas,pelot@s,sg;pl,tweets,@alegogo01 Son re hincha pelot@s,pelotx,pelotxs
pelotudito,pelotudita,pelotudit@,pelotuditos,pelotuditas,pelotudit@s,sg;pl,tweets,sos pelotudit@ o haces promo x promo?,pelotuditx,pelotuditxs
pelotudo,pelotuda,pelotud@,pelotudos,pelotudas,pelotud@s,sg;pl,both,Que manga de pelotud@s,pelotudx,pelotudxs
pelotuo,pelotua,pelotu@,pelotuos,pelotuas,pelotu@s,sg;pl,tweets,pelotu@s,pelotux,pelotuxs
peludito,peludita,peludit@,peluditos,peluditas,peludit@s,sg;pl,tweets,Pero que rico trasero peludit@ hermos@ 😍😍 https://t.co/QBY59Z2YQq,peluditx,peluditxs
peludo,peluda,pelud@,peludos,peludas,pelud@s,sg;pl,tweets,"Que infantil wey, ya estás pelud@",peludx,peludxs
peluquero,peluquera,peluquer@,peluqueros,peluqueras,peluquer@s,sg;pl,tweets,@vicen86 @lahierbass Y peluquer@s...,peluquerx,peluquerxs
pendejado,pendejada,pendejad@,pendejados,pendejadas,pendejad@s,sg;pl,tweets,@lopezobrador_ Zas y que habla tanta pendejad@,pendejadx,pendejadxs
pendejito,pendejita,pendejit@,pendejitos,pendejitas,pendejit@s,sg;pl,tweets,Mis DM tienen nombre... Buenos días pendejit@s querid@s,pendejitx,pendejitxs
pendejo,pendeja,pendej@,pendejos,pendejas,pendej@s,sg;pl,tweets,Pa pendej@ no se estudia,pendejx,pendejxs
pensado,pensada,pensad@,pensados,pensadas,pensad@s,pl,tweets,Que mal pensad@s 🤨,pensadx,pensadxs
pensionado,pensionada,pensionad@,pensionados,pensionadas,pensionad@s,sg;pl,tweets,Para un pensionad@ cuantos meses de pensión hace falta para comprar uno? https://t.co/YPd5NHaent,pensionadx,pensionadxs
pepinero,pepinera,pepiner@,pepineros,pepineras,pepiner@s,sg,bluesky,🔴 ¡Ya estoy en DIRECTO en CD Pepineros! 🥒 👉🏻 _URL_ 🆚 Previa del Alavés vs CD Leganés 🗣️ Entrevista con FER Rodriguez de Cantera Pepinera ¡Vente Pepiner@! 🥒,pepinerx,pepinerxs
pepito,pepita,pepit@,pepitos,pepitas,pepit@s,sg,tweets,@unacunaparaeva @embarazonollega Ese pepit@....oeeeeee!!!!!!,pepitx,pepitxs
pequeñito,pequeñita,pequeñit@,pequeñitos,pequeñitas,pequeñit@s,pl,tweets,Pequeñit@s https://t.co/4ATfrg2gHM,pequeñitx,pequeñitxs
pequeñuelo,pequeñuela,pequeñuel@,pequeñuelos,pequeñuelas,pequeñuel@s,pl,tweets,Good night pequeñuel@s 🥵 https://t.co/fL3Jb3qOZ9,pequeñuelx,pequeñuelxs
perdedor,perdedora,perdedor@,perdedores,perdedoras,perdedor@s,pl,tweets,@cayetanaAT PP=Politic@s Perdedor@s,perdedorx,perdedorxs
peregrino,peregrina,peregrin@,peregrinos,peregrinas,peregrin@s,pl,tweets,Peregrin@s en Aguadulce...#JMJPanama2019 🇵🇦 https://t.co/wj7B2VI4cz,peregrinx,peregrinxs
perezoso,perezosa,perezos@,perezosos,perezosas,perezos@s,pl,tweets,#FelizDomingo buen dia perezos@s,perezosx,perezosxs
perico,perica,peric@,pericos,pericas,peric@s,sg;pl,tweets,"Quédate en casa, Peric@",pericx,pericxs
periolisto,periolista,periolist@,periolistos,periolistas,periolist@s,pl,tweets,Me parto con los periolist@s que dudan de la técnica de @Casemiro,periolistx,periolistxs
peroncho,peroncha,peronch@,peronchos,peronchas,peronch@s,pl,tweets,"Y recuerden peronch@s, este San Valentín, al gorila ni un pete.",peronchx,peronchxs
perrito,perrita,perrit@,perritos,perritas,perrit@s,sg;pl,tweets,Atr perrit@s,perritx,perritxs
perro,perra,perr@,perros,perras,perr@s,sg;pl,tweets,Pasen snaps perr@s!!,perrx,perrxs
personero,personera,personer@,personeros,personeras,personer@s,pl,tweets,"@siliconvalle Estamos llenos de personer@s trutruka, l@s soplan los empresarios y suenan en La Moneda.",personerx,personerxs
peruano,peruana,peruan@,peruanos,peruanas,peruan@s,sg;pl,tweets,Algun@s escribidor@s peruan@s. https://t.co/sIo0tEBe8m,peruanx,peruanxs
perverso,perversa,pervers@,perversos,perversas,pervers@s,pl,tweets,Buenos días pervers@s!😈,perversx,perversxs
pervertidillo,pervertidilla,pervertidill@,pervertidillos,pervertidillas,pervertidill@s,pl,tweets,Buenas noches Pervertidill@s🥰🥰 https://t.co/iEgjGDoAH0,pervertidillx,pervertidillxs
pervertido,pervertida,pervertid@,pervertidos,pervertidas,pervertid@s,sg;pl,tweets,Cursi o pervertid@?,pervertidx,pervertidxs
pesadito,pesadita,pesadit@,pesaditos,pesaditas,pesadit@s,pl,tweets,Qué pesadit@s con Roi!,pesaditx,pesaditxs
pesado,pesada,pesad@,pesados,pesadas,pesad@s,pl,tweets,Que pesad@s sois,pesadx,pesadxs
pescador,pescadora,pescador@,pescadores,pescadoras,pescador@s,pl,tweets,Abrazo a toda la gente del Mar en su día. #xentedomar #mariner@s #pescador@s #mariscador@s #galicia 🚣🏻🐠🎣 https://t.co/lEV6x7lfH3,pescadorx,pescadorxs
petardo,petarda,petard@,petardos,petardas,petard@s,pl,both,Vaya monton de petard@s #SVGala6,petardx,petardxs
peón,peona,peon@,peones,peonas,peon@s,pl,tweets,@endorcista @jzamorabonilla Peon@s,peonx,peonxs
pibito,pibita,pibit@,pibitos,pibitas,pibit@s,sg;pl,tweets,Demass lleno de pibit@s kwam..,pibitx,pibitxs
pijo,pija,pij@,pijos,pijas,pij@s,sg;pl,tweets,@Poggi Totalmente en pij@...,pijx,pijxs
pillado,pillada,pillad@,pillados,pilladas,pillad@s,sg,tweets,@Zittissima Escorpio ya está pillad@ 😜,pilladx,pilladxs
pillo,pilla,pill@,pillos,pillas,pill@s,sg;pl,tweets,pill@s https://t.co/hSagP5Gv3v,pillx,pillxs
piloto,pilota,pilot@,pilotos,pilotas,pilot@s,sg;pl,tweets,@elmavi10 ¿Quien es el co-pilot@?,pilotx,pilotxs
pimpollo,pimpolla,pimpoll@,pimpollos,pimpollas,pimpoll@s,pl,tweets,Buenos días Pimpoll@S https://t.co/OVPanNJCMy,pimpollx,pimpollxs
pincho,pincha,pinch@,pinchos,pinchas,pinch@s,sg,tweets,Neta pinch@&amp; zancudos 😠,pinchx,pinchxs
pingo,pinga,ping@,pingos,pingas,ping@s,sg,tweets,ni ping@ 🖕🏼,pingx,pingxs
pino,pina,pin@,pinos,pinas,pin@s,sg,tweets,@NachoRgz Pin@#&amp; vi$j@ salta pa tras,pinx,pinxs
pinocho,pinocha,pinoch@,pinochos,pinochas,pinoch@s,pl,tweets,"@Opinion_EPC @OlgaRuiz 👎Mesa de ""pinoch@s""🤥 Desleales a las leyes de este pais llamado España.🇪🇸",pinochx,pinochxs
pinteño,pinteña,pinteñ@,pinteños,pinteñas,pinteñ@s,pl,tweets,Trabajando siempre en pro de l@s pinteñ@s‼️ #PolíticaÚtil 👍🏻💪🏻🍊 #CsPinto #CiudadanosPinto #optimizaciónAguaPinto #Pinto https://t.co/lhwlQcMii2,pinteñx,pinteñxs
pionero,pionera,pioner@,pioneros,pioneras,pioner@s,pl,tweets,Le abono a Rainbow house el hecho de ser pioner@s en la realización de ese tipo de realities lgbt.,pionerx,pionerxs
pirobo,piroba,pirob@,pirobos,pirobas,pirob@s,sg;pl,tweets,Pirob@s tan falsos.,pirobx,pirobxs
pirujo,piruja,piruj@,pirujos,pirujas,piruj@s,sg,tweets,JAJAJAJAJAJA K PIRUJ@,pirujx,pirujxs
pisado,pisada,pisad@,pisados,pisadas,pisad@s,pl,tweets,sarta de pisad@s,pisadx,pisadxs
pitufo,pitufa,pituf@,pitufos,pitufas,pituf@s,pl,tweets,@coimbra1990 Pero si un programa de pituf@s,pitufx,pitufxs
planetario,planetaria,planetari@,planetarios,planetarias,planetari@s,pl,tweets,"#CDT: Recordemos juntos los 10 momentos históricos de ésta década que está por terminar. Nosotros ponemos el 1ro🌟 ¡Ayúdennos a completar los otros 9!🎉🎉🎉 ¡Feliz Año, Planetari@s!: Se viene #ElSueñoLibertador 🌟🌟➡️🏆 https://t.co/It2FQpgS7J",planetarix,planetarixs
plataformero,plataformera,plataformer@,plataformeros,plataformeras,plataformer@s,pl,tweets,Buenos días plataformer@s. Hola @AlmeidaPP_ ¿Donde? ¿Cuando? ¿Quién? ¿Como? #EMTcontratacionesYA https://t.co/WDbcniiz8h,plataformerx,plataformerxs
plebeyo,plebeya,plebey@,plebeyos,plebeyas,plebey@s,pl,tweets,Pffft plebey@s,plebeyx,plebeyxs
pleno,plena,plen@,plenos,plenas,plen@s,sg,tweets,Deseo que te sientas plen@. Qué sensación tan deli.,plenx,plenxs
pndejo,pndeja,pndej@,pndejos,pndejas,pndej@s,sg;pl,tweets,Pur@ pndej@ me bloquea. 🤭,pndejx,pndejxs
pndjo,pndja,pndj@,pndjos,pndjas,pndj@s,sg;pl,tweets,@Giancarlo_Fi Pndj@s,pndjx,pndjxs
poblador,pobladora,poblador@,pobladores,pobladoras,poblador@s,pl,tweets,"@lahermanadelupo @DoctoraGenna Más poblador@s, menos doctorados",pobladorx,pobladorxs
poblano,poblana,poblan@,poblanos,poblanas,poblan@s,pl,tweets,@_Carbente_ Solidaridad de l@s poblan@s con el movimiento estudiantil un gran ejemplo,poblanx,poblanxs
pobrecito,pobrecita,pobrecit@,pobrecitos,pobrecitas,pobrecit@s,sg;pl,tweets,Pobrecit@s😂,pobrecitx,pobrecitxs
pobresito,pobresita,pobresit@,pobresitos,pobresitas,pobresit@s,sg,tweets,@lamz_07 Jajajajajjaa pobresit@ 😔,pobresitx,pobresitxs
podcastero,podcastera,podcaster@,podcasteros,podcasteras,podcaster@s,pl,tweets,"Podcaster@s, no es radio en vivo, pueden editar su WOW después de la respuesta del invitado.",podcasterx,podcasterxs
poderoso,poderosa,poderos@,poderosos,poderosas,poderos@s,pl,tweets,@budino_music @AlfredoRedondoD Poderos@s! 🎸🎼,poderosx,poderosxs
politiquero,politiquera,politiquer@,politiqueros,politiqueras,politiquer@s,pl,tweets,"Por favor dejen de ofender a las perras y a los perros. Ell@s son animales. Mas las bestias son ustedes..., politiquer@s.",politiquerx,politiquerxs
politólogo,politóloga,politólog@,politólogos,politólogas,politólog@s,sg;pl,tweets,All politólog@s were found dead https://t.co/w95gs1CF02,politólogx,politólogxs
pollito,pollita,pollit@,pollitos,pollitas,pollit@s,sg;pl,tweets,21 semanas pollit@ de mamá 😍💛💛,pollitx,pollitxs
pollo,polla,poll@,pollos,pollas,poll@s,sg;pl,tweets,@Noloentiendo10 Ojala poll@,pollx,pollxs
polo,pola,pol@,polos,polas,pol@s,pl,tweets,"Bueno, #TwitterOFF dirían l@s pol@s unos años atrás.",polx,polxs
pololo,polola,polol@,pololos,pololas,polol@s,sg;pl,tweets,@cecilita_sc Que es polol@?,pololx,pololxs
político,política,politic@,políticos,políticas,politic@s,sg;pl,both,@Ares_Manolo Otra más y van 500.000 polític@s. The money.,politicx,politicxs
poquito,poquita,poquit@,poquitos,poquitas,poquit@s,pl,tweets,Poquit@s se lo merecen https://t.co/zpLh4SG44W,poquitx,poquitxs
porfiado,porfiada,porfiad@,porfiados,porfiadas,porfiad@s,pl,tweets,@gata_Mar87 A veces son porfiad@s...,porfiadx,porfiadxs
poro,pora,por@,poros,poras,por@s,sg,tweets,Mulherão da por@#$❤❤ https://t.co/YWX39JKzQX,porx,porxs
porongo,poronga,porong@,porongos,porongas,porong@s,sg,tweets,Una porong@ https://t.co/P1mjv0EZu0,porongx,porongxs
porotito,porotita,porotit@,porotitos,porotitas,porotit@s,sg,tweets,Hoy eco de mi porotit@ 🥰,porotitx,porotitxs
porro,porra,porr@,porros,porras,porr@s,sg;pl,tweets,se manca porr@,porrx,porrxs
portador,portadora,portador@,portadores,portadoras,portador@s,pl,tweets,"Contar la historia propia, honrar la memoria... Hombres y mujeres, jóvenes artistas y portador@s de cultura,... https://t.co/nvBMHyPQgm",portadorx,portadorxs
portero,portera,porter@,porteros,porteras,porter@s,sg;pl,tweets,Feliz día internacional del porter@ 🧤 https://t.co/QfUosvbY45,porterx,porterxs
porteño,porteña,porteñ@,porteños,porteñas,porteñ@s,sg;pl,tweets,Qué enferm@s están l@s porteñ@s!!,porteñx,porteñxs
portugués,portuguesa,portugues@,portugueses,portuguesas,portugues@s,pl,bluesky,"Hoy hemos salido por Düsseldorf un grupo compuesto por 8 Español@s, 1 Griego, 3 Portugues@s, 3 Italian@s, 3 Ruman@s, 1 argentino, 1 brasileño, y 1 Georgian@. No se sabe si vamos de fiesta, o a robar un banco.",portuguesx,portuguesxs
posesivo,posesiva,posesiv@,posesivos,posesivas,posesiv@s,sg,tweets,Porque tan posesiv@ ???,posesivx,posesivxs
positivo,positiva,positiv@,positivos,positivas,positiv@s,sg;pl,tweets,Positiv@ 100pre 💁🏻‍♀️,positivx,positivxs
postulado,postulada,postulad@,postulados,postuladas,postulad@s,pl,tweets,@Navegaciones ¿Se vale preguntar quien es su preferid@ de l@s postulad@s?,postuladx,postuladxs
potosino,potosina,potosin@,potosinos,potosinas,potosin@s,pl,tweets,Potosin@s: https://t.co/8IHmrYpri5,potosinx,potosinxs
ppolítico,ppolítica,ppolític@,ppolíticos,ppolíticas,ppolític@s,pl,tweets,L@s PPolític@s esPPagnolos PPatrios son auténticos matemátic@s. Y es una ciencia exacta... https://t.co/L56q0xBtDD,ppolíticx,ppolíticxs
precandidato,precandidata,precandidat@,precandidatos,precandidatas,precandidat@s,pl,tweets,@fcohenriquez Si...unos precandidat@s por ahí!!,precandidatx,precandidatxs
precario,precaria,precari@,precarios,precarias,precari@s,pl,tweets,"""Profesor@s precari@s por la universidad pública"" http://t.co/dOuAuTE8f2",precarix,precarixs
precioso,preciosa,precios@,preciosos,preciosas,precios@s,sg,tweets,Hola precios@ 👀,preciosx,preciosxs
predicador,predicadora,predicador@,predicadores,predicadoras,predicador@s,pl,bluesky,"Pero ya sabes que en política hay muy buen@s predicador@s, pero pocos saben luego dar trigo.",predicadorx,predicadorxs
pregonero,pregonera,pregoner@,pregoneros,pregoneras,pregoner@s,pl,tweets,"Únete a nuestra red de pregoner@s, si vas pendiente Llama 02128089332 o escribe -&gt; redpregonerospsuv@gmail.com http://t.co/9kzdi0JNZg",pregonerx,pregonerxs
prematuro,prematura,prematur@,prematuros,prematuras,prematur@s,pl,tweets,"Turno de refuerzo, un saludo a tod@s l@s prematur@s.",prematurx,prematurxs
presentador,presentadora,presentador@,presentadores,presentadoras,presentador@s,pl,tweets,La televisión HD no les favorece a algunos presentador@s,presentadorx,presentadorxs
preso,presa,pres@,presos,presas,pres@s,sg;pl,tweets,@Mag_MD Depende por qué estuvo pres@!!,presx,presxs
presumido,presumida,presumid@,presumidos,presumidas,presumid@s,sg;pl,tweets,Y de presumid@s ni hablar,presumidx,presumidxs
prieto,prieta,priet@,prietos,prietas,priet@s,sg,tweets,"tmbn indi@, priet@🙄 https://t.co/Zt6A7fOS57",prietx,prietxs
primito,primita,primit@,primitos,primitas,primit@s,sg;pl,tweets,Voy a tener otr@ primit@😍😍😍😍,primitx,primitxs
primo,prima,prim@,primos,primas,prim@s,sg;pl,tweets,¿Está mal cogerse a un@ prim@?,primx,primxs
princeso,princesa,princes@,princesos,princesas,princes@s,sg;pl,tweets,Bos días princes@s,princesx,princesxs
pringado,pringada,pringad@,pringados,pringadas,pringad@s,sg;pl,tweets,@StayTrueorGTFO Quien es es@ pringad@,pringadx,pringadxs
prisionero,prisionera,prisioner@,prisioneros,prisioneras,prisioner@s,sg;pl,tweets,"No te quedes prisioner@ del pasado, fue una lección, no una sentencia.",prisionerx,prisionerxs
privilegiado,privilegiada,privilegiad@,privilegiados,privilegiadas,privilegiad@s,sg;pl,tweets,si soy cariñosa contigo siéntete privilegiad@,privilegiadx,privilegiadxs
proceso,procesa,proces@,procesos,procesas,proces@s,sg,tweets,"#IArtificial18 | “Proces@ es tiempo, eficiencia y fiabilidad”, Alfredo Pérez (@garrigues_es) https://t.co/7hD7pj9tbR",procesx,procesxs
procurador,procuradora,procurador@,procuradores,procuradoras,procurador@s,pl,tweets,Abogad@s y Procurador@s no somos gente 🤔 https://t.co/RYHnEphxr0,procuradorx,procuradorxs
productor,productora,productor@,productores,productoras,productor@s,pl,tweets,Muy feliz día a los productor@s! En especial a mis amig@s y compañer@s de cada día. Hermosa y creativa profesión !,productorx,productorxs
prof,profa,prof@,profes,profas,prof@s,pl,tweets,Consejos para prof@s http://t.co/ymztpOUeys,profx,profxs
profesor,profesora,profesor@,profesores,profesoras,profesor@s,sg;pl,both,@LosLatinosDicen A un@ profesor@,profesorx,profesorxs
progenitor,progenitora,progenitor@,progenitores,progenitoras,progenitor@s,pl,tweets,Progenitor@s de 'mi hij@ no': SU HIJ@ SÍ. 🤷🏾‍♀️ De nada.,progenitorx,progenitorxs
programador,programadora,programador@,programadores,programadoras,programador@s,sg;pl,tweets,¡Feliz día de l@s programador@s! https://t.co/h8IHoNpvnb,programadorx,programadorxs
promiscuo,promiscua,promiscu@,promiscuos,promiscuas,promiscu@s,sg,tweets,Ustedes se dan cuenta cuando un hombre o una mujer es promiscu@ https://t.co/9mqbHihNgQ,promiscux,promiscuxs
promotor,promotora,promotor@,promotores,promotoras,promotor@s,pl,tweets,"PROMOTOR@S CAMPAÑAS ESTABLES #empleo, #SEVILLA REF: 4641453 https://t.co/nK5G8R1EtN",promotorx,promotorxs
propietario,propietaria,propietari@,propietarios,propietarias,propietari@s,sg;pl,tweets,"@Ana11610843 Pues si ambos sois propietari@s, ármate de paciencia",propietarix,propietarixs
prostituto,prostituta,prostitut@,prostitutos,prostitutas,prostitut@s,sg;pl,tweets,Ser prostitut@ bueno ?,prostitutx,prostitutxs
protegido,protegida,protegid@,protegidos,protegidas,protegid@s,pl,tweets,@ismaelrivass @oscarsilpop nosotrxs debemos ser preservad@s y protegid@s,protegidx,protegidxs
provocador,provocadora,provocador@,provocadores,provocadoras,provocador@s,pl,tweets,preparando el desfile de la cabalgata. ¿Vamos muy provocador@s? https://t.co/WNImX7KRA8,provocadorx,provocadorxs
proyecto,proyecta,proyect@,proyectos,proyectas,proyect@s,sg,tweets,Proyect@ de Pilar Vera para la mejora de la #Educación - muy necesario https://t.co/cn3DUBRZ87,proyectx,proyectxs
prro,prra,prr@,prros,prras,prr@s,sg;pl,tweets,Vales madre prr@,prrx,prrxs
próximo,próxima,próxim@,próximos,próximas,próxim@s,pl,tweets,In-directa para mis próxim@s amig@s invisibles. ⬇️📦 https://t.co/en4pWpEQBz,próximx,próximxs
psicólogo,psicóloga,psicólog@,psicólogos,psicólogas,psicólog@s,sg;pl,both,Se busca psicólog@ !!,psicólogx,psicólogxs
publicitario,publicitaria,publicitari@,publicitarios,publicitarias,publicitari@s,sg;pl,tweets,Feliz día a todos los futuros publicitari@s,publicitarix,publicitarixs
pucelano,pucelana,pucelan@,pucelanos,pucelanas,pucelan@s,pl,tweets,"pucelan@s, porfi, mirad qué cosita 💕💕💕💕💕💕💕💕 https://t.co/1TmKKAuEIZ",pucelanx,pucelanxs
pudimo,pudima,pudim@,pudimos,pudimas,pudim@s,pl,tweets,@VladiBarrosa @publico_es espero que se lleven a los de Pudim@s pa completar el poker,pudimx,pudimxs
puerco,puerca,puerc@,puercos,puercas,puerc@s,sg;pl,tweets,@AMuyshondt PUERC@S,puercx,puercxs
puertorriqueño,puertorriqueña,puertorriqueñ@,puertorriqueños,puertorriqueñas,puertorriqueñ@s,pl,tweets,"Por mi bandera y Puerto Rico, voy a todas. ¡PUERTORRIQUEÑ@S SIEMPRE! https://t.co/symtWpwjx4",puertorriqueñx,puertorriqueñxs
puesto,puesta,puest@,puestos,puestas,puest@s,pl,tweets,necesito amistades que estén puest@s pa ir pa la okay conmigo todos los días,puestx,puestxs
puntito,puntita,puntit@,puntitos,puntitas,puntit@s,sg,tweets,"UN PUNTIT@ EN LA BOCA, 🎼☯️VOX☯️ https://t.co/pFv2imWwEe",puntitx,puntitxs
puro,pura,pur@,puros,puras,pur@s,pl,tweets,Pur@s 🐸🐸🐸🐸,purx,purxs
putero,putera,puter@,puteros,puteras,puter@s,pl,tweets,Que puter@s son jajajajaja,puterx,puterxs
putisimo,putisima,putisim@,putisimos,putisimas,putisim@s,sg,tweets,@tanpegp Hija de su putisim@ m@dre!!!,putisimx,putisimxs
putito,putita,putit@,putitos,putitas,putit@s,sg;pl,tweets,Volví putit@s,putitx,putitxs
puto,puta,put@,putos,putas,put@s,sg;pl,both,a dormir put@s,putx,putxs
pvto,pvta,pvt@,pvtos,pvtas,pvt@s,sg;pl,tweets,¡¡¡FELIZ AÑO PVT@S!!! 🎉,pvtx,pvtxs
pájaro,pájara,pajar@,pájaros,pájaras,pajar@s,pl,both,Aquí no se sabe qué hay más si pájar@s o mariguaner@s.,pajarx,pajarxs
público,pública,públic@,públicos,públicas,públic@s,sg,tweets,"""Un pequeño paso para el emplead@ públic@, un gran paso para la Fijeza"". #TJUE_Fijeza #FijezaYA https://t.co/SSEuV70sZo",públicx,públicxs
púlpito,púlpita,pulpit@,púlpitos,púlpitas,pulpit@s,pl,tweets,¡Buenos días pulpit@s!🌻💜 #BeDifferent🐙 #AvantiFekyX,pulpitx,pulpitxs
quemado,quemada,quemad@,quemados,quemadas,quemad@s,pl,tweets,@marietairles13 Tenemos quemad@s a los pasotas,quemadx,quemadxs
queretano,queretana,queretan@,queretanos,queretanas,queretan@s,pl,tweets,#QuedateEnCasa #QroOrgulloDeMx 🤣 #NuevaNormalidad @gobqro Paisan@s Queretan@s encontré esto en la red 🤣 👇 https://t.co/hd00a8Ia9p,queretanx,queretanxs
querido,querida,querid@,queridos,queridas,querid@s,pl,tweets,buenos días querid@s https://t.co/y2dWR5OMpi,queridx,queridxs
quier,quiera,quier@,quieres,quieras,quier@s,sg,tweets,Jajajja quier@ uno 😂 https://t.co/JG1ElyAkCK,quierx,quierxs
quinceañero,quinceañera,quinceañer@,quinceañeros,quinceañeras,quinceañer@s,pl,tweets,"@Danaa_Dc @AdrianooSSJ @ysy__a Eeeh, son todos quinceañer@s",quinceañerx,quinceañerxs
quinto,quinta,quint@,quintos,quintas,quint@s,pl,tweets,@YofuiaEGB Somos quint@s!!!,quintx,quintxs
quiteño,quiteña,quiteñ@,quiteños,quiteñas,quiteñ@s,pl,tweets,"Mi solidaridad a Carla Cevallos, no se puede manchar así el honor de nadie, peor el de una mujer q representa a los quiteñ@s.",quiteñx,quiteñxs
químico,química,químic@,químicos,químicas,químic@s,pl,tweets,@nacholozano Químic@s 👩🏻‍🔬👨🏻‍🔬,químicx,químicxs
rajo,raja,raj@,rajos,rajas,raj@s,sg,tweets,@Camara_cl Bájense el sueldo parasit@s cara de raj@ (así no dejo a nadie afuera),rajx,rajxs
rapero,rapera,raper@,raperos,raperas,raper@s,sg;pl,tweets,A ti no te gusta el rap te gusta ir de raper@,raperx,raperxs
rarito,rarita,rarit@,raritos,raritas,rarit@s,pl,tweets,@GotMiracle_ Que rarit@s xd,raritx,raritxs
raro,rara,rar@,raros,raras,rar@s,pl,tweets,"Buenos días, especialmente a l@s rar@s.",rarx,rarxs
rastreador,rastreadora,rastreador@,rastreadores,rastreadoras,rastreador@s,pl,tweets,"@eduardoinda Y les pagará o serán voluntari@s, como l@s rastreador@s.",rastreadorx,rastreadorxs
rastrero,rastrera,rastrer@,rastreros,rastreras,rastrer@s,pl,tweets,Alucino lo rastrer@s que sois,rastrerx,rastrerxs
ratero,ratera,rater@,rateros,rateras,rater@s,sg;pl,tweets,"Aparte de rater@, sap@!",raterx,raterxs
rato,rata,rat@,ratos,ratas,rat@s,sg;pl,tweets,La rat@ https://t.co/6kIMrSyH0Z,ratx,ratxs
rayado,rayada,rayad@,rayados,rayadas,rayad@s,sg;pl,tweets,@nandoreyes Típic@ rayad@ 😂😂😂😂😂,rayadx,rayadxs
razo,raza,raz@,razos,razas,raz@s,sg,tweets,ASI LA COSA BB!!! @LuchaEre 😁😍😘 USTEDES QUE OPINAN RAZ@!??? JAJAJA https://t.co/kNTKR3BKo8,razx,razxs
reaccionario,reaccionaria,reaccionari@,reaccionarios,reaccionarias,reaccionari@s,pl,tweets,@jaume27902496 @cayetanaAT Reaccionari@s ya son Uds bastante.,reaccionarix,reaccionarixs
realizador,realizadora,realizador@,realizadores,realizadoras,realizador@s,pl,tweets,Imperdible el episodio de hoy de #ArchivoDocumental con la conducción de @JaviiGalarza por @5RTvSF! Tremend@s realizador@s que gustan de compartir sus trabajos con la comunidad toda. https://t.co/87jN95ZfmA,realizadorx,realizadorxs
rebonito,rebonita,rebonit@,rebonitos,rebonitas,rebonit@s,pl,tweets,La felicidad😀 Buenas noches rebonit@s♥️ https://t.co/7RLWiPt4Vm,rebonitx,rebonitxs
rechazado,rechazada,rechazad@,rechazados,rechazadas,rechazad@s,sg,tweets,"Aguante ser bi, porque sos doblemente rechazad@ 😎🤠✌🏻",rechazadx,rechazadxs
recomendado,recomendada,recomendad@,recomendados,recomendadas,recomendad@s,pl,tweets,"En @EvLGamingOK vamos a abrir las postulaciones a mas streamers, tienen recomendad@s?",recomendadx,recomendadxs
rector,rectora,rector@,rectores,rectoras,rector@s,pl,tweets,@N24_carabobo Porque la actual @AsambleaVE no crea un CNE nombra nuev@s rector@s y un TSJ paralelo y designa magistrados?,rectorx,rectorxs
recuperado,recuperada,recuperad@,recuperados,recuperadas,recuperad@s,pl,tweets,Case 86000 recuperad@s #COVID__19,recuperadx,recuperadxs
redactor,redactora,redactor@,redactores,redactoras,redactor@s,sg,tweets,#chamba Busco redactor@ senior con experiencia en retail ❤️ plisito agradezco el rt o fav o lo que sea. Más info por mensajito 💕💕💕,redactorx,redactorxs
refugiado,refugiada,refugiad@,refugiados,refugiadas,refugiad@s,pl,tweets,Del 4 al 8 de abril: Campaña de apoyo humanitario a l@s refugiad@s. https://t.co/NGoFbKoAmv,refugiadx,refugiadxs
regidor,regidora,regidor@,regidores,regidoras,regidor@s,pl,tweets,Bloque de regidor@s en el @municipio_leon: no al incremento en la tarifa de transporte público... https://t.co/tlAL65kBMF,regidorx,regidorxs
regio,regia,regi@,regios,regias,regi@s,sg;pl,tweets,@vanchovan Jajajajajajaja regi@s todos,regix,regixs
reino,reina,rein@,reinos,reinas,rein@s,sg,tweets,@baebIooms rein@,reinx,reinxs
religioso,religiosa,religios@,religiosos,religiosas,religios@s,sg;pl,tweets,¿Eres Religios@? RT: SI FAV: NO,religiosx,religiosxs
repartidor,repartidora,repartidor@,repartidores,repartidoras,repartidor@s,pl,tweets,"REPARTIDOR@S CARNETS: C, CAP Y TACOGRAFO VALENCIA #empleo, #VALENCIA REF: 4885138 https://t.co/Q5hXlErWZp",repartidorx,repartidorxs
reponedor,reponedora,reponedor@,reponedores,reponedoras,reponedor@s,pl,tweets,"@informativost5 ni l@s cajer@s , ni reponedor@s, carnicer@s, pescader@s etc ,etc . No abras y ya está",reponedorx,reponedorxs
reportero,reportera,reporter@,reporteros,reporteras,reporter@s,sg;pl,tweets,Mis respetos a los reporter@s,reporterx,reporterxs
repostero,repostera,reposter@,reposteros,reposteras,reposter@s,sg;pl,tweets,Mis respetos a l@s reposter@s,reposterx,reposterxs
representado,representada,representad@,representados,representadas,representad@s,pl,tweets,@jfguzmanm @CarolinaDarias No podemos estar mejor representad@s,representadx,representadxs
republicano,republicana,republican@,republicanos,republicanas,republican@s,sg;pl,tweets,Ahora sois todos republican@s? Jajajajajajajajaj que os gusta un postureo compi,republicanx,republicanxs
reputo,reputa,reput@,reputos,reputas,reput@s,sg,tweets,“@DonJoel_in: Que sean gemelos chuyy!!!” // #Reput@,reputx,reputxs
rescatadito,rescatadita,rescatadit@,rescataditos,rescataditas,rescatadit@s,pl,tweets,"#FelizLunes y #MisMetasenJulio son pedirle apoyo para nuestros rescatadit@s,queremos ayudar a muchos mas pero nos falta espacio ¿nos ayudan? https://t.co/Eqxo05qONr",rescataditx,rescataditxs
resentido,resentida,resentid@,resentidos,resentidas,resentid@s,sg;pl,tweets,Resentid@s nos vemos,resentidx,resentidxs
resfriado,resfriada,resfriad@,resfriados,resfriadas,resfriad@s,sg,tweets,FAV si estás resfriad@ como yo. 😷🤧,resfriadx,resfriadxs
restaurador,restauradora,restaurador@,restauradores,restauradoras,restaurador@s,pl,tweets,@ArtUsSL Si l@s restaurador@s ponemos límite es porque sabemos CUÁNDO PARAR. Que para algo es NUESTRA profesión. ¿O a caso me pongo yo a operar a corazón abierto sin tener NI PUTA IDEA?,restauradorx,restauradorxs
retirado,retirada,retirad@,retirados,retiradas,retirad@s,pl,tweets,"@fgarcia1986 @diarioas Mal, q manía con poner placas hasta que no se retiren, le pones la placa ahora, en verano la ficha el tacon, y ya tenemos lio. Las placas una vez retirad@s.",retiradx,retiradxs
retrasado,retrasada,retrasad@,retrasados,retrasadas,retrasad@s,sg;pl,tweets,Retrasad@s https://t.co/dxULQmnTwS,retrasadx,retrasadxs
revolucionario,revolucionaria,revolucionari@,revolucionarios,revolucionarias,revolucionari@s,sg;pl,tweets,Me gustan revolucionari@s.,revolucionarix,revolucionarixs
rezagado,rezagada,rezagad@,rezagados,rezagadas,rezagad@s,pl,tweets,Para l@s rezagad@s 🤣🤣 https://t.co/uUxp1rPEpA,rezagadx,rezagadxs
rico,rica,ric@,ricos,ricas,ric@s,pl,tweets,Que día y noche más ric@s 🤩,ricx,ricxs
ridículo,ridícula,ridicul@,ridículos,ridículas,ridicul@s,sg;pl,tweets,Que ridicul@,ridiculx,ridiculxs
riojano,riojana,riojan@,riojanos,riojanas,riojan@s,pl,tweets,VIVA LA RIOJA! y l@s riojan@s...of course! https://t.co/nH3uBe6YKV,riojanx,riojanxs
rociero,rociera,rocier@,rocieros,rocieras,rocier@s,pl,tweets,Deseamos a l@s rocier@s de #Olivares que tengan un buen camino y estancia en #Rocio2017 https://t.co/5sdVjS8JU7,rocierx,rocierxs
rockero,rockera,rocker@,rockeros,rockeras,rocker@s,sg;pl,tweets,Feliz Día Rocker@s😊🤘 https://t.co/abCtzchTR8,rockerx,rockerxs
rodo,roda,rod@,rodos,rodas,rod@s,pl,tweets,Feliz día de la Bandera para todxs y rod@s. En su día. https://t.co/awDEzacdJc,rodx,rodxs
rojazo,rojaza,rojaz@,rojazos,rojazas,rojaz@s,pl,tweets,Buenos días rojaz@s!!!🤪😘🤗🌺🌺 https://t.co/9qTdhfMMeV,rojazx,rojazxs
rojiblanco,rojiblanca,rojiblanc@,rojiblancos,rojiblancas,rojiblanc@s,pl,tweets,Participen rojiblanc@s 🙌🙌 https://t.co/pjkUCslLeo,rojiblancx,rojiblancxs
rojillo,rojilla,rojill@,rojillos,rojillas,rojill@s,pl,tweets,¡Cómo os hemos echado de menos rojill@s! ¡Aúpa Osasuna!,rojillx,rojillxs
rojo,roja,roj@,rojos,rojas,roj@s,sg;pl,tweets,Así de simple.. Soy Roj@ y es un Orgullo. Retuitea ↘️↙️,rojx,rojxs
rol,rola,rol@,roles,rolas,rol@s,sg,tweets,@IesJess Cual rol@,rolx,rolxs
rolero,rolera,roler@,roleros,roleras,roler@s,pl,tweets,Los padres y madres roler@s son mis heroes de hoy!,rolerx,rolerxs
romano,romana,roman@,romanos,romanas,roman@s,pl,tweets,¿Todo bien Roman@s? Reporten su status y ubicación de la zona,romanx,romanxs
romántico,romántica,romántic@,románticos,románticas,romántic@s,sg;pl,tweets,@palomarrazola Andamos romántic@s?,románticx,románticxs
rosarino,rosarina,rosarin@,rosarinos,rosarinas,rosarin@s,pl,tweets,Comprenden Rosarin@S 👇 https://t.co/hrgrZ844FN,rosarinx,rosarinxs
rubio,rubia,rubi@,rubios,rubias,rubi@s,sg;pl,tweets,RT: moren@s FAV: rubi@s,rubix,rubixs
ruco,ruca,ruc@,rucos,rucas,ruc@s,sg;pl,tweets,¿Van a ahorcar ruc@s hoy?,rucx,rucxs
rumano,rumana,ruman@,rumanos,rumanas,ruman@s,pl,bluesky,"Hoy hemos salido por Düsseldorf un grupo compuesto por 8 Español@s, 1 Griego, 3 Portugues@s, 3 Italian@s, 3 Ruman@s, 1 argentino, 1 brasileño, y 1 Georgian@. No se sabe si vamos de fiesta, o a robar un banco.",rumanx,rumanxs
rumbero,rumbera,rumber@,rumberos,rumberas,rumber@s,pl,tweets,"¡Buenos días, Rumber@s! https://t.co/MFtot6Tl3A",rumberx,rumberxs
ruso,rusa,rus@,rusos,rusas,rus@s,pl,tweets,¿Por qué l@s rus@s no se ríen nunca?,rusx,rusxs
sabinero,sabinera,sabiner@,sabineros,sabineras,sabiner@s,pl,tweets,Buenas tardes sabiner@s https://t.co/VjFMOC5fK0,sabinerx,sabinerxs
sabio,sabia,sabi@,sabios,sabias,sabi@s,sg;pl,tweets,@Marie_kb9 Rectificar es de sabi@s,sabix,sabixs
salado,salada,salad@,salados,saladas,salad@s,sg,tweets,@umaru91 Salad@,saladx,saladxs
salido,salida,salid@,salidos,salidas,salid@s,sg,tweets,#DiscoPop previa + amigas + buena musica = despues salid@,salidx,salidxs
salinero,salinera,saliner@,salineros,salineras,saliner@s,pl,tweets,Ya hemos subido todas las fotos del Fondo Gatzagak para identificar a los saliner@s del @vallesalado. https://t.co/mazKqC67xI,salinerx,salinerxs
salmantino,salmantina,salmantin@,salmantinos,salmantinas,salmantin@s,pl,tweets,Feliz Lunes de Aguas a todos los salmantin@s https://t.co/ohrZffD696,salmantinx,salmantinxs
salsero,salsera,salser@,salseros,salseras,salser@s,sg;pl,tweets,mira que sois salser@s,salserx,salserxs
salteño,salteña,salteñ@,salteños,salteñas,salteñ@s,pl,tweets,Hoy! Con lectura de cuentos a cargo de artistas salteñ@s! IM PER DI BLE https://t.co/uAT3XxiQvM,salteñx,salteñxs
saludo,saluda,salud@,saludos,saludas,salud@s,pl,tweets,Salud@s https://t.co/XLH20e5D7D,saludx,saludxs
salvado,salvada,salvad@,salvados,salvadas,salvad@s,sg,tweets,Quién es tu salvad@ #SVGala3,salvadx,salvadxs
salvadoreño,salvadoreña,salvadoreñ@,salvadoreños,salvadoreñas,salvadoreñ@s,sg;pl,tweets,@Tita_Batres Un dia mas en que esperan los salvadoreñ@s QUE DEVUELVAN LO ROBADO 😡,salvadoreñx,salvadoreñxs
salvo,salva,salv@,salvos,salvas,salv@s,sg,tweets,"@karliuriz Esperas a que vuelva san@ y salv@, ¡y ya!",salvx,salvxs
samaritano,samaritana,samaritan@,samaritanos,samaritanas,samaritan@s,sg,tweets,@pdrolivermanas Algún buen samaritan@ que pasaba x allí ...😋,samaritanx,samaritanxs
sanitario,sanitaria,sanitari@,sanitarios,sanitarias,sanitari@s,sg;pl,both,"@ayanperl @Chus3326Jar Yo no soy sanitari@, pero tampoco entiendo.",sanitarix,sanitarixs
sanitaro,sanitara,sanitar@,sanitaros,sanitaras,sanitar@s,pl,tweets,@Usu22693172 @jemahuja Y les sanitar@s que??,sanitarx,sanitarxs
sanito,sanita,sanit@,sanitos,sanitas,sanit@s,sg,tweets,Lo único que pido es que vengas sanit@ 🤞💫,sanitx,sanitxs
sanjuanero,sanjuanera,sanjuaner@,sanjuaneros,sanjuaneras,sanjuaner@s,pl,tweets,Los sanjuaner@s tamos locos con Danilo #SanJuanSiempreConDanilo,sanjuanerx,sanjuanerxs
santafesino,santafesina,santafesin@,santafesinos,santafesinas,santafesin@s,pl,tweets,Celebramos junto al @GobSantaFe el 1er año de gestión con tod@s l@s santafesin@s. #ConElFuturoAlFrente https://t.co/n0rlJmOQe8,santafesinx,santafesinxs
santandereano,santandereana,santanderean@,santandereanos,santandereanas,santanderean@s,pl,tweets,¡#FelizLunes santanderean@s! Dios nos regala una nueva semana para alcanzar nuestros propósitos. #SantanderNosUne,santandereanx,santandereanxs
santanderino,santanderina,santanderin@,santanderinos,santanderinas,santanderin@s,pl,tweets,Disfrutando con l@s santanderin@s de la tradicional comida en la campa de la Virgen del Mar https://t.co/K7VYFpInkJ,santanderinx,santanderinxs
santiaguino,santiaguina,santiaguin@,santiaguinos,santiaguinas,santiaguin@s,pl,tweets,"Santiaguin@s desesperad@s por temblor 5,7 #cadenanacional #noticieros",santiaguinx,santiaguinxs
santo,santa,sant@,santos,santas,sant@s,sg;pl,tweets,de sant@ a sobr@ real quick,santx,santxs
sanzero,sanzera,sanzer@,sanzeros,sanzeras,sanzer@s,pl,tweets,Feliz fin de semana sanzer@s !!,sanzerx,sanzerxs
sapo,sapa,sap@,sapos,sapas,sap@s,sg;pl,tweets,Sap@,sapx,sapxs
satisfecho,satisfecha,satisfech@,satisfechos,satisfechas,satisfech@s,pl,tweets,"Satisfech@s después de consumar su amor, solo les falta un cigarro#LordBalcones",satisfechx,satisfechxs
secretario,secretaria,secretari@,secretarios,secretarias,secretari@s,sg;pl,tweets,Secretari@ Académic@ https://t.co/3GHCqzCMiv,secretarix,secretarixs
secreto,secreta,secret@,secretos,secretas,secret@s,sg,tweets,Amig@ secret@ 🤫🤭 https://t.co/1EHi0u2QLw,secretx,secretxs
sectario,sectaria,sectari@,sectarios,sectarias,sectari@s,pl,tweets,@EdZamper @angeldiezc @TrenMayaMX Varios sectari@s https://t.co/cSL30toBDx,sectarix,sectarixs
secundario,secundaria,secundari@,secundarios,secundarias,secundari@s,pl,tweets,#Octubre se llama Secundari@s.,secundarix,secundarixs
segoviano,segoviana,segovian@,segovianos,segovianas,segovian@s,pl,tweets,@AbrahamMateoMus Crack l@s Abrahamer segovian@s te estamos esperando &lt;3,segovianx,segovianxs
seguidor,seguidora,seguidor@,seguidores,seguidoras,seguidor@s,sg;pl,both,@Arianabril1 A mis seguidor@s 😏,seguidorx,seguidorxs
segundero,segundera,segunder@,segunderos,segunderas,segunder@s,sg,tweets,y ese segunder@????,segunderx,segunderxs
segundo,segunda,segund@,segundos,segundas,segund@s,sg;pl,tweets,alguna segund@ para LOTUSSS,segundx,segundxs
seleccionado,seleccionada,seleccionad@,seleccionados,seleccionadas,seleccionad@s,pl,tweets,Enhorabuena a l@s seleccionad@s!!!!😀 https://t.co/Do34fBXZRV,seleccionadx,seleccionadxs
sembrador,sembradora,sembrador@,sembradores,sembradoras,sembrador@s,pl,tweets,En memoria de l@s sembrador@s de vida y edificador@s de dignidad. El Cauca presente. ¡Por la paz todo. Por la guerra Nada! https://t.co/6Xl9SkCUeW,sembradorx,sembradorxs
senador,senadora,senador@,senadores,senadoras,senador@s,sg;pl,tweets,@josimaralejo Adiós a 500mil pesos de prerrogativas mensuales por senador@,senadorx,senadorxs
sencillo,sencilla,sencill@,sencillos,sencillas,sencill@s,pl,tweets,@tenerifeend Esas personas y momentos simples y sencill@s de la vida...eso me enamora,sencillx,sencillxs
seno,sena,señ@,senos,senas,señ@s,pl,tweets,"Básicamente, señ@s locas del super y de la farmacia: CUIDAD LAS BARRERAS Y LAS LINEAS ROJAS DEL SUELO. Lo ha dicho el tío Pedro. GRACIAS",señx,señxs
sensato,sensata,sensat@,sensatos,sensatas,sensat@s,pl,tweets,"@Mnica32959412 Esta es la fila de los sensat@s, por lo q veo! El últim@?",sensatx,sensatxs
serio,seria,seri@,serios,serias,seri@s,sg,tweets,pa q me escribes si no eres ni seri@,serix,serixs
servidor,servidora,servidor@,servidores,servidoras,servidor@s,pl,tweets,@mlberp #HoySonHéroes Abrazos y fuerza a todo los servidor@s de la salud.,servidorx,servidorxs
setumismo,setumisma,setumism@,setumismos,setumismas,setumism@s,sg,tweets,#SETUMISM@ https://t.co/yQujvvojCZ,setumismx,setumismxs
sevillano,sevillana,sevillan@,sevillanos,sevillanas,sevillan@s,pl,tweets,Sevillan@s en el exilio. El de verdad https://t.co/toMh2L8JWt,sevillanx,sevillanxs
señor,señora,señor@,señores,señoras,señor@s,sg;pl,both,ke kiere señor@?,señorx,señorxs
señorito,señorita,señorit@,señoritos,señoritas,señorit@s,sg;pl,tweets,@Makarrrma Si señorit@,señoritx,señoritxs
shavo,shava,shav@,shavos,shavas,shav@s,pl,tweets,https://t.co/RhlNHsKm1k Chekenlo Shav@s,shavx,shavxs
sicario,sicaria,sicari@,sicarios,sicarias,sicari@s,pl,tweets,@Montesa_VAL Una asesina a sueldo. L@s clásicamente llamadas sicari@s,sicarix,sicarixs
siervo,sierva,sierv@,siervos,siervas,sierv@s,sg,tweets,Buen día sierv@ 🌞,siervx,siervxs
silenciado,silenciada,silenciad@,silenciados,silenciadas,silenciad@s,sg,tweets,Silenciad@,silenciadx,silenciadxs
simio,simia,simi@,simios,simias,simi@s,pl,tweets,Tremendos simi@s estos,simix,simixs
sirio,siria,siri@,sirios,sirias,siri@s,pl,tweets,Se inicia en #Galapagar Jornada de ayuda a refugiad@s Siri@s #solidaridad #FelizSabado http://t.co/p5fEdR52nR,sirix,sirixs
smigo,smiga,smig@,smigos,smigas,smig@s,pl,tweets,Yo ya estaría con mis smig@s 😵,smigx,smigxs
soberano,soberana,soberan@,soberanos,soberanas,soberan@s,pl,tweets,Somos soberan@s. No necesitamos aprobación de naciones cipayas del imperio,soberanx,soberanxs
soberbio,soberbia,soberbi@,soberbios,soberbias,soberbi@s,sg;pl,tweets,@anto_moralesv Me parece q se burlo.. en el triunfo siempre hay q ser humilde y no soberbi@..,soberbix,soberbixs
sobrado,sobrada,sobrad@,sobrados,sobradas,sobrad@s,sg;pl,tweets,@cule_miss Vas sobrad@ ya✌,sobradx,sobradxs
sobrevalorado,sobrevalorada,sobrevalorad@,sobrevalorados,sobrevaloradas,sobrevalorad@s,sg,tweets,La gente se dará cuenta de que estás sobrevalorad@,sobrevaloradx,sobrevaloradxs
sobrinito,sobrinita,sobrinit@,sobrinitos,sobrinitas,sobrinit@s,sg;pl,tweets,Otr@ sobrinit@🥺💖,sobrinitx,sobrinitxs
sobrino,sobrina,sobrin@,sobrinos,sobrinas,sobrin@s,sg;pl,tweets,Muero por tener ya a mi sobrin@😍,sobrinx,sobrinxs
socio,socia,soci@,socios,socias,soci@s,sg;pl,both,@FalabellaAyuda @maricita2021 Soci@ y a mi cuando?,socix,socixs
sociólogo,socióloga,sociólog@,sociólogos,sociólogas,sociólog@s,pl,tweets,"Entre sociólog@s, psicólog@s y antropólog@s te veas https://t.co/m8GV2e5ROY",sociólogx,sociólogxs
soldado,soldada,soldad@,soldados,soldadas,soldad@s,sg;pl,tweets,Huye soldad@.,soldadx,soldadxs
solidario,solidaria,solidari@,solidarios,solidarias,solidari@s,sg;pl,tweets,Alguien solidari@ que me traiga helado de frutilla?🙈💘,solidarix,solidarixs
soltero,soltera,solter@,solteros,solteras,solter@s,sg;pl,tweets,#MG De Los Solter@s😎,solterx,solterxs
sonador,soñadora,soñador@,soñadores,soñadoras,soñador@s,sg;pl,tweets,Buenas noches soñador@s 😚😚https://t.co/vkMNrgrQmV,soñadorx,soñadorxs
sordo,sorda,sord@,sordos,sordas,sord@s,sg;pl,tweets,En q idioma piensan l@s sord@s ?,sordx,sordxs
soriano,soriana,sorian@,sorianos,sorianas,sorian@s,pl,tweets,"Vota por un futuro Unido de los Sorian@s, sin franquicias!! https://t.co/15XYxbmjEx",sorianx,sorianxs
soror,sorora,soror@,sorores,sororas,soror@s,pl,tweets,Crónica de L@s Soror@s - Revista Anfibia 💚 https://t.co/Aiz9xBL478,sororx,sororxs
subdelegado,subdelegada,subdelegad@,subdelegados,subdelegadas,subdelegad@s,pl,tweets,Formación de delegad@s y subdelegad@s de curso este año tenemos un gran equipo.Gracias a todos y a todas. https://t.co/Ysw8KIaPXX,subdelegadx,subdelegadxs
subsecretario,subsecretaria,subsecretari@,subsecretarios,subsecretarias,subsecretari@s,pl,tweets,🔴LO ÚLTIMO| Para las 11:45 fueron citados ministr@s y subsecretari@s al Palacio de La Moneda. @adnradiochile,subsecretarix,subsecretarixs
sucio,sucia,suci@,sucios,sucias,suci@s,sg;pl,tweets,O suci@ https://t.co/iwHlL164Qs,sucix,sucixs
sudcaliforniano,sudcaliforniana,sudcalifornian@,sudcalifornianos,sudcalifornianas,sudcalifornian@s,pl,tweets,Enhorabuena! 🎊 trato JUSTO para l@s sudcalifornian@s 🙌 https://t.co/hKGhCzfRp7,sudcalifornianx,sudcalifornianxs
suegro,suegra,suegr@,suegros,suegras,suegr@s,sg;pl,tweets,Mis suegr@s le mando 😍😂😂😂,suegrx,suegrxs
suelto,suelta,suelt@,sueltos,sueltas,suelt@s,sg;pl,tweets,Cuant@s niñat@s suelt@s,sueltx,sueltxs
suertudo,suertuda,suertud@,suertudos,suertudas,suertud@s,sg;pl,tweets,@ElQueMeBusca1 Suertud@!!,suertudx,suertudxs
sufridor,sufridora,sufridor@,sufridores,sufridoras,sufridor@s,pl,tweets,@AdharaGE Sufridor@s ☹️💥,sufridorx,sufridorxs
sujeto,sujeta,sujet@,sujetos,sujetas,sujet@s,sg;pl,tweets,Hermosos sujet@s 🖤,sujetx,sujetxs
sumiso,sumisa,sumis@,sumisos,sumisas,sumis@s,pl,tweets,@VioletaBlack96 50 mil sumis@s rendidos a Sus pies Diosa mía! W😍W!!!,sumisx,sumisxs
supervisor,supervisora,supervisor@,supervisores,supervisoras,supervisor@s,pl,tweets,@Turcumano Supervisor@s de nivel secundario. Gravisimo lo que denuncian https://t.co/eYoARVdWDc,supervisorx,supervisorxs
supuesto,supuesta,supuest@,supuestos,supuestas,supuest@s,pl,tweets,"#Tipico: Tienes mas confianza en personas que acabas de conocer que en algunos de tus supuest@s ""Amig@s""",supuestx,supuestxs
suscriptor,suscriptora,suscriptor@,suscriptores,suscriptoras,suscriptor@s,pl,tweets,He vuelto para mis suscriptor@s �� https://t.co/MpsXW7jswc,suscriptorx,suscriptorxs
susodicho,susodicha,susodich@,susodichos,susodichas,susodich@s,sg,tweets,Que le van a regalar a su susodich@ 🧐,susodichx,susodichxs
sustituto,sustituta,sustitut@,sustitutos,sustitutas,sustitut@s,sg,tweets,"Nadie es indispensable en este mundo, yo te buscaré un sustitut@",sustitutx,sustitutxs
sólito,sólita,solit@,sólitos,sólitas,solit@s,sg;pl,tweets,Se borró solit@,solitx,solitxs
súbdito,súbdita,súbdit@,súbditos,súbditas,súbdit@s,pl,tweets,@SeXo_ILoveU y yo jugando con l@s súbdit@s https://t.co/6JrRBtdghh,súbditx,súbditxs
talaverano,talaverana,talaveran@,talaveranos,talaveranas,talaveran@s,pl,tweets,Tertulia de pensionistas talaveran@s https://t.co/7WaysSlgnH,talaveranx,talaveranxs
talentoso,talentosa,talentos@,talentosos,talentosas,talentos@s,pl,tweets,Veo que son muy talentos@s en sus twits jeje,talentosx,talentosxs
tarado,tarada,tarad@,tarados,taradas,tarad@s,sg;pl,tweets,@JDMant Tarad@,taradx,taradxs
tarifado,tarifada,tarifad@,tarifados,tarifadas,tarifad@s,pl,tweets,"Y la CUERDA DE TARIFAD@S DE LA MEDIÁTICA MUNDIAL calladit@s, no quiero ni imaginar si eso lo hiciera @NicolasMaduro 🤬 https://t.co/y4YzUBpGT4",tarifadx,tarifadxs
taurino,taurina,taurin@,taurinos,taurinas,taurin@s,pl,tweets,Afortunad@s de ser taurin@s https://t.co/nkz6VCjIxS,taurinx,taurinxs
tdoo,tdoa,tdo@,tdoos,tdoas,tdo@s,pl,tweets,¡Feliz Navidad a tdo@s! https://t.co/3Ruw54SoM3,tdox,tdoxs
teatrero,teatrera,teatrer@,teatreros,teatreras,teatrer@s,pl,tweets,"Te tienen y no te cuidan, después andan de teatrer@s ahí! Calmate y aléjate boo",teatrerx,teatrerxs
tebano,tebana,teban@,tebanos,tebanas,teban@s,pl,tweets,"Elegid estrategas, querid@s teban@s! https://t.co/yeCcxXo1B8",tebanx,tebanxs
teclo,tecla,tecl@,teclos,teclas,tecl@s,sg,tweets,La amenaza - Por Jorge Alemán - La Tecl@ Eñe Revista https://t.co/3Do0AVST6P,teclx,teclxs
tecnólogo,tecnóloga,tecnólog@,tecnólogos,tecnólogas,tecnólog@s,pl,tweets,Hace unos años nadie sabía que era CyTA. Ahora somos (serémos) el 4° trabajo más demandado. Enhorabuena tecnólog@s http://t.co/V2ajXpXuLI,tecnólogx,tecnólogxs
teleoperador,teleoperadora,teleoperador@,teleoperadores,teleoperadoras,teleoperador@s,pl,tweets,TELEOPERADOR@S COMERCIALES https://t.co/vwYudpkFrQ,teleoperadorx,teleoperadorxs
temporero,temporera,temporer@,temporeros,temporeras,temporer@s,pl,tweets,"✏️ 'Temporer@s, la nueva esclavitud'. Por @luixo80 https://t.co/6oA1BGlg9L",temporerx,temporerxs
tendero,tendera,tender@,tenderos,tenderas,tender@s,pl,tweets,@pablom_m Y tender@s de barrio también.,tenderx,tenderxs
tequilero,tequilera,tequiler@,tequileros,tequileras,tequiler@s,pl,tweets,"VENEZUELA INTERNACIONAL STREPPERS DANCERS 📹🎬🎥 GOGO'S,MODELO@S,ARTISTAS, BARTENDERS, SAMBA, TEQUILER@S ,SCOT Y MUCHO MÁS...04241926328☎CHUITO MANAGER..",tequilerx,tequilerxs
tercero,tercera,tercer@,terceros,terceras,tercer@s,pl,tweets,@odisea_creativa Con el tiempo he conseguido que las opiniones de tercer@s me la sud**,tercerx,tercerxs
terco,terca,terc@,tercos,tercas,terc@s,pl,tweets,@LauHerreraA Terc@s 😕,tercx,tercxs
tertuliano,tertuliana,tertulian@,tertulianos,tertulianas,tertulian@s,pl,both,@jatirado_oc @jatirado Y tus tertulian@s.....una penita.....,tertulianx,tertulianxs
testigo,testiga,testig@,testigos,testigas,testig@s,sg;pl,tweets,Heart si quieres ser testig@ de mi total autodestrucción.,testigx,testigxs
teto,teta,tet@,tetos,tetas,tet@s,sg;pl,tweets,Yo siempre quise la pvta con la tet@ 👽🔊,tetx,tetxs
tibio,tibia,tibi@,tibios,tibias,tibi@s,pl,tweets,@FrancoPredazzi Tibi@s,tibix,tibixs
tic,tica,tic@,tices,ticas,tic@s,pl,tweets,"A un día de estar con los tic@s, bueno si no se acaba el mundo.",ticx,ticxs
tido,tida,tid@,tidos,tidas,tid@s,pl,tweets,@guarito_21 Bendecido y maravilloso día a tid@s,tidx,tidxs
tinisto,tinista,tinist@,tinistos,tinistas,tinist@s,pl,tweets,Porque l@s tinist@s pasen sus tiempos a criticar karol?,tinistx,tinistxs
tipejo,tipeja,tipej@,tipejos,tipejas,tipej@s,pl,tweets,@abogadosvenezu1 Est@s tipej@s son todos unos picapleitos de pacotilla,tipejx,tipejxs
tipo,tipa,tip@,tipos,tipas,tip@s,sg;pl,tweets,@warkentin Buen tip@ Buen bich@,tipx,tipxs
tirador,tiradora,tirador@,tiradores,tiradoras,tirador@s,pl,tweets,#Esgrima 🤺 Nuestr@s Tirador@s ponen rumbo al Campeonato de Europa ⬇️ https://t.co/bD2GWFBzUH,tiradorx,tiradorxs
tito,tita,tit@,titos,titas,tit@s,sg;pl,tweets,@termealizando SE LO PONGO A TIT@,titx,titxs
titulado,titulada,titulad@,titulados,tituladas,titulad@s,sg;pl,tweets,Si sabes que tienes que estar titulad@ vrd?,tituladx,tituladxs
tnno,tnna,tnn@,tnnos,tnnas,tnn@s,sg,tweets,"TNN@ corrige, el Clan del Golfo asesinó a la líder María Hurtado de Tierralta, Córdoba, no el ELN,",tnnx,tnnxs
tocayo,tocaya,tocay@,tocayos,tocayas,tocay@s,pl,tweets,FELICIDADES A TOD@S MIS TOCAY@S,tocayx,tocayxs
todao,todaa,toda@,todaos,todaas,toda@s,pl,tweets,Buenas noches a toda@s,todax,todaxs
todito,todita,todit@,toditos,toditas,todit@s,pl,tweets,Todit@s de buzos fila que pasa,toditx,toditxs
toledano,toledana,toledan@,toledanos,toledanas,toledan@s,pl,tweets,Toledan@s de carita bien fachera en el Levante. Que fácil es reconocerlos. https://t.co/y41vZd5jix,toledanx,toledanxs
tontito,tontita,tontit@,tontitos,tontitas,tontit@s,sg;pl,tweets,@daniloperla Tontit@,tontitx,tontitxs
tonto,tonta,tont@,tontos,tontas,tont@s,sg;pl,tweets,@mjguemes Nos toma por......tont@s,tontx,tontxs
tooodo,toooda,toood@,tooodos,tooodas,toood@s,pl,tweets,@SensiSeeds ¡MUUUUCHÍSIMA SUERTE A TOOOD@S!!! 👐🍀🍀🍀,tooodx,tooodxs
toooodo,tooooda,tooood@,toooodos,toooodas,tooood@s,pl,tweets,Muuuy buen dia a tooood@s!!!👍👍👍 https://t.co/mu283w73av,toooodx,toooodxs
tooooodo,toooooda,toooood@,tooooodos,tooooodas,toooood@s,pl,tweets,Buen fin de semana para toooood@s!!!!!!!!!!!!!,tooooodx,tooooodxs
torrejonero,torrejonera,torrejoner@,torrejoneros,torrejoneras,torrejoner@s,pl,tweets,Buenos días torrejoner@s!! Vamos a por el miércoles 💪🏼#nosgustatorrejón #nachoalcalde https://t.co/xHntfOS2fb,torrejonerx,torrejonerxs
torturado,torturada,torturad@,torturados,torturadas,torturad@s,pl,tweets,"@AledeValpito Al contrario hemos perdido vidas, jóvenes torturad@s y desaparecid@s.",torturadx,torturadxs
tos,tosa,tos@,toses,tosas,tos@s,pl,tweets,Mil tweets!!! Y mil buenos días para tos@s!!,tosx,tosxs
trabador,trabadora,trabador@,trabadores,trabadoras,trabador@s,pl,tweets,Pero que ponga la otra mejilla el Dalai Lama Trabador@s - @chikosdelmaiz https://t.co/Dni3BN0yQa,trabadorx,trabadorxs
trabajado,trabajada,trabajad@,trabajados,trabajadas,trabajad@s,pl,tweets,@CoBas_MADRID @VIPS vuestra política de contratos genera trabajad@s precari@s!!,trabajadx,trabajadxs
trabajador,trabajadora,trabajador@,trabajadores,trabajadoras,trabajador@s,sg;pl,both,Somos trabajador@s por la #Paz de #Venezuela. https://t.co/dTQMyaqCiX,trabajadorx,trabajadorxs
trabajdor,trabajdora,trabajdor@,trabajdores,trabajdoras,trabajdor@s,pl,tweets,Chile huelga general ahora (si igual serán despedidos). Sin trabajdor@s no hay ganancia para ellos,trabajdorx,trabajdorxs
trabjador,trabjadora,trabjador@,trabjadores,trabjadoras,trabjador@s,pl,tweets,#OrgulloSocialista es defender a l@s trabjador@s y a l@s q menos tienen subiendo el salario minimo cuando gobierna https://t.co/b5FyxVkTDU,trabjadorx,trabjadorxs
traductor,traductora,traductor@,traductores,traductoras,traductor@s,pl,tweets,@soguejant i traductor@s,traductorx,traductorxs
traicionero,traicionera,traicioner@,traicioneros,traicioneras,traicioner@s,sg;pl,tweets,Traicioner@s 😒,traicionerx,traicionerxs
traidor,traidora,traidor@,traidores,traidoras,traidor@s,sg;pl,tweets,Que pasó traidor@...,traidorx,traidorxs
trajeado,trajeada,trajead@,trajeados,trajeadas,trajead@s,pl,tweets,+18 900k Trajead@s !!!,trajeadx,trajeadxs
tramposo,tramposa,trampos@,tramposos,tramposas,trampos@s,pl,tweets,Borrachos trampos@s,tramposx,tramposxs
trankilo,trankila,trankil@,trankilos,trankilas,trankil@s,sg,tweets,tu trankil@ y yo nervioso,trankilx,trankilxs
tratado,tratada,tratad@,tratados,tratadas,tratad@s,pl,tweets,@Alexcrdn No entiendo porq no podemos ser tratad@s como sras san Petrinas 😑,tratadx,tratadxs
traumado,traumada,traumad@,traumados,traumadas,traumad@s,pl,tweets,@elidepaz Traumad@s,traumadx,traumadxs
travieso,traviesa,travies@,traviesos,traviesas,travies@s,sg,tweets,@mewkanycudy ira que travies@,traviesx,traviesxs
triunfador,triunfadora,triunfador@,triunfadores,triunfadoras,triunfador@s,pl,tweets,A los guap@s triunfador@s el lunes nos la pela! 😎 Que tengan un excelente día monos!,triunfadorx,triunfadorxs
trol,trola,trol@,troles,trolas,trol@s,sg;pl,tweets,Que trol@s son,trolx,trolxs
trujillano,trujillana,trujillan@,trujillanos,trujillanas,trujillan@s,pl,tweets,"Gracias al Pueblo por la Gran #MareaRojaEnTrujillo, más de 90 mil Trujillan@s respaldando al Candidato de la Patria @NicolasMaduro",trujillanx,trujillanxs
tucumano,tucumana,tucuman@,tucumanos,tucumanas,tucuman@s,pl,tweets,"Que quede claro, l@s funcionari@s tucuman@s son responsables @GiselaStablun en @CronicaTV 📺 #NinasNoMadres #ileesderecho https://t.co/AA4XZNAlpw",tucumanx,tucumanxs
tuistero,tuistera,tuister@,tuisteros,tuisteras,tuister@s,pl,tweets,"Bon díaaaa tuister@s, la vida sigue. . #nosurrender . Quién se apunta al café ? . . https://t.co/QWFui0fZK6",tuisterx,tuisterxs
tuiteo,tuitea,tuite@,tuiteos,tuiteas,tuite@s,pl,tweets,¿Hacemos un hilo con “Tuite@s sobrevalorad@s”?,tuitex,tuitexs
tuiteramigo,tuiteramiga,tuiteramig@,tuiteramigos,tuiteramigas,tuiteramig@s,pl,tweets,¡Buenos días tuiteramig@s! ¡Feliz jueves! 😊😜☕,tuiteramigx,tuiteramigxs
tuiterillo,tuiterilla,tuiterill@,tuiterillos,tuiterillas,tuiterill@s,pl,tweets,Buenos Días tuiterill@s!!,tuiterillx,tuiterillxs
tuiterito,tuiterita,tuiterit@,tuiteritos,tuiteritas,tuiterit@s,pl,tweets,A todos y todas mis tuiterit@s del mundo les mando muchos besitos!💋💋💋💋💋,tuiteritx,tuiteritxs
tuitero,tuitera,tuiter@,tuiteros,tuiteras,tuiter@s,sg;pl,tweets,Un@ tuiter@ fue famos@ algun día?TT?,tuiterx,tuiterxs
tuitersito,tuitersita,tuitersit@,tuitersitos,tuitersitas,tuitersit@s,pl,tweets,"Buenísimos días, tuitersit@s 💛.",tuitersitx,tuitersitxs
tuittero,tuittera,tuitter@,tuitteros,tuitteras,tuitter@s,pl,tweets,"FELÍZ MIÉRCOLES AMIG@S TUITTER@S DEL MUNDO, ABRAZOS🎵♩🎹🎻🎺 https://t.co/4t8JM4YIHN",tuitterx,tuitterxs
turro,turra,turr@,turros,turras,turr@s,pl,tweets,no duden en consultar turr@s,turrx,turrxs
tutor,tutora,tutor@,tutores,tutoras,tutor@s,pl,tweets,Tutor@s @Fundabit Barinas adecuando contenidos de 2do grado @LeonelParica @GrrllFlorentino http://t.co/lkZdWb2wWX,tutorx,tutorxs
tweetero,tweetera,tweeter@,tweeteros,tweeteras,tweeter@s,pl,tweets,hii tweeter@s,tweeterx,tweeterxs
twitero,twitera,twiter@,twiteros,twiteras,twiter@s,sg;pl,tweets,Good morning twiter@s !!!,twiterx,twiterxs
twitter,twittera,twitter@,twitteres,twitteras,twitter@s,sg;pl,tweets,Buen día twitter@s!!!!!!!!,twitterx,twitterxs
twitteramigo,twitteramiga,twitteramig@,twitteramigos,twitteramigas,twitteramig@s,pl,tweets,Buenos días Twitteramig@s!!!,twitteramigx,twitteramigxs
técnico,técnica,técnic@,técnicos,técnicas,técnic@s,sg;pl,tweets,"SIN TÉCNIC@S, NO HAY CULTURA https://t.co/DSbCwtFKKo",técnicx,técnicxs
tóxico,tóxica,toxic@,tóxicos,tóxicas,toxic@s,sg;pl,tweets,puro toxic@,toxicx,toxicxs
unco,unca,unc@,uncos,uncas,unc@s,sg,tweets,Por si no sabían .. los de UNC@ son de piscis...,uncx,uncxs
uniformado,uniformada,uniformad@,uniformados,uniformadas,uniformad@s,pl,tweets,#Mentholatum desde siempre acompañando a nuestr@s Uniformad@s. https://t.co/ZQmmYU0prb,uniformadx,uniformadxs
universitario,universitaria,universitari@,universitarios,universitarias,universitari@s,sg;pl,tweets,"Gran sanisidro, mejores universitari@s",universitarix,universitarixs
urgenciologo,urgenciologa,urgenciolog@,urgenciologos,urgenciologas,urgenciolog@s,pl,tweets,Una historia cualquiera. Gracias herman@s. Efectivamente solo somos Urgenciolog@s. Solo eso. https://t.co/KIl3guens1,urgenciologx,urgenciologxs
urgenciólogo,urgencióloga,urgenciólog@,urgenciólogos,urgenciólogas,urgenciólog@s,pl,tweets,"@Matilda05401924 Si, urgenciólog@s de HUVN",urgenciólogx,urgenciólogxs
urgido,urgida,urgid@,urgidos,urgidas,urgid@s,pl,tweets,Tinder app para urgid@s! #OsoMil,urgidx,urgidxs
uribeño,uribeña,uribeñ@,uribeños,uribeñas,uribeñ@s,pl,tweets,@AlvaroUribeVel Esas ideas loc@s de l@s uribeñ@s,uribeñx,uribeñxs
uruguayo,uruguaya,uruguay@,uruguayos,uruguayas,uruguay@s,sg;pl,tweets,@gabyspepe A los uruguay@s no nos quiere. Una pena (?),uruguayx,uruguayxs
usuario,usuaria,usuari@,usuarios,usuarias,usuari@s,sg;pl,both,Atención usuari@s: https://t.co/w52kioHua7,usuarix,usuarixs
usurpado,usurpada,usurpad@,usurpados,usurpadas,usurpad@s,pl,tweets,@CarolinaPiparo Ley de víctimas para usurpad@s https://t.co/QPGHbNJqGx,usurpadx,usurpadxs
utrerano,utrerana,utreran@,utreranos,utreranas,utreran@s,pl,tweets,Felicidades a nuestro paisano @DaniCeballos46 y a l@s madridistas utreran@s por la Champions!! 😁👏⚽,utreranx,utreranxs
vacío,vacía,vaci@,vacíos,vacías,vaci@s,sg,tweets,Si no bailo me siento vaci@,vacix,vacixs
vagabundo,vagabunda,vagabund@,vagabundos,vagabundas,vagabund@s,pl,tweets,Que clase de vagabund@s van a la UCR 🤦🏻‍♂️ https://t.co/uHUQFgqhyd,vagabundx,vagabundxs
vago,vaga,vag@,vagos,vagas,vag@s,sg;pl,tweets,Con los vag@s,vagx,vagxs
valdiviano,valdiviana,valdivian@,valdivianos,valdivianas,valdivian@s,pl,tweets,@C0N5UEL0 Ajajajaja oye l@s Valdivian@s somos bravas 😂😂😂😂 Eeeellaaa la brava😅😅😅,valdivianx,valdivianxs
valenciano,valenciana,valencian@,valencianos,valencianas,valencian@s,sg;pl,both,Valencian@s GO HOME APESTOSOS #Valencia,valencianx,valencianxs
vallekano,vallekana,vallekan@,vallekanos,vallekanas,vallekan@s,pl,tweets,"¿Vallekan@s live matter, o no? https://t.co/zvT5JM8LLF",vallekanx,vallekanxs
vallisoletano,vallisoletana,vallisoletan@,vallisoletanos,vallisoletanas,vallisoletan@s,pl,tweets,"vallisoletan@s y demás, mañana.... https://t.co/c2adVBpD4k",vallisoletanx,vallisoletanxs
vampiro,vampira,vampir@,vampiros,vampiras,vampir@s,pl,tweets,@pawlaxx Suena a película de vampir@s...,vampirx,vampirxs
vaquero,vaquera,vaquer@,vaqueros,vaqueras,vaquer@s,pl,tweets,@gabymezaconz8 Adiós vaquer@s :'c,vaquerx,vaquerxs
vasco,vasca,vasc@,vascos,vascas,vasc@s,sg;pl,tweets,@RRitUErT @mariacucr @doctorocio @rosadiezglez Tú repartes los carnets de vasc@s?,vascx,vascxs
vato,vata,vat@,vatos,vatas,vat@s,sg;pl,tweets,Festivales antes que vat@s.,vatx,vatxs
vecinito,vecinita,vecinit@,vecinitos,vecinitas,vecinit@s,sg;pl,tweets,"Diablos, vecinit@ https://t.co/UYPLKmAjOH",vecinitx,vecinitxs
vecino,vecina,vecin@,vecinos,vecinas,vecin@s,sg;pl,both,Si tengo vecin@ de número en wssp,vecinx,vecinxs
vegano,vegana,vegan@,veganos,veganas,vegan@s,sg;pl,both,@milimina13 @MayAraya07 L@s vegan@s,veganx,veganxs
vegetariano,vegetariana,vegetarian@,vegetarianos,vegetarianas,vegetarian@s,sg;pl,tweets,@CNNChile Atentos Vegetarian@s y Vegan@s !!,vegetarianx,vegetarianxs
vendedor,vendedora,vendedor@,vendedores,vendedoras,vendedor@s,sg;pl,tweets,Vendedor@s de Cosmética (Catalogo) https://t.co/xyEGCsDgv9,vendedorx,vendedorxs
veneco,veneca,venec@,venecos,venecas,venec@s,sg;pl,tweets,Venec@s roba maridos 🙊😂 https://t.co/fwnPC2iw79,venecx,venecxs
venezolano,venezolana,venezolan@,venezolanos,venezolanas,venezolan@s,sg;pl,tweets,.@VTVcanal8 basta de violencia contra el pueblo contra tod@s los venezolan@s,venezolanx,venezolanxs
veracruzano,veracruzana,veracruzan@,veracruzanos,veracruzanas,veracruzan@s,pl,tweets,Amig@s veracruzan@s ojo! https://t.co/dph9Hwuk2p,veracruzanx,veracruzanxs
vergo,verga,verg@,vergos,vergas,verg@s,sg;pl,tweets,@ChilangoChoco Don verg@s,vergx,vergxs
verito,verita,verit@,veritos,veritas,verit@s,sg,tweets,@LOVREGA Tarde verit@ muy tarde.,veritx,veritxs
vero,vera,ver@,veros,veras,ver@s,sg,tweets,@OiesamamadaZac Ver@#,verx,verxs
vestido,vestida,vestid@,vestidos,vestidas,vestid@s,pl,tweets,Se Vienen Temblores. Duerman Vestid@s.,vestidx,vestidxs
veterano,veterana,veteran@,veteranos,veteranas,veteran@s,pl,tweets,Estrenan cédulas y se creen veteran@s.,veteranx,veteranxs
veterinario,veterinaria,veterinari@,veterinarios,veterinarias,veterinari@s,sg;pl,tweets,@izkia @Emol Y los veterinari@s?,veterinarix,veterinarixs
viajero,viajera,viajer@,viajeros,viajeras,viajer@s,sg;pl,tweets,Quiero ser viajer@ por siempre 😍✈️🙃🌎🎒,viajerx,viajerxs
viceministro,viceministra,viceministr@,viceministros,viceministras,viceministr@s,pl,tweets,No sé cómo le irá a Katleen Levy pero da felicidad que una joven ocupe la Vicepresidencia ¡Quisiera Viceministr@s y Vicealcalde(sa) jóvenes!,viceministrx,viceministrxs
viciosillo,viciosilla,viciosill@,viciosillos,viciosillas,viciosill@s,pl,tweets,Buenas tardes Viciosill@s...🔥🔥🔥🔥 https://t.co/7noT79b3AV,viciosillx,viciosillxs
vicioso,viciosa,vicios@,viciosos,viciosas,vicios@s,pl,tweets,Y ahora crucero? Vicios@s! 😂😂😂😂😂 #FirstDates24F,viciosx,viciosxs
vid,vida,vid@,vides,vidas,vid@s,sg,tweets,Que vizaje de la vid@.,vidx,vidxs
vidao,vidaa,vida@,vidaos,vidaas,vida@s,sg,tweets,Era penal toda la vida@,vidax,vidaxs
viejito,viejita,viejit@,viejitos,viejitas,viejit@s,sg;pl,tweets,@lem_yam Vida de viejit@s,viejitx,viejitxs
viejo,vieja,viej@,viejos,viejas,viej@s,sg;pl,tweets,MG y te hago viej@,viejx,viejxs
villano,villana,villan@,villanos,villanas,villan@s,sg;pl,tweets,@zeyhas_ Top 10 villan@s (?),villanx,villanxs
violado,violada,violad@,violados,violadas,violad@s,sg,tweets,El consentimiento para ser violad@ solo existe en el uberrimo. https://t.co/zX99C9L7Jf,violadx,violadxs
violento,violenta,violent@,violentos,violentas,violent@s,pl,tweets,"La calor l@s pone violent@s, sino no se explica",violentx,violentxs
virgo,virga,virg@,virgos,virgas,virg@s,sg;pl,tweets,cuant@s virg@s,virgx,virgxs
visotro,visotra,visotr@,visotros,visotras,visotr@s,pl,tweets,@AbdonaNoel @luismerlo_actor Buenas tardes!! Gracias siempre a visotr@s!! Feliz 😁 día !!,visotrx,visotrxs
viudo,viuda,viud@,viudos,viudas,viud@s,sg;pl,tweets,Cuant@s viud@s de Suarez culiaaa. Dejá...,viudx,viudxs
vividor,vividora,vividor@,vividores,vividoras,vividor@s,pl,tweets,No se como les da para ser tan vividor@s,vividorx,vividorxs
vocero,vocera,vocer@,voceros,voceras,vocer@s,sg;pl,tweets,El vocer@ misógino Bose: de Chilezuela. https://t.co/oPv0yTQQHi,vocerx,vocerxs
vodotro,vodotra,vodotr@,vodotros,vodotras,vodotr@s,pl,tweets,Nunca os dejaremos siempre con vodotr@s #Equiparacionya @jusapol @jusapolsocial https://t.co/rX7uOC14I2,vodotrx,vodotrxs
voluntario,voluntaria,voluntari@,voluntarios,voluntarias,voluntari@s,sg;pl,tweets,Buscan voluntari@s https://t.co/mst5aHLy36,voluntarix,voluntarixs
voluntarioso,voluntariosa,voluntarios@,voluntariosos,voluntariosas,voluntarios@s,pl,tweets,Voluntarios@s brindan seguridad a feligreses #CaminataSegura https://t.co/Me46Pi97nt,voluntariosx,voluntariosxs
vosoto,vosota,vosot@,vosotos,vosotas,vosot@s,pl,tweets,Si yo me lo como vosot@s tb.,vosotx,vosotxs
vrgo,vrga,vrg@,vrgos,vrgas,vrg@s,sg,tweets,"@nayibbukele Ya nos llevo la vrg@, 😵",vrgx,vrgxs
vándalo,vándala,vándal@,vándalos,vándalas,vándal@s,pl,tweets,@periodicoam Mendigos vándal@s,vándalx,vándalxs
wacho,wacha,wach@,wachos,wachas,wach@s,sg;pl,tweets,Volviii wach@s😅,wachx,wachxs
wanderino,wanderina,wanderin@,wanderinos,wanderinas,wanderin@s,pl,tweets,Con todas y todos mañana!!!!! Ayuda de Wanderin@s para Wanderin@s!!! https://t.co/lk2drTVdI7,wanderinx,wanderinxs
wapo,wapa,wap@,wapos,wapas,wap@s,sg;pl,tweets,Hola wap@s :7,wapx,wapxs
xenófobo,xenófoba,xenófob@,xenófobos,xenófobas,xenófob@s,pl,tweets,@elangel_deltwit @20m xenófob@s seguramente como sus padres,xenófobx,xenófobxs
xico,xica,xic@,xicos,xicas,xic@s,pl,tweets,Venga xic@s una semana mas y 🎉🎊🎉🎊,xicx,xicxs
xuxo,xuxa,xux@,xuxos,xuxas,xux@s,sg,tweets,Salsaaaaaa Xux@,xuxx,xuxxs
yayo,yaya,yay@,yayos,yayas,yay@s,sg;pl,tweets,Soy mi abuela yay@,yayx,yayxs
zagalico,zagalica,zagalic@,zagalicos,zagalicas,zagalic@s,pl,tweets,"Buenos días zagalic@s!!!!! Amos a por el miércoles, hostiaaaaaa!!!!!!",zagalicx,zagalicxs
zamorano,zamorana,zamoran@,zamoranos,zamoranas,zamoran@s,pl,tweets,Este discurso si me representa. ¡¡¡Feliz Navidad a todos los zamoran@s!!! https://t.co/MSbIG06em4,zamoranx,zamoranxs
zaragozano,zaragozana,zaragozan@,zaragozanos,zaragozanas,zaragozan@s,pl,tweets,@Jorge_Azcon Felíz Navidad y próspero 2019 a tod@s zaragozan@s y a toda gente de bien.,zaragozanx,zaragozanxs
zorrito,zorrita,zorrit@,zorritos,zorritas,zorrit@s,pl,tweets,Buenos días mis zorrit@s del demoño 🥰✨ ! https://t.co/OG24RQuubG,zorritx,zorritxs
zorro,zorra,zorr@,zorros,zorras,zorr@s,sg;pl,tweets,REVIVI ZORR@S.,zorrx,zorrxs
zurdo,zurda,zurd@,zurdos,zurdas,zurd@s,sg;pl,both,¿Usted es zurd@?,zurdx,zurdxs
zángano,zángana,zangan@,zánganos,zánganas,zangan@s,pl,tweets,@Extremaestafa Menudos zangan@s!,zanganx,zanganxs
ángel,angela,angel@,angeles,angelas,angel@s,sg,tweets,@mikiot2018 es un angel@,angelx,angelxs
árbitro,árbitra,árbitr@,árbitros,árbitras,árbitr@s,sg;pl,tweets,Y cuando una final con una mujer árbitr@? Eh? Se va a acabar el fútbol patriarcal.,árbitrx,árbitrxs
ídolo,ídola,idol@,ídolos,ídolas,idol@s,sg;pl,tweets,@urieelsolis idol@,idolx,idolxs
ñero,ñera,ñer@,ñeros,ñeras,ñer@s,pl,tweets,Barrancabermeja esta cundida de meros ñer@s.,ñerx,ñerxs
ñublensino,ñublensina,ñublensin@,ñublensinos,ñublensinas,ñublensin@s,pl,tweets,"¡PRÓXIMO PARTIDO! Grupo TX nos recuerda que este sábado, a las 15:30, Ñublense recibirá en el Infierno de Chillán 🔥👹a @curicounidocdp en una nueva edición de El Clásico 👊🏻. ¡Dejen un comentario, Ñublensin@s 😈! #PasiónyDescontrol https://t.co/6Gij3Ud6a5",ñublensinx,ñublensinxs
